class,split,file,source,hash
Buffalo_Banni,test,test\Buffalo_Banni\b17c6cdfe3237973.jpg,Dataset\Buffalo Breeds\Banni\Banni_54.jpg,b17c6cdfe3237973d4606be963985043e7d341dce21b30bf68d9885697ce6c7d
Buffalo_Banni,test,test\Buffalo_Banni\023fca7c6a8e8cea.jpg,Dataset\Buffalo Breeds\Banni\Banni_107.jpg,023fca7c6a8e8ceac3e57449b41a48a64dd86300b7a8d706d7dd4c1f772b9e65
Buffalo_Banni,test,test\Buffalo_Banni\bf5b19ceb646f7ef.jpg,Dataset\Buffalo Breeds\Banni\Banni_10.jpg,bf5b19ceb646f7efcd6f466a5bc181d293144005b4e3d94b8e6f3b76ff14a62e
Buffalo_Banni,test,test\Buffalo_Banni\305fd69f102f5d9c.jpg,Dataset\Buffalo Breeds\Banni\Banni_60.jpg,305fd69f102f5d9ce53101eeba373b33588a8a6f4417996b05f034f80e9751ad
Buffalo_Banni,test,test\Buffalo_Banni\51a9142b272cb72a.jpg,Dataset\Buffalo Breeds\Banni\Banni_94.jpg,51a9142b272cb72aa601d613cf4f0db5f6d5ffb988130a22bc20dea4b8196462
Buffalo_Banni,test,test\Buffalo_Banni\2a3684807e9fa97d.jpg,Dataset\Buffalo Breeds\Banni\Banni_14.jpg,2a3684807e9fa97df3134b632fc97b2986f69658602ca03fc3e57f90a7bf17ad
Buffalo_Banni,test,test\Buffalo_Banni\eccb0a1e1d6493b9.jpg,Dataset\Buffalo Breeds\Banni\Banni_57.jpg,eccb0a1e1d6493b91161bb19d6134bfcb968e6dfc5e56210b78d947bd338ce37
Buffalo_Banni,test,test\Buffalo_Banni\01852c37a3006dd8.jpg,Dataset\Buffalo Breeds\Banni\Banni_62.jpg,01852c37a3006dd88266024172c1ed649cd55693c371c3a9a551b2ba3e83278c
Buffalo_Banni,test,test\Buffalo_Banni\af0f8eda116967a3.jpg,Dataset\Buffalo Breeds\Banni\Banni_79.png,af0f8eda116967a351ad3da607656ea8ff1a995282e1582b38f5b9d3b3239fb4
Buffalo_Banni,test,test\Buffalo_Banni\8ed87cf0abdf60cf.jpg,Dataset\Buffalo Breeds\Banni\Banni_24.jpg,8ed87cf0abdf60cf759fa70c09fa5fb6a2d9958eea5a2066063722485421bd29
Buffalo_Banni,test,test\Buffalo_Banni\66daebb1dd42b25c.jpg,Dataset\Buffalo Breeds\Banni\Banni_78.jpg,66daebb1dd42b25c3ae5a049a3455709ad24eeb0d3602633de4de9f0c56cbe74
Buffalo_Banni,test,test\Buffalo_Banni\51e4ed93aa1058b6.jpg,Dataset\Buffalo Breeds\Banni\Banni_99.jpg,51e4ed93aa1058b650e937768d44c9ab60900d430fcb8f6a528a08a6f4b6654a
Buffalo_Banni,test,test\Buffalo_Banni\5a358871f5978fee.jpg,Dataset\Buffalo Breeds\Banni\Banni_28.jpg,5a358871f5978feec33e60795d84f66c92bebead7427c46bcc44bc21f18aed40
Buffalo_Banni,test,test\Buffalo_Banni\e84e729a21fc2e0c.jpg,Dataset\Buffalo Breeds\Banni\Banni_3.jpg,e84e729a21fc2e0c4f6af0c4242a632521b771e657af164b38b8c411caebbce3
Buffalo_Banni,test,test\Buffalo_Banni\f528c48451b45364.jpg,Dataset\Buffalo Breeds\Banni\Banni_63.jpg,f528c48451b453649b807fa8474af42f5f86fac605ca70ff0baf7cced69c8ad4
Buffalo_Banni,test,test\Buffalo_Banni\ffa47e00ee74aaa5.jpg,Dataset\Buffalo Breeds\Banni\Banni_40.jpg,ffa47e00ee74aaa54276ad02a69b1a22c7be42932b967ce5a8030df59f6ade71
Buffalo_Banni,val,val\Buffalo_Banni\78631c392e833837.jpg,Dataset\Buffalo Breeds\Banni\Banni_55.jpg,78631c392e83383784fea35c24eda3ff4e1d1dff1d3def7f122265e4b9680690
Buffalo_Banni,val,val\Buffalo_Banni\08d59540a8d473a5.jpg,Dataset\Buffalo Breeds\Banni\Banni_76.jpg,08d59540a8d473a5a8fa0c68afd9ded3e5816ce276213d9f2752bb0f899f70ee
Buffalo_Banni,val,val\Buffalo_Banni\dee29dc53b533679.jpg,Dataset\Buffalo Breeds\Banni\Banni_74.jpg,dee29dc53b533679ba641c2c32ef383ea80cbce36444f401dd942174b247ce6b
Buffalo_Banni,val,val\Buffalo_Banni\80caa480792f3fe9.jpg,Dataset\Buffalo Breeds\Banni\Banni_46.jpg,80caa480792f3fe971162834a8b0e1e736089bed116f12fc87d1cc97c9224a4a
Buffalo_Banni,val,val\Buffalo_Banni\5631dde8ce556813.jpg,Dataset\Buffalo Breeds\Banni\Banni_43.jpg,5631dde8ce556813ef7b3611a0e5c4cabe26fcfdeb076bd1d1502fd82b2a6626
Buffalo_Banni,val,val\Buffalo_Banni\b5391aba169046cb.jpg,Dataset\Buffalo Breeds\Banni\Banni_59.jpg,b5391aba169046cb4290265c875f668e6b282d4abf77a2009342b2a1bbb0aa6e
Buffalo_Banni,val,val\Buffalo_Banni\dcba443c58cb57ce.jpg,Dataset\Buffalo Breeds\Banni\Banni_65.jpg,dcba443c58cb57ce44191344c370b617c0e01dbd4a37eb920df5ff0facdb8f45
Buffalo_Banni,val,val\Buffalo_Banni\8204fffa157c2f0f.jpg,Dataset\Buffalo Breeds\Banni\Banni_39.jpg,8204fffa157c2f0f40cff9d29bfebd52a4bbb700bbddeab704f24652aa8a192c
Buffalo_Banni,val,val\Buffalo_Banni\2d0792b8b1bc1504.jpg,Dataset\Buffalo Breeds\Banni\Banni_69.jpg,2d0792b8b1bc150490dc1fecb7fe460dba7fb0e5406a75f95661ee629e6f1e3c
Buffalo_Banni,val,val\Buffalo_Banni\2b96a20d73fb35e3.jpg,Dataset\Buffalo Breeds\Banni\Banni_73.jpg,2b96a20d73fb35e330e05c9894d0ff71112e19ece74e209d209d458a0e625207
Buffalo_Banni,val,val\Buffalo_Banni\2faeec3c506ca0e7.jpg,Dataset\Buffalo Breeds\Banni\Banni_56.jpg,2faeec3c506ca0e7f1d1e05cf675287c3faa602cd75cc2b4dec704ddac443c3a
Buffalo_Banni,val,val\Buffalo_Banni\e7080d7aff35ede8.jpg,Dataset\Buffalo Breeds\Banni\Banni_106.jpg,e7080d7aff35ede813348a689540f3505e2a94901325aec24ff5fe7ef13df5a1
Buffalo_Banni,val,val\Buffalo_Banni\d7c7daeff744f19e.jpg,Dataset\Buffalo Breeds\Banni\Banni_2.jpg,d7c7daeff744f19e923eb7fe63baecd93859eddea33656d11583ca1fa5a511c3
Buffalo_Banni,val,val\Buffalo_Banni\27ae895d3e65655b.jpg,Dataset\Buffalo Breeds\Banni\Banni_34.jpg,27ae895d3e65655b1c3564e7000662481855798de68d4740a00caf6c21b6dc1a
Buffalo_Banni,val,val\Buffalo_Banni\15718cd399254a66.jpg,Dataset\Buffalo Breeds\Banni\Banni_61.JPG,15718cd399254a6644e49c0fe40651692142927441d9741a01af8f0eeab87b8f
Buffalo_Banni,val,val\Buffalo_Banni\d3d09d09ef939767.jpg,Dataset\Buffalo Breeds\Banni\Banni_30.jpg,d3d09d09ef9397678507ecc69caaffe4f58afbd07ad7ba282c0d6c1db4d28398
Buffalo_Banni,train,train\Buffalo_Banni\2f42dbce0e42bd98.jpg,Dataset\Buffalo Breeds\Banni\Banni_108.jpg,2f42dbce0e42bd980f4e157871dbff6ce93ade66ed7a1d9cff712ef081e0c4f2
Buffalo_Banni,train,train\Buffalo_Banni\9ced7253a3c1b501.jpg,Dataset\Buffalo Breeds\Banni\Banni_51.jpg,9ced7253a3c1b501b71ba1ce45522e6db462c4c786add10d3d732b390dadc027
Buffalo_Banni,train,train\Buffalo_Banni\864ec294d85bd7c5.jpg,Dataset\Buffalo Breeds\Banni\Banni_50.jpg,864ec294d85bd7c50c48b96131deea929ba49cb190280610fe0ba57b1791a623
Buffalo_Banni,train,train\Buffalo_Banni\c2e3185688bdb1ba.jpg,Dataset\Buffalo Breeds\Banni\Banni_92.jpg,c2e3185688bdb1ba836c68b68af0b86455b56890e76f458fda060b99312fc6de
Buffalo_Banni,train,train\Buffalo_Banni\fbd5c73da9df0fd4.jpg,Dataset\Buffalo Breeds\Banni\Banni_48.jpg,fbd5c73da9df0fd4c8954670bd9ae8904b981b59b43b7a3c7170b51676bc55fd
Buffalo_Banni,train,train\Buffalo_Banni\afcbd24d1fd63776.jpg,Dataset\Buffalo Breeds\Banni\Banni_104.jpg,afcbd24d1fd637762c17f91789ee4a70784e47a5547456f19a3b96e4dfa2c9b0
Buffalo_Banni,train,train\Buffalo_Banni\8aa5734aa1359501.jpg,Dataset\Buffalo Breeds\Banni\Banni_38.jpg,8aa5734aa1359501122495edf66e06cefe2d56475686429818c79647560b2151
Buffalo_Banni,train,train\Buffalo_Banni\def3967ea58fbb75.jpg,Dataset\Buffalo Breeds\Banni\Banni_53.jpg,def3967ea58fbb75f419048fb20b83fb46fdd6e63eafd790d7bf89e7f1929228
Buffalo_Banni,train,train\Buffalo_Banni\04262c172102e5a6.jpg,Dataset\Buffalo Breeds\Banni\Banni_45.jpg,04262c172102e5a6cd2b967f5a35adc80d1aa1ce3fc4529c99e0fff024dbf507
Buffalo_Banni,train,train\Buffalo_Banni\6e0d5eafab72f2ef.jpg,Dataset\Buffalo Breeds\Banni\Banni_98.jpg,6e0d5eafab72f2ef84638be643f9320d2ff03a60443bcff9ff99368c1e2973cb
Buffalo_Banni,train,train\Buffalo_Banni\8ebc071d66a13ebc.jpg,Dataset\Buffalo Breeds\Banni\Banni_72.jpg,8ebc071d66a13ebcc76543f65ebf81a5dad6dfe2f702938fe92579b9db4e83d9
Buffalo_Banni,train,train\Buffalo_Banni\8c514995cee1062c.jpg,Dataset\Buffalo Breeds\Banni\Banni_84.jpg,8c514995cee1062cd7d6185a6e972c0ded486417fc98163b675e4aed6b9d5197
Buffalo_Banni,train,train\Buffalo_Banni\dc234ddbeb15e5ce.jpg,Dataset\Buffalo Breeds\Banni\Banni_9.jpg,dc234ddbeb15e5cee6ccdfd0d4afa48d842a10cd65a8aaf24244930d985e250d
Buffalo_Banni,train,train\Buffalo_Banni\19bba879068694f0.jpg,Dataset\Buffalo Breeds\Banni\Banni_33.png,19bba879068694f03613b021ee5c95512334d5a1eaf6d692a77dbd02ee2c8625
Buffalo_Banni,train,train\Buffalo_Banni\17c2c579fb4f41d6.jpg,Dataset\Buffalo Breeds\Banni\Banni_21.jpg,17c2c579fb4f41d628ba80144b6a7d19de218ebdf992577dd9217525055fbd54
Buffalo_Banni,train,train\Buffalo_Banni\1540ddfbf4e6a20c.jpg,Dataset\Buffalo Breeds\Banni\Banni_36.jpg,1540ddfbf4e6a20c6b06815fd537d48eed336436787dae009c4e4c52e7d34d96
Buffalo_Banni,train,train\Buffalo_Banni\f053e7b2f2d436f3.jpg,Dataset\Buffalo Breeds\Banni\Banni_37.jpg,f053e7b2f2d436f3339b454f8df8b11fe727d07aae8626069f7b857f72a5c1b0
Buffalo_Banni,train,train\Buffalo_Banni\886bb43ef061d976.jpg,Dataset\Buffalo Breeds\Banni\Banni_17.jpg,886bb43ef061d976d5d9b38f362e6ff307e7974808dc491a7d7dd96ae40c9455
Buffalo_Banni,train,train\Buffalo_Banni\34b2bf77ad109f33.jpg,Dataset\Buffalo Breeds\Banni\Banni_77.jpg,34b2bf77ad109f33a4dc265e7d26c02ee0ea2400fddbb2559e586678e4bdec62
Buffalo_Banni,train,train\Buffalo_Banni\c9e8e5aa8fbdb1a6.jpg,Dataset\Buffalo Breeds\Banni\Banni_103.jpg,c9e8e5aa8fbdb1a6d5ae2f318cd6847c0f9bc59cc9eeab0fd4b6bed0c6569df4
Buffalo_Banni,train,train\Buffalo_Banni\9eb3e2b54b2f6471.jpg,Dataset\Buffalo Breeds\Banni\Banni_22.jpg,9eb3e2b54b2f64715ba8035c0dc6f417c158f39266e834f828a392a3e3106c90
Buffalo_Banni,train,train\Buffalo_Banni\df4403a2559a18c0.jpg,Dataset\Buffalo Breeds\Banni\Banni_105.jpg,df4403a2559a18c03e03b3342103e70c6d20fc770acc4a392120c3838613f0b7
Buffalo_Banni,train,train\Buffalo_Banni\5501dadcd73a3b61.jpg,Dataset\Buffalo Breeds\Banni\Banni_31.JPG,5501dadcd73a3b614bd46fb59542a46a96da32de9d569ebb5fcef2d8179b3ed4
Buffalo_Banni,train,train\Buffalo_Banni\8be40c9909c8f673.jpg,Dataset\Buffalo Breeds\Banni\Banni_80.jpg,8be40c9909c8f673330a551e292eca5d74f588ce24f57bf33f5590d398cf44c9
Buffalo_Banni,train,train\Buffalo_Banni\1ade8a2d59f969eb.jpg,Dataset\Buffalo Breeds\Banni\Banni_42.jpg,1ade8a2d59f969eb9b3f83204efcf015615615bd00aab0ade849fe53cad21b91
Buffalo_Banni,train,train\Buffalo_Banni\615a0f0df5251703.jpg,Dataset\Buffalo Breeds\Banni\Banni_100.jpg,615a0f0df525170354fec5190ff2fdbb3e9bbd3cb6a1ad34ca9b03789421fff9
Buffalo_Banni,train,train\Buffalo_Banni\2ce1fe341cf77b9e.jpg,Dataset\Buffalo Breeds\Banni\Banni_47.jpg,2ce1fe341cf77b9eaf0df7b6f0f7859e771d4560cbaaae109a5bd8059e82bdbd
Buffalo_Banni,train,train\Buffalo_Banni\52f88f448e1e0ff2.jpg,Dataset\Buffalo Breeds\Banni\Banni_15.jpg,52f88f448e1e0ff242796c39dc6b2b7d2c140d061e64630ef98b0e0ac75fbe08
Buffalo_Banni,train,train\Buffalo_Banni\adea758bde3cef3e.jpg,Dataset\Buffalo Breeds\Banni\Banni_35.jpg,adea758bde3cef3e3923f5b8db10b37684184be0e8f5417167ae96ffe82d52db
Buffalo_Banni,train,train\Buffalo_Banni\1c783385d77e675a.jpg,Dataset\Buffalo Breeds\Banni\Banni_20.jpg,1c783385d77e675ab68eb91bce97eba12322517e8924908fbce2f6364346e8e6
Buffalo_Banni,train,train\Buffalo_Banni\581940d44dd832e8.jpg,Dataset\Buffalo Breeds\Banni\Banni_68.jpg,581940d44dd832e83f23d878d6b71fdc7e3510f70e52726fd57cb63362963e46
Buffalo_Banni,train,train\Buffalo_Banni\a4fa3d7d2fa6ace9.jpg,Dataset\Buffalo Breeds\Banni\Banni_41.jpg,a4fa3d7d2fa6ace9d1ccccc076761bc8abfc58617c88bec7fadb2a530e68d404
Buffalo_Banni,train,train\Buffalo_Banni\55e469c6fc935195.jpg,Dataset\Buffalo Breeds\Banni\Banni_11.jpg,55e469c6fc9351954808539b57265b84433fcbfdae7e7224e3f1578bd4dd0c33
Buffalo_Banni,train,train\Buffalo_Banni\2705561135266c91.jpg,Dataset\Buffalo Breeds\Banni\Banni_44.jpg,2705561135266c916be08af740d8d12613e3eaee7a1a782234b9b525e457c15a
Buffalo_Banni,train,train\Buffalo_Banni\8838166c75b0369d.jpg,Dataset\Buffalo Breeds\Banni\Banni_82.jpg,8838166c75b0369d8528d361f07c7fca6b6e1ae48ccdadcc639df2fc1df5a085
Buffalo_Banni,train,train\Buffalo_Banni\5ff7e77557622b26.jpg,Dataset\Buffalo Breeds\Banni\Banni_90.jpg,5ff7e77557622b26880d7a28eb739d6e8c34072081d44778dd8e3d4ec989ec67
Buffalo_Banni,train,train\Buffalo_Banni\e39041e0e59e70f4.jpg,Dataset\Buffalo Breeds\Banni\Banni_67.jpg,e39041e0e59e70f4e31d5846134196101c22f117472baa56010deadac9d11345
Buffalo_Banni,train,train\Buffalo_Banni\d8427e6f9ae577b7.jpg,Dataset\Buffalo Breeds\Banni\Banni_81.jpg,d8427e6f9ae577b700f37195ee0419a88d1bdb6031e8fcd5b460317561f9830f
Buffalo_Banni,train,train\Buffalo_Banni\bb1e41717f80e338.jpg,Dataset\Buffalo Breeds\Banni\Banni_18.jpg,bb1e41717f80e3387169d438d4f91daced2b12351b9d20446f0c84948b456acc
Buffalo_Banni,train,train\Buffalo_Banni\b1c91092d33c66a9.jpg,Dataset\Buffalo Breeds\Banni\Banni_70.jpg,b1c91092d33c66a98fe1139e43cfe6157bfaadd486c8021e704c8117c62d839c
Buffalo_Banni,train,train\Buffalo_Banni\e420e4c83ac07c95.jpg,Dataset\Buffalo Breeds\Banni\Banni_4.jpg,e420e4c83ac07c95c7bf57d3e61f3b24ae42b46b3d83fb59a3acaff87ba7d951
Buffalo_Banni,train,train\Buffalo_Banni\6fce0f2568cf5af3.jpg,Dataset\Buffalo Breeds\Banni\Banni_85.jpg,6fce0f2568cf5af3fc97820bfcdc6254ecdcbb56d30e75dc40203d2db4b11ddb
Buffalo_Banni,train,train\Buffalo_Banni\b36712a72ca5d5df.jpg,Dataset\Buffalo Breeds\Banni\Banni_19.jpg,b36712a72ca5d5df55a1f70da084f54401dc7eefe3651c9d59f5566cc48e8909
Buffalo_Banni,train,train\Buffalo_Banni\47a228aab887dd6a.jpg,Dataset\Buffalo Breeds\Banni\Banni_1.png,47a228aab887dd6a424187d824cd182280b26fee27d351d526a8e02cde221ef9
Buffalo_Banni,train,train\Buffalo_Banni\1269cdf9ca7d061d.jpg,Dataset\Buffalo Breeds\Banni\Banni_95.jpg,1269cdf9ca7d061d10b717c6d1c23ad167a24e515ad7ca2a516149dc97da74e3
Buffalo_Banni,train,train\Buffalo_Banni\6624b8f4954ca63a.jpg,Dataset\Buffalo Breeds\Banni\Banni_86.jpg,6624b8f4954ca63a558cd4d22003135db780676df0dca0fb59b5d9a34de958db
Buffalo_Banni,train,train\Buffalo_Banni\cd871bf5a4f1f135.jpg,Dataset\Buffalo Breeds\Banni\Banni_52.jpg,cd871bf5a4f1f135a5fd9e770f20877411de51d7fd89155eed84e13bb6a063da
Buffalo_Banni,train,train\Buffalo_Banni\5192b5dc746d533f.jpg,Dataset\Buffalo Breeds\Banni\Banni_93.jpg,5192b5dc746d533f5ed90b0c0defe845a9c9364e6a1cb3285f87e4fb3c930fe6
Buffalo_Banni,train,train\Buffalo_Banni\eaaf41cc97e86061.jpg,Dataset\Buffalo Breeds\Banni\Banni_49.jpg,eaaf41cc97e8606113a939611fa1c901de03897b8749cde0b69ada6901f09849
Buffalo_Banni,train,train\Buffalo_Banni\8b05c00997451d0d.jpg,Dataset\Buffalo Breeds\Banni\Banni_88.jpg,8b05c00997451d0d6297570837b67c765685c7a90c74230c5f387ea33f7ed658
Buffalo_Banni,train,train\Buffalo_Banni\9474239ea8069fd8.jpg,Dataset\Buffalo Breeds\Banni\Banni_23.png,9474239ea8069fd80b17b9ee2891bc629a34b10b7744dcec9b06c7a09789549b
Buffalo_Banni,train,train\Buffalo_Banni\e76b2dfd1e9f0795.jpg,Dataset\Buffalo Breeds\Banni\Banni_66.jpg,e76b2dfd1e9f07951c5aa61d36a9891a756d04009f6921a03b228637c5a7e8e0
Buffalo_Banni,train,train\Buffalo_Banni\b40b8398916afeea.jpg,Dataset\Buffalo Breeds\Banni\Banni_83.jpg,b40b8398916afeeab471859c592315a1e4f7e966b8d99c35fd56bb182722ff6b
Buffalo_Banni,train,train\Buffalo_Banni\4665c26fa118f59c.jpg,Dataset\Buffalo Breeds\Banni\Banni_71.jpg,4665c26fa118f59cd06b1ecea8b03b4a3a8b338280c78457b66df83f4661a79a
Buffalo_Banni,train,train\Buffalo_Banni\1aceda60958ee8e8.jpg,Dataset\Buffalo Breeds\Banni\Banni_6.JPG,1aceda60958ee8e81d0054f05952abb89db3fe7eefe4d3f5e5d8eb23c23b6e2b
Buffalo_Banni,train,train\Buffalo_Banni\54e537c4171449db.jpg,Dataset\Buffalo Breeds\Banni\Banni_27.jpg,54e537c4171449dbe631c965fc0df2620a77ccf7b3edd93429f5f4c2f5fa17c3
Buffalo_Banni,train,train\Buffalo_Banni\3eb2128ca1221a07.jpg,Dataset\Buffalo Breeds\Banni\Banni_25.jpg,3eb2128ca1221a073e6f73fb6f97ca83927fc8046d208162f6b7378a10f459af
Buffalo_Banni,train,train\Buffalo_Banni\f160f38e8d635e98.jpg,Dataset\Buffalo Breeds\Banni\Banni_89.jpg,f160f38e8d635e988ccbe4a6f6ab5139b4252b5583398e23bea05ea1669991c8
Buffalo_Banni,train,train\Buffalo_Banni\5f8b769ccc7577f5.jpg,Dataset\Buffalo Breeds\Banni\Banni_97.jpg,5f8b769ccc7577f5b8febe6fc4ee7bcce9b9d75bd1ee9058ccd32c3a58df3888
Buffalo_Banni,train,train\Buffalo_Banni\7e15eca8bd02b6a0.jpg,Dataset\Buffalo Breeds\Banni\Banni_102.jpg,7e15eca8bd02b6a0ce4d552cecf77db263696c718768de4619fbcfc2c66c64ec
Buffalo_Banni,train,train\Buffalo_Banni\c5759ab60ccc0832.jpg,Dataset\Buffalo Breeds\Banni\Banni_5.jpg,c5759ab60ccc08322419f91cdf049373ebcc9c7046fa78f1b76990d8542368c6
Buffalo_Banni,train,train\Buffalo_Banni\c1c1358deb9c9379.jpg,Dataset\Buffalo Breeds\Banni\Banni_7.jpeg,c1c1358deb9c9379d3d4b3ce58b5cf28fa3788b0372f12b0821146ce6b0afadc
Buffalo_Banni,train,train\Buffalo_Banni\7febc97e05c623b0.jpg,Dataset\Buffalo Breeds\Banni\Banni_109.jpg,7febc97e05c623b0494bf5471f8a9aae0d6d8495e8dfc909cb11803a7b3703be
Buffalo_Banni,train,train\Buffalo_Banni\5476e2d91eeeab16.jpg,Dataset\Buffalo Breeds\Banni\Banni_64.jpg,5476e2d91eeeab1653afea1c899aa13aeff5adb6ded7878a06655da65340cd87
Buffalo_Banni,train,train\Buffalo_Banni\7a25de392bfe1be7.jpg,Dataset\Buffalo Breeds\Banni\Banni_91.jpg,7a25de392bfe1be74edf5bb1c85771f83936533b4488d7c9bda0e6d2243bc03e
Buffalo_Banni,train,train\Buffalo_Banni\caf51e03981d4efa.jpg,Dataset\Buffalo Breeds\Banni\Banni_8.png,caf51e03981d4efad69d5f8ca93f7791f422e9b1798834a1070f0ccdfa566a21
Buffalo_Banni,train,train\Buffalo_Banni\08525fbcbf268d61.jpg,Dataset\Buffalo Breeds\Banni\Banni_12.jpg,08525fbcbf268d61d18115315a72b2e3b316184a1a8be3b3a0f2208a10d700c7
Buffalo_Banni,train,train\Buffalo_Banni\2d06840d2c8ea170.jpg,Dataset\Buffalo Breeds\Banni\Banni_96.jpeg,2d06840d2c8ea170ebdb2ea659fb4a40f1d8e45299dd75aae68e74980f30a646
Buffalo_Banni,train,train\Buffalo_Banni\27aa154547a0dcef.jpg,Dataset\Buffalo Breeds\Banni\Banni_16.jpg,27aa154547a0dcef1e8d47dc58009b5c796b4895225aaceb14c5f96b0cee08ab
Buffalo_Banni,train,train\Buffalo_Banni\d7e9d9879a1b066c.jpg,Dataset\Buffalo Breeds\Banni\Banni_26.jpg,d7e9d9879a1b066cfeb200c8afad1c6f1fd1af8eddfc05e9185ee324fb3cb182
Buffalo_Banni,train,train\Buffalo_Banni\f2954cd3941b26d8.jpg,Dataset\Buffalo Breeds\Banni\Banni_29.jpg,f2954cd3941b26d89a25153857b019c0c4df3e731d906e67a9eae17b6a983eef
Buffalo_Banni,train,train\Buffalo_Banni\9eefdb55cfe896b1.jpg,Dataset\Buffalo Breeds\Banni\Banni_32.gif,9eefdb55cfe896b1fb4c2c9bb9056ab269666ed6bef2c2c220f44a7e553797a5
Buffalo_Banni,train,train\Buffalo_Banni\fc0c852cc1ff906b.jpg,Dataset\Buffalo Breeds\Banni\Banni_87.jpg,fc0c852cc1ff906b95a12a6cbab161715c4a8566035794f99c87dcbe74811d5a
Buffalo_Banni,train,train\Buffalo_Banni\31081e48a5d982b4.jpg,Dataset\Buffalo Breeds\Banni\Banni_101.jpg,31081e48a5d982b409213cb7f97c8a30baba02c4692b7c51ea45ca339902d683
Buffalo_Banni,train,train\Buffalo_Banni\5d9b62fc40828ee7.jpg,Dataset\Buffalo Breeds\Banni\Banni_13.jpg,5d9b62fc40828ee709e4e1cde0d3404e54c461f513a3d271507c1fcaef7980d3
Buffalo_Banni,train,train\Buffalo_Banni\d865d1241b8f8739.jpg,Dataset\Buffalo Breeds\Banni\Banni_75.jpg,d865d1241b8f873929a3ca346a48b1d1d8572b88e409e3363321fe7656ea1b78
Buffalo_Bhadawari,test,test\Buffalo_Bhadawari\ca7068e641a28fc2.jpg,Dataset\Buffalo Breeds\Bhadawari\Bhadawari_11.jpg,ca7068e641a28fc2e7fbc3c05b6b2346efef5bf8a59fb8f45797e2ebd7114d05
Buffalo_Bhadawari,test,test\Buffalo_Bhadawari\d172c3ac59280fd1.jpg,Dataset\Buffalo Breeds\Bhadawari\Bhadawari_22.jpg,d172c3ac59280fd1160505043cce60978d8639a9bd64306b75adf8902ea7a6c5
Buffalo_Bhadawari,test,test\Buffalo_Bhadawari\10b58ff8a42a1cfb.jpg,Dataset\Buffalo Breeds\Bhadawari\Bhadawari_20.jpg,10b58ff8a42a1cfb24737d7e4614544a20fce85ff504d3a14c8a1cd61e45e0c5
Buffalo_Bhadawari,test,test\Buffalo_Bhadawari\397932c6d718390b.jpg,Dataset\Buffalo Breeds\Bhadawari\Bhadawari_63.jpg,397932c6d718390b50c0ff4d553a28da81ad44b94899b027dbb472f9aab3d85e
Buffalo_Bhadawari,test,test\Buffalo_Bhadawari\f690531ef06d65c1.jpg,Dataset\Buffalo Breeds\Bhadawari\Bhadawari_17.jpg,f690531ef06d65c19e5ad4fe699da9617b2ed57f60f17b7ccc24a449edc537d0
Buffalo_Bhadawari,test,test\Buffalo_Bhadawari\f042eec67dd6452f.jpg,Dataset\Buffalo Breeds\Bhadawari\Bhadawari_42.jpg,f042eec67dd6452f80d73a13df0da6ec94fb3550ce71f5e7448e66896f82c964
Buffalo_Bhadawari,test,test\Buffalo_Bhadawari\314d735296aebde7.jpg,Dataset\Buffalo Breeds\Bhadawari\Bhadawari_3.jpg,314d735296aebde781de38745742666b6e1a5f37c18308f29a8666c5799a521a
Buffalo_Bhadawari,test,test\Buffalo_Bhadawari\e934fd50488b5406.jpg,Dataset\Buffalo Breeds\Bhadawari\Bhadawari_76.jpg,e934fd50488b540610d8832415d096d788197d23f379136047b3e8b1f39bdefb
Buffalo_Bhadawari,test,test\Buffalo_Bhadawari\21ec0333d984a191.jpg,Dataset\Buffalo Breeds\Bhadawari\Bhadawari_73.jpg,21ec0333d984a1912b725fe96cc14c9c94303024f6be5aff7af72d2b2dc4030b
Buffalo_Bhadawari,test,test\Buffalo_Bhadawari\3f708e39d2b08ef7.jpg,Dataset\Buffalo Breeds\Bhadawari\Bhadawari_21.jpg,3f708e39d2b08ef77660a27d4bd121e7593a0159a6ddb8e1897556688d435667
Buffalo_Bhadawari,test,test\Buffalo_Bhadawari\0bbd99bc0f9ea19e.jpg,Dataset\Buffalo Breeds\Bhadawari\Bhadawari_10.jpg,0bbd99bc0f9ea19efd98ec7022e54d8071f1e1a1b69e75c8f0bd73c651dd9a63
Buffalo_Bhadawari,test,test\Buffalo_Bhadawari\f81f38fc5f30de0e.jpg,Dataset\Buffalo Breeds\Bhadawari\Bhadawari_23.jpg,f81f38fc5f30de0ef7dbb796944e362d1b358c3a72ec9278529d47fb15a6d36c
Buffalo_Bhadawari,test,test\Buffalo_Bhadawari\955cd1ff2be0d8e0.jpg,Dataset\Buffalo Breeds\Bhadawari\Bhadawari_45.jpg,955cd1ff2be0d8e0c4436f8d5e78abc0785cd8447cd298f9663bca1fb598fd8d
Buffalo_Bhadawari,val,val\Buffalo_Bhadawari\e0806e81091aa439.jpg,Dataset\Buffalo Breeds\Bhadawari\Bhadawari_61.jpg,e0806e81091aa4391106b7f106d43e5643a3ec2866a34031c1647eba4c287024
Buffalo_Bhadawari,val,val\Buffalo_Bhadawari\e77c7ce502de9d72.jpg,Dataset\Buffalo Breeds\Bhadawari\Bhadawari_32.jpg,e77c7ce502de9d72edbb24532c526bb4eb1eadad4a30dfe17c993acc65328fd0
Buffalo_Bhadawari,val,val\Buffalo_Bhadawari\9caf83b7813bcb66.jpg,Dataset\Buffalo Breeds\Bhadawari\Bhadawari_48.jpg,9caf83b7813bcb66ac2ff712e119812a6f708c6361eb7c49e86881764e17ec9c
Buffalo_Bhadawari,val,val\Buffalo_Bhadawari\ab363fcddb030294.jpg,Dataset\Buffalo Breeds\Bhadawari\Bhadawari_30.jpg,ab363fcddb030294287a9059ff85fb1e2503c59d0244c0961f56c0c79955288d
Buffalo_Bhadawari,val,val\Buffalo_Bhadawari\a9697f5b53824205.jpg,Dataset\Buffalo Breeds\Bhadawari\Bhadawari_47.jpg,a9697f5b5382420558dd16050e0bc0b3b551205e4a44ee923d163a911577af1f
Buffalo_Bhadawari,val,val\Buffalo_Bhadawari\6d033e1a9b152af6.jpg,Dataset\Buffalo Breeds\Bhadawari\Bhadawari_14.jpg,6d033e1a9b152af60cc588ca93c7f029300c0739b79537022d46201d3914e400
Buffalo_Bhadawari,val,val\Buffalo_Bhadawari\b548b314ca18e196.jpg,Dataset\Buffalo Breeds\Bhadawari\Bhadawari_78.jpg,b548b314ca18e196bc0894f86dcd26355817ae53cfc3a2991ff07bf3f7ec57e1
Buffalo_Bhadawari,val,val\Buffalo_Bhadawari\2a09b46f88e253d4.jpg,Dataset\Buffalo Breeds\Bhadawari\Bhadawari_58.jpg,2a09b46f88e253d462e7f9145ab556557c60808fd49f2c2c3977aedb800af225
Buffalo_Bhadawari,val,val\Buffalo_Bhadawari\5cf514b7d9a44647.jpg,Dataset\Buffalo Breeds\Bhadawari\Bhadawari_7.jpg,5cf514b7d9a44647ba646c514e18cb77afbedd29ff42d87a4482c972a80a77ed
Buffalo_Bhadawari,val,val\Buffalo_Bhadawari\739796cd5234b434.jpg,Dataset\Buffalo Breeds\Bhadawari\Bhadawari_27.jpg,739796cd5234b4342b6f4e296861ea3dc6a91acb475503cbe91a717d6daaefe7
Buffalo_Bhadawari,val,val\Buffalo_Bhadawari\ddd9273daabdcbbf.jpg,Dataset\Buffalo Breeds\Bhadawari\Bhadawari_37.jpg,ddd9273daabdcbbf84ebe825330114140a91f1b6d6c67c8ab22945226e9bbdac
Buffalo_Bhadawari,val,val\Buffalo_Bhadawari\c4c22431ab4275f8.jpg,Dataset\Buffalo Breeds\Bhadawari\Bhadawari_33.jpg,c4c22431ab4275f88f18f1891fa9bfb6a122246d6bc6a1e5841ffbb2f7136f0e
Buffalo_Bhadawari,val,val\Buffalo_Bhadawari\a21dd1cbd36112d0.jpg,Dataset\Buffalo Breeds\Bhadawari\Bhadawari_64.jpg,a21dd1cbd36112d01f55cc2c974a8ae817c158e131d9d083af3fddaef0c15958
Buffalo_Bhadawari,train,train\Buffalo_Bhadawari\c598c61b18d10620.jpg,Dataset\Buffalo Breeds\Bhadawari\Bhadawari_28.jpg,c598c61b18d1062027f312ad5e615892fa378e77efa63d99f62dc252426418bf
Buffalo_Bhadawari,train,train\Buffalo_Bhadawari\8d7d62910ac42a66.jpg,Dataset\Buffalo Breeds\Bhadawari\Bhadawari_43.jpg,8d7d62910ac42a664ec8e32a576aeb8eb00e972f66edcd631bb8c73106d417d0
Buffalo_Bhadawari,train,train\Buffalo_Bhadawari\8c7ac3f4409ee59b.jpg,Dataset\Buffalo Breeds\Bhadawari\Bhadawari_12.jpg,8c7ac3f4409ee59b12fbce91ae14197b6d83c1283151c7de01414ecf053adc78
Buffalo_Bhadawari,train,train\Buffalo_Bhadawari\69f701d5e280dfde.jpg,Dataset\Buffalo Breeds\Bhadawari\Bhadawari_72.jpg,69f701d5e280dfde5c923d18cc8ff97fced230b4dd9c342d01e44b6315b6ff25
Buffalo_Bhadawari,train,train\Buffalo_Bhadawari\21776c03dc2388eb.jpg,Dataset\Buffalo Breeds\Bhadawari\Bhadawari_53.jpg,21776c03dc2388eb8c37f333641e11185fee20e6566a6a06afddba4115aa64d5
Buffalo_Bhadawari,train,train\Buffalo_Bhadawari\7b3c2548f1a93cd0.jpg,Dataset\Buffalo Breeds\Bhadawari\Bhadawari_68.jpg,7b3c2548f1a93cd0b0d76df1c67527a5e36361741cb3ef6a0482be279c605ec0
Buffalo_Bhadawari,train,train\Buffalo_Bhadawari\ed8e9f988d0c444c.jpg,Dataset\Buffalo Breeds\Bhadawari\Bhadawari_39.jpg,ed8e9f988d0c444c68636d2812587061de3f37fc8e80305f62cbbab09bdb4192
Buffalo_Bhadawari,train,train\Buffalo_Bhadawari\af4dd5620c62dbc6.jpg,Dataset\Buffalo Breeds\Bhadawari\Bhadawari_52.jpg,af4dd5620c62dbc6931a8110fc09ff735bd35395ffd09cef1d463e5568290063
Buffalo_Bhadawari,train,train\Buffalo_Bhadawari\5820639255ddaa55.jpg,Dataset\Buffalo Breeds\Bhadawari\Bhadawari_50.jpg,5820639255ddaa55fa9e78e77102938a54238fdbefceff78f841bbb5dd2dab5b
Buffalo_Bhadawari,train,train\Buffalo_Bhadawari\57bfa464d4f1904f.jpg,Dataset\Buffalo Breeds\Bhadawari\Bhadawari_54.jpg,57bfa464d4f1904f35e4a3d3cb1ff5bca51ded98b6ce3b92d8356c016774dd98
Buffalo_Bhadawari,train,train\Buffalo_Bhadawari\31a62136385dd4bc.jpg,Dataset\Buffalo Breeds\Bhadawari\Bhadawari_81.jpg,31a62136385dd4bc06ee33064476245e74c0c8b6ea50714434c5c69631c134e6
Buffalo_Bhadawari,train,train\Buffalo_Bhadawari\a063c84235a3a77b.jpg,Dataset\Buffalo Breeds\Bhadawari\Bhadawari_66.jpg,a063c84235a3a77bebb0be57dd4b7c977e15b783aab70dfa21a7b2c403e6d0cf
Buffalo_Bhadawari,train,train\Buffalo_Bhadawari\7ad73b26daf02a82.jpg,Dataset\Buffalo Breeds\Bhadawari\Bhadawari_80.jpg,7ad73b26daf02a8269e0eaedecaf52e90b07b464d0af460ce120b840a0f6acff
Buffalo_Bhadawari,train,train\Buffalo_Bhadawari\e24fed8112f51027.jpg,Dataset\Buffalo Breeds\Bhadawari\Bhadawari_5.jpg,e24fed8112f5102727a70e830331e7abe7546ac2541bae6c5fe65dfdd5374232
Buffalo_Bhadawari,train,train\Buffalo_Bhadawari\7c5fee7f3f30ed6d.jpg,Dataset\Buffalo Breeds\Bhadawari\Bhadawari_29.jpg,7c5fee7f3f30ed6d4008d97acaae3b63503606783101ff2ae9d1264becd8f3dc
Buffalo_Bhadawari,train,train\Buffalo_Bhadawari\f732e86083ad5b36.jpg,Dataset\Buffalo Breeds\Bhadawari\Bhadawari_70.jpg,f732e86083ad5b3681a34e10b7d5ceb9e74c5f572d56062adf22e90ac0b825b1
Buffalo_Bhadawari,train,train\Buffalo_Bhadawari\71345189a6b2e073.jpg,Dataset\Buffalo Breeds\Bhadawari\Bhadawari_40.jpg,71345189a6b2e073a89a2f721e783078622bc7597fc50cfc0308faad6203da95
Buffalo_Bhadawari,train,train\Buffalo_Bhadawari\94fe4c4e5a3742a4.jpg,Dataset\Buffalo Breeds\Bhadawari\Bhadawari_65.jpg,94fe4c4e5a3742a41d35bfe2fd3dd2b5217fba3b28606f3e29b1b00b335a11f2
Buffalo_Bhadawari,train,train\Buffalo_Bhadawari\291ef2f54f93913c.jpg,Dataset\Buffalo Breeds\Bhadawari\Bhadawari_60.jpg,291ef2f54f93913c755b94e3ab1192e1f539274355b4ef33a49c7af04e676e6e
Buffalo_Bhadawari,train,train\Buffalo_Bhadawari\a5516a8892973172.jpg,Dataset\Buffalo Breeds\Bhadawari\Bhadawari_1.jpg,a5516a8892973172608f07766c067bea0b546ef6148a363709fc35f4fa425f35
Buffalo_Bhadawari,train,train\Buffalo_Bhadawari\b8c2c1b8b3c5f01f.jpg,Dataset\Buffalo Breeds\Bhadawari\Bhadawari_41.jpg,b8c2c1b8b3c5f01f7d5a2e2f09113b5e216c1a0b9880bde58f240cd396c35be5
Buffalo_Bhadawari,train,train\Buffalo_Bhadawari\077fd24be9637dc9.jpg,Dataset\Buffalo Breeds\Bhadawari\Bhadawari_24.jpg,077fd24be9637dc9dcbd3d710c51a6631389007126afcd749f1c1c100de3c167
Buffalo_Bhadawari,train,train\Buffalo_Bhadawari\0f585517a4c8cb3e.jpg,Dataset\Buffalo Breeds\Bhadawari\Bhadawari_86.jpg,0f585517a4c8cb3e4a0fc77795b14c6cf41b31719e3d63e45597fec5b358b6b8
Buffalo_Bhadawari,train,train\Buffalo_Bhadawari\7870b80ec52abee1.jpg,Dataset\Buffalo Breeds\Bhadawari\Bhadawari_36.jpg,7870b80ec52abee11b4b595157d1bacc7f0e8b5f4be35770c4716801f78d3183
Buffalo_Bhadawari,train,train\Buffalo_Bhadawari\2ae4265e26d5d443.jpg,Dataset\Buffalo Breeds\Bhadawari\Bhadawari_77.jpg,2ae4265e26d5d443f1127d902dd7314a1b5e448b3b68c3f37897d9d15098faa2
Buffalo_Bhadawari,train,train\Buffalo_Bhadawari\34048372d86f9d1f.jpg,Dataset\Buffalo Breeds\Bhadawari\Bhadawari_57.jpg,34048372d86f9d1f10a38b7a3744769de925747254d8e6b7d43ede05b2f07bcf
Buffalo_Bhadawari,train,train\Buffalo_Bhadawari\4e81e3d941b9c29f.jpg,Dataset\Buffalo Breeds\Bhadawari\Bhadawari_31.jpg,4e81e3d941b9c29f3e3a18993de22865c1647a9c973f8db1eef5b3525a0a86a9
Buffalo_Bhadawari,train,train\Buffalo_Bhadawari\6fca8c0e395a5988.jpg,Dataset\Buffalo Breeds\Bhadawari\Bhadawari_13.jpg,6fca8c0e395a5988faa6cc5b1f0f25ffe2f4743d24d18f0c62d260f6c84b9081
Buffalo_Bhadawari,train,train\Buffalo_Bhadawari\3f459e5fa036b0bd.jpg,Dataset\Buffalo Breeds\Bhadawari\Bhadawari_44.jpg,3f459e5fa036b0bd59e9150ed93f1f697e320bf4b5ad1bc91969c30e81008d6c
Buffalo_Bhadawari,train,train\Buffalo_Bhadawari\37694bd91adc41d1.jpg,Dataset\Buffalo Breeds\Bhadawari\Bhadawari_84.jpg,37694bd91adc41d1712219222aae3e2bd5e03596fdc9c9bfd618869527fdba50
Buffalo_Bhadawari,train,train\Buffalo_Bhadawari\a080754e67b71316.jpg,Dataset\Buffalo Breeds\Bhadawari\Bhadawari_49.jpg,a080754e67b71316852b0126cc852231f8313443e451a80425574845e8089b1e
Buffalo_Bhadawari,train,train\Buffalo_Bhadawari\b15dd4b40ea692eb.jpg,Dataset\Buffalo Breeds\Bhadawari\Bhadawari_82.jpg,b15dd4b40ea692eb3ad1d6dcdea31cf0a49707ed55518e5afbbe882c19e73e51
Buffalo_Bhadawari,train,train\Buffalo_Bhadawari\d91421245d2a0e24.jpg,Dataset\Buffalo Breeds\Bhadawari\Bhadawari_19.jpg,d91421245d2a0e24ce7946274f4e89443a33c98026e9cedc38828145b7c92a5d
Buffalo_Bhadawari,train,train\Buffalo_Bhadawari\b4d94cb44e67d905.jpg,Dataset\Buffalo Breeds\Bhadawari\Bhadawari_85.jpg,b4d94cb44e67d90524e1a29c294184854a793ba5a8f909ac3f36d23b97f3f24b
Buffalo_Bhadawari,train,train\Buffalo_Bhadawari\2f84f3476fe98e9d.jpg,Dataset\Buffalo Breeds\Bhadawari\Bhadawari_18.jpg,2f84f3476fe98e9de1eee96f6f8e9d62f75924afa245f085770de3dd632c2e5c
Buffalo_Bhadawari,train,train\Buffalo_Bhadawari\a7650771e7cfbf2d.jpg,Dataset\Buffalo Breeds\Bhadawari\Bhadawari_16.jpg,a7650771e7cfbf2d1d4ddbbae6bd44722e9314c4fa94939d4f2195740de81004
Buffalo_Bhadawari,train,train\Buffalo_Bhadawari\5c0f0dd5ca2b1827.jpg,Dataset\Buffalo Breeds\Bhadawari\Bhadawari_6.jpg,5c0f0dd5ca2b18273f2bd11b38e637cb2064c286b17b5d9457666508feda40fd
Buffalo_Bhadawari,train,train\Buffalo_Bhadawari\7dfa94dd16866452.jpg,Dataset\Buffalo Breeds\Bhadawari\Bhadawari_15.jpg,7dfa94dd1686645288cd6f4c4130e97f869e0552c586716d617f876f63a451a5
Buffalo_Bhadawari,train,train\Buffalo_Bhadawari\5412728f4dbdd9f0.jpg,Dataset\Buffalo Breeds\Bhadawari\Bhadawari_2.jpg,5412728f4dbdd9f00bc38ff8fd1b4a2d77bfc625a8d31f68c316b31544eba131
Buffalo_Bhadawari,train,train\Buffalo_Bhadawari\fdff1b3395753980.jpg,Dataset\Buffalo Breeds\Bhadawari\Bhadawari_83.jpg,fdff1b339575398034291fac831f0911a0a999c4398a14599cb8376ce4423036
Buffalo_Bhadawari,train,train\Buffalo_Bhadawari\b1e982b873b54d11.jpg,Dataset\Buffalo Breeds\Bhadawari\Bhadawari_69.jpg,b1e982b873b54d11a05fa3e15d7079a21b644d336a3f93c3b65246a8a4a40526
Buffalo_Bhadawari,train,train\Buffalo_Bhadawari\f363c40f75a78fd9.jpg,Dataset\Buffalo Breeds\Bhadawari\Bhadawari_79.jpg,f363c40f75a78fd92e676a8c3b9c485c48c76e53ec5f8b4d24adcc92f29f48d1
Buffalo_Bhadawari,train,train\Buffalo_Bhadawari\e37f34af89476cf9.jpg,Dataset\Buffalo Breeds\Bhadawari\Bhadawari_35.jpg,e37f34af89476cf9e0eb6d9eb4f5d2e2331e423b563b1fd56e8af1a95d9684a7
Buffalo_Bhadawari,train,train\Buffalo_Bhadawari\4c800a8da10fe03d.jpg,Dataset\Buffalo Breeds\Bhadawari\Bhadawari_51.jpg,4c800a8da10fe03db289ec08c318906e6264460d8f85c3e4ee1a45420eec3837
Buffalo_Bhadawari,train,train\Buffalo_Bhadawari\f7926fe06de3a63f.jpg,Dataset\Buffalo Breeds\Bhadawari\Bhadawari_56.jpg,f7926fe06de3a63faea0256a1be45518798fa7af9399db4d6cbad7b908b1e5ba
Buffalo_Bhadawari,train,train\Buffalo_Bhadawari\816c1f8784d7560e.jpg,Dataset\Buffalo Breeds\Bhadawari\Bhadawari_59.jpg,816c1f8784d7560ee6943bd7c3edd0d569e3bba1687da8457c5ce2daaf6bb0dc
Buffalo_Bhadawari,train,train\Buffalo_Bhadawari\e08057928d983ded.jpg,Dataset\Buffalo Breeds\Bhadawari\Bhadawari_8.jpg,e08057928d983ded0537f186b192bbfe29e8affb4d570184f2a607e8aa72a7d3
Buffalo_Bhadawari,train,train\Buffalo_Bhadawari\991ba11004da039b.jpg,Dataset\Buffalo Breeds\Bhadawari\Bhadawari_71.jpg,991ba11004da039ba73113f461ee71d812c3227a8f568ba37d1f6fe3591048ac
Buffalo_Bhadawari,train,train\Buffalo_Bhadawari\9fc10d7b3a2669f7.jpg,Dataset\Buffalo Breeds\Bhadawari\Bhadawari_74.jpg,9fc10d7b3a2669f76480b127f2fc6d3152488a725931c090011f76b6ea4ecfc3
Buffalo_Bhadawari,train,train\Buffalo_Bhadawari\f5772707cf7004bc.jpg,Dataset\Buffalo Breeds\Bhadawari\Bhadawari_38.jpg,f5772707cf7004bc8bae88d38295b35f0596ddb4f4e3da65bc25e8e660aa6791
Buffalo_Bhadawari,train,train\Buffalo_Bhadawari\4f7e8685a37bb879.jpg,Dataset\Buffalo Breeds\Bhadawari\Bhadawari_25.jpg,4f7e8685a37bb87936eb7a88a998fa77a0c8f0de49b7629056fd14d49c8ee074
Buffalo_Bhadawari,train,train\Buffalo_Bhadawari\e538b4fabc43d410.jpg,Dataset\Buffalo Breeds\Bhadawari\Bhadawari_4.jpg,e538b4fabc43d41017cb4ffb38afcfdef5a57f4c5d22bc860ed324fc9358bdd8
Buffalo_Bhadawari,train,train\Buffalo_Bhadawari\41ea9a2d3cff9dca.jpg,Dataset\Buffalo Breeds\Bhadawari\Bhadawari_26.jpg,41ea9a2d3cff9dca2c59eb14184a9a407850568d864f01076deb0b6fa032d70b
Buffalo_Bhadawari,train,train\Buffalo_Bhadawari\49ffe455f53e2e4f.jpg,Dataset\Buffalo Breeds\Bhadawari\Bhadawari_62.jpg,49ffe455f53e2e4f53c640ee40ea4c41309de18fc15507b4a40edb544876e56e
Buffalo_Bhadawari,train,train\Buffalo_Bhadawari\85e347ac532e2631.jpg,Dataset\Buffalo Breeds\Bhadawari\Bhadawari_55.jpg,85e347ac532e2631fdc06097903d7a56e056d63226452d94de19ea7e8fa9158a
Buffalo_Bhadawari,train,train\Buffalo_Bhadawari\b34b4ceb1eae56d6.jpg,Dataset\Buffalo Breeds\Bhadawari\Bhadawari_67.jpg,b34b4ceb1eae56d6bb34d1f43b273019e7321dc4bf5ed4c34712054367afe4b5
Buffalo_Bhadawari,train,train\Buffalo_Bhadawari\f8ec83f56276d131.jpg,Dataset\Buffalo Breeds\Bhadawari\Bhadawari_9.jpg,f8ec83f56276d131070561c493e89d38f17d433f89865f1b409f3fc5ab2993ed
Buffalo_Bhadawari,train,train\Buffalo_Bhadawari\9bfff0300d11722b.jpg,Dataset\Buffalo Breeds\Bhadawari\Bhadawari_46.jpg,9bfff0300d11722bafdaec8760449c27c1931e5b3992499ff6427fd6409061e3
Buffalo_Bhadawari,train,train\Buffalo_Bhadawari\9f577c07cba502fe.jpg,Dataset\Buffalo Breeds\Bhadawari\Bhadawari_75.jpg,9f577c07cba502fe39536f3ae69c4488e46198774fc4ed90debe6bbaf2c9414d
Buffalo_Bhadawari,train,train\Buffalo_Bhadawari\bf932cd498a05459.jpg,Dataset\Buffalo Breeds\Bhadawari\Bhadawari_34.jpg,bf932cd498a0545907c1cf7cb38c80f226563ced2ea06b1b876f443784c93c40
Buffalo_Jaffrabadi,test,test\Buffalo_Jaffrabadi\5671ac315d1ed850.jpg,Dataset\Buffalo Breeds\Jaffrabadi\Jaffrabadi_9.jpg,5671ac315d1ed850edfdd07da32886e27ce775d8ce060e120af9b3c7f2235152
Buffalo_Jaffrabadi,test,test\Buffalo_Jaffrabadi\dce6bec44e6e2772.jpg,Dataset\Buffalo Breeds\Jaffrabadi\Jaffrabadi_27.png,dce6bec44e6e27721a106c5e714402e28cd7a2678cca8ff8ae7471a4e27cceab
Buffalo_Jaffrabadi,test,test\Buffalo_Jaffrabadi\16e8db83c01c0221.jpg,Dataset\Buffalo Breeds\Jaffrabadi\Jaffrabadi_90.jpg,16e8db83c01c02212a8a433bf2df60d1c43eda3e4ef97efb2f5d48fe904c68b0
Buffalo_Jaffrabadi,test,test\Buffalo_Jaffrabadi\0c401f871c0efb7e.jpg,Dataset\Buffalo Breeds\Jaffrabadi\Jaffrabadi_47.jpg,0c401f871c0efb7edf86ec315d96b1557f272ec5f9885e2fe106f4259977965f
Buffalo_Jaffrabadi,test,test\Buffalo_Jaffrabadi\33a042ee3a707cbb.jpg,Dataset\Buffalo Breeds\Jaffrabadi\Jaffrabadi_28.jpg,33a042ee3a707cbbd08e4f3e245b2d6101eb772a633d6c8a73a58a30a3baefeb
Buffalo_Jaffrabadi,test,test\Buffalo_Jaffrabadi\e0375b2095aa14e9.jpg,Dataset\Buffalo Breeds\Jaffrabadi\Jaffrabadi_16.png,e0375b2095aa14e9488cca86161ac76d766b63973be5a1f206af3d10578bccfe
Buffalo_Jaffrabadi,test,test\Buffalo_Jaffrabadi\6c0039afa2ea22f0.jpg,Dataset\Buffalo Breeds\Jaffrabadi\Jaffrabadi_22.jpg,6c0039afa2ea22f0ae7097fb9caae5d5e0b048bd32c8880a73bb378814821699
Buffalo_Jaffrabadi,test,test\Buffalo_Jaffrabadi\a923e908ddb042ff.jpg,Dataset\Buffalo Breeds\Jaffrabadi\Jaffrabadi_24.png,a923e908ddb042fff0fb9ed23264275944b8c4b52ff51bb568bd03457c4f16b0
Buffalo_Jaffrabadi,test,test\Buffalo_Jaffrabadi\a09070e51c803f0f.jpg,Dataset\Buffalo Breeds\Jaffrabadi\Jaffrabadi_86.jpg,a09070e51c803f0ffea8718881aeaead6612cbb7972abe8d0c9ce1cfe49d8e15
Buffalo_Jaffrabadi,test,test\Buffalo_Jaffrabadi\1c95ece52bf1eb66.jpg,Dataset\Buffalo Breeds\Jaffrabadi\Jaffrabadi_23.png,1c95ece52bf1eb66c5f9f3a0deb866c3279e64f2559023b1b171ccf5f90bc55b
Buffalo_Jaffrabadi,test,test\Buffalo_Jaffrabadi\98d4a258fa68f10c.jpg,Dataset\Buffalo Breeds\Jaffrabadi\Jaffrabadi_95.jpg,98d4a258fa68f10cda8c08e831177aa69b0e9d4d214068bd8d1ef73b5a9e24ab
Buffalo_Jaffrabadi,test,test\Buffalo_Jaffrabadi\06e4e4ae111dd651.jpg,Dataset\Buffalo Breeds\Jaffrabadi\Jaffrabadi_82.jpg,06e4e4ae111dd651da675e8d08a4852a7e228d6a57cea2735f191d96f2fda689
Buffalo_Jaffrabadi,test,test\Buffalo_Jaffrabadi\cdea731f361392b1.jpg,Dataset\Buffalo Breeds\Jaffrabadi\Jaffrabadi_98.jpeg,cdea731f361392b18eea9784b61142cdfa40bd87fa55db7445c166739123d8ce
Buffalo_Jaffrabadi,test,test\Buffalo_Jaffrabadi\ef761b14d8917392.jpg,Dataset\Buffalo Breeds\Jaffrabadi\Jaffrabadi_42.png,ef761b14d8917392c19391bd7b81b818739b6b0e51cc87d8cbcb701564c7a497
Buffalo_Jaffrabadi,test,test\Buffalo_Jaffrabadi\3aa821539367cdb8.jpg,Dataset\Buffalo Breeds\Jaffrabadi\Jaffrabadi_15.png,3aa821539367cdb8cca2478ba62621e86fab0b9bd38dfde6a4a223a48caab16e
Buffalo_Jaffrabadi,val,val\Buffalo_Jaffrabadi\e1501fe042f62ffd.jpg,Dataset\Buffalo Breeds\Jaffrabadi\Jaffrabadi_10.png,e1501fe042f62ffd8fb12c408440940cf63aa29ad4f278ca6368fb9466c44a45
Buffalo_Jaffrabadi,val,val\Buffalo_Jaffrabadi\c7a47e8f23a61c1f.jpg,Dataset\Buffalo Breeds\Jaffrabadi\Jaffrabadi_56.jpg,c7a47e8f23a61c1f963ce03c549307834d2229d457a398d3ec51fc3e5d057d3e
Buffalo_Jaffrabadi,val,val\Buffalo_Jaffrabadi\4b8f46019e7019d9.jpg,Dataset\Buffalo Breeds\Jaffrabadi\Jaffrabadi_84.png,4b8f46019e7019d981df17c7b6ccb0ccd0c50fafd1b0974dbe0b9295e0af25f3
Buffalo_Jaffrabadi,val,val\Buffalo_Jaffrabadi\532dd1bc9a483797.jpg,Dataset\Buffalo Breeds\Jaffrabadi\Jaffrabadi_61.jpeg,532dd1bc9a483797d9bfde52d8c5dd4b7135ba76e3b125126afee9c9fed65f1a
Buffalo_Jaffrabadi,val,val\Buffalo_Jaffrabadi\0eecf3129c28590d.jpg,Dataset\Buffalo Breeds\Jaffrabadi\Jaffrabadi_74.jpg,0eecf3129c28590d0f0e2a5880acf30dea451cdfa6bdf3070dd21f564cc9af7b
Buffalo_Jaffrabadi,val,val\Buffalo_Jaffrabadi\4175f2f921d2e3ae.jpg,Dataset\Buffalo Breeds\Jaffrabadi\Jaffrabadi_83.jpg,4175f2f921d2e3aebedeee6c2ec40279fafcddd620e2d4e69c70ad1f9b41d7b3
Buffalo_Jaffrabadi,val,val\Buffalo_Jaffrabadi\21d42772a0692aa8.jpg,Dataset\Buffalo Breeds\Jaffrabadi\Jaffrabadi_40.png,21d42772a0692aa80e6a5af5dcb7a3afc1c9fafc7c097b93863fe829b2a27e4a
Buffalo_Jaffrabadi,val,val\Buffalo_Jaffrabadi\23e479dfe54057a0.jpg,Dataset\Buffalo Breeds\Jaffrabadi\Jaffrabadi_55.jpg,23e479dfe54057a0954a88fab3b8e328c5267c6ca930d4c3665c25ff8e19053e
Buffalo_Jaffrabadi,val,val\Buffalo_Jaffrabadi\262228301ebe6b8b.jpg,Dataset\Buffalo Breeds\Jaffrabadi\Jaffrabadi_103.jpg,262228301ebe6b8bd25264c1724551ef8eae38922b5d58477d461cf614bc0b89
Buffalo_Jaffrabadi,val,val\Buffalo_Jaffrabadi\e20318475589836f.jpg,Dataset\Buffalo Breeds\Jaffrabadi\Jaffrabadi_88.jpg,e20318475589836fe10fb212f5d3570355ed7de7783709c0020ce6fbdcba21ed
Buffalo_Jaffrabadi,val,val\Buffalo_Jaffrabadi\0161862b56ef562f.jpg,Dataset\Buffalo Breeds\Jaffrabadi\Jaffrabadi_93.jpg,0161862b56ef562fcaedcd3af2c438bbace817111bf8521c28cb2a7bba9ca3a6
Buffalo_Jaffrabadi,val,val\Buffalo_Jaffrabadi\e435fe1c92baefcf.jpg,Dataset\Buffalo Breeds\Jaffrabadi\Jaffrabadi_19.png,e435fe1c92baefcf0a06b76abe6188cff1127071abab7e6f207275207d5ca61b
Buffalo_Jaffrabadi,val,val\Buffalo_Jaffrabadi\fac6d01981b7c7a1.jpg,Dataset\Buffalo Breeds\Jaffrabadi\Jaffrabadi_8.png,fac6d01981b7c7a1b2ac3f7f2de975790de0fac06a4a6a247616da6348bdffce
Buffalo_Jaffrabadi,val,val\Buffalo_Jaffrabadi\411ea781e9a14506.jpg,Dataset\Buffalo Breeds\Jaffrabadi\Jaffrabadi_4.png,411ea781e9a145062a5d94bf0884e3e6090ffba9a2568dd86be836f9fb34717c
Buffalo_Jaffrabadi,val,val\Buffalo_Jaffrabadi\8ae8bec0c3219158.jpg,Dataset\Buffalo Breeds\Jaffrabadi\Jaffrabadi_65.jpg,8ae8bec0c3219158d0ef64f20e0580ed541ce33a6635abcf32eae6fc49390d2e
Buffalo_Jaffrabadi,train,train\Buffalo_Jaffrabadi\58c1e9eadcb79fdb.jpg,Dataset\Buffalo Breeds\Jaffrabadi\Jaffrabadi_80.jpg,58c1e9eadcb79fdb046251107890f6741e2aa9ec6dc2ec6884662e2abeaa9f62
Buffalo_Jaffrabadi,train,train\Buffalo_Jaffrabadi\4fdbee558a98baa2.jpg,Dataset\Buffalo Breeds\Jaffrabadi\Jaffrabadi_38.png,4fdbee558a98baa282b0e9f9d1797f23292bc88efc367f6589982f71e278222a
Buffalo_Jaffrabadi,train,train\Buffalo_Jaffrabadi\990759b31e86585b.jpg,Dataset\Buffalo Breeds\Jaffrabadi\Jaffrabadi_63.png,990759b31e86585b0515ce5ab5747689ae89ee30ae43eb9954b41b7e3f8dca19
Buffalo_Jaffrabadi,train,train\Buffalo_Jaffrabadi\fe2d1a12d929c40d.jpg,Dataset\Buffalo Breeds\Jaffrabadi\Jaffrabadi_94.jpg,fe2d1a12d929c40dc008ca541399a7470389dff466c17aa7a8ed8af411a6422c
Buffalo_Jaffrabadi,train,train\Buffalo_Jaffrabadi\8c3bcee6406a30af.jpg,Dataset\Buffalo Breeds\Jaffrabadi\Jaffrabadi_51.jpg,8c3bcee6406a30af7d8c5ffe4fe5b82fb5e079557f5e944a285ebda5b84b39bd
Buffalo_Jaffrabadi,train,train\Buffalo_Jaffrabadi\2d79a2f8ad1973db.jpg,Dataset\Buffalo Breeds\Jaffrabadi\Jaffrabadi_81.jpg,2d79a2f8ad1973dbd7db3d42aa3f0f78e666c109bd6393704f5ff7f028b99b8f
Buffalo_Jaffrabadi,train,train\Buffalo_Jaffrabadi\7504549fe7edd95f.jpg,Dataset\Buffalo Breeds\Jaffrabadi\Jaffrabadi_101.jpg,7504549fe7edd95ffedc046370db1a954d659a41b8534bb6ea2bb391c60af406
Buffalo_Jaffrabadi,train,train\Buffalo_Jaffrabadi\6cfc7855addb2b85.jpg,Dataset\Buffalo Breeds\Jaffrabadi\Jaffrabadi_68.jpg,6cfc7855addb2b85630989cfbdbd56e2f9e02c80cd1500e6876840bea3ff7d48
Buffalo_Jaffrabadi,train,train\Buffalo_Jaffrabadi\ac51dbe728461f65.jpg,Dataset\Buffalo Breeds\Jaffrabadi\Jaffrabadi_48.png,ac51dbe728461f651e0cca6f1ca25c8d29c9d856ae2e5edfe6eae5cad64f69bb
Buffalo_Jaffrabadi,train,train\Buffalo_Jaffrabadi\a503c81436ea3886.jpg,Dataset\Buffalo Breeds\Jaffrabadi\Jaffrabadi_44.jpg,a503c81436ea38865634fb8fee069831c066323774dae42510aa8d4fe54c2047
Buffalo_Jaffrabadi,train,train\Buffalo_Jaffrabadi\4e47c97d2f2a5e41.jpg,Dataset\Buffalo Breeds\Jaffrabadi\Jaffrabadi_26.jpg,4e47c97d2f2a5e416cc9a23603ceac62c0119a8e5c02b44509408db68906a6d5
Buffalo_Jaffrabadi,train,train\Buffalo_Jaffrabadi\89376745d542e2f0.jpg,Dataset\Buffalo Breeds\Jaffrabadi\Jaffrabadi_87.jpg,89376745d542e2f0d3ac22bf1a490360dcbcfb665743d406e53dcbba1e29f1a0
Buffalo_Jaffrabadi,train,train\Buffalo_Jaffrabadi\bd95e1d052dd85ae.jpg,Dataset\Buffalo Breeds\Jaffrabadi\Jaffrabadi_75.jpg,bd95e1d052dd85ae906cb5530efcc3edb4def4b3bb5ea190b12d6a3dea8d0d81
Buffalo_Jaffrabadi,train,train\Buffalo_Jaffrabadi\92694b1b561f9e92.jpg,Dataset\Buffalo Breeds\Jaffrabadi\Jaffrabadi_11.png,92694b1b561f9e929eb1eb35acf7a6d6f36a1671b1cc1a642729df17854e52aa
Buffalo_Jaffrabadi,train,train\Buffalo_Jaffrabadi\ffdd8f4b0b12cb4e.jpg,Dataset\Buffalo Breeds\Jaffrabadi\Jaffrabadi_17.png,ffdd8f4b0b12cb4e8a3dd20a08d767ce080154f1dc6e25462d2ce703ab5c0612
Buffalo_Jaffrabadi,train,train\Buffalo_Jaffrabadi\addfb699488e5043.jpg,Dataset\Buffalo Breeds\Jaffrabadi\Jaffrabadi_3.png,addfb699488e5043e49be8c191c64d8c03cc94e7771610a89220e45813be25f3
Buffalo_Jaffrabadi,train,train\Buffalo_Jaffrabadi\96b3981138d88adb.jpg,Dataset\Buffalo Breeds\Jaffrabadi\Jaffrabadi_50.png,96b3981138d88adb11f4074c9509d36c0f5ec92528a4dbb218f733bbe522828d
Buffalo_Jaffrabadi,train,train\Buffalo_Jaffrabadi\2db9e770001d05e7.jpg,Dataset\Buffalo Breeds\Jaffrabadi\Jaffrabadi_60.jpg,2db9e770001d05e7c4ef5b999babe91bb9d373dc70e17f19be4e33621306ba7b
Buffalo_Jaffrabadi,train,train\Buffalo_Jaffrabadi\c187b17f10e4afda.jpg,Dataset\Buffalo Breeds\Jaffrabadi\Jaffrabadi_33.png,c187b17f10e4afda8ef4087fb2dfc3df7ce58e0628cd3d605dc7936164752a13
Buffalo_Jaffrabadi,train,train\Buffalo_Jaffrabadi\ccfb5e01447c2376.jpg,Dataset\Buffalo Breeds\Jaffrabadi\Jaffrabadi_53.jpg,ccfb5e01447c23765b23ca53f59a94f49b5f7c077172d43644d7d2064b981173
Buffalo_Jaffrabadi,train,train\Buffalo_Jaffrabadi\aba7bc6f5dd5861b.jpg,Dataset\Buffalo Breeds\Jaffrabadi\Jaffrabadi_39.png,aba7bc6f5dd5861bc444bd704b767281f6a9a48e72db55fdfb07f84cb06120c6
Buffalo_Jaffrabadi,train,train\Buffalo_Jaffrabadi\aac6ac408436a2c1.jpg,Dataset\Buffalo Breeds\Jaffrabadi\Jaffrabadi_49.jpg,aac6ac408436a2c1103707db7d7723695fd4cb894a02f5607fbb0fd4ab8a40a3
Buffalo_Jaffrabadi,train,train\Buffalo_Jaffrabadi\dfca656aa8af7871.jpg,Dataset\Buffalo Breeds\Jaffrabadi\Jaffrabadi_67.jpg,dfca656aa8af7871538f377505689aec266d834f37551ad4cbe429b63428e585
Buffalo_Jaffrabadi,train,train\Buffalo_Jaffrabadi\5ef51141828737bc.jpg,Dataset\Buffalo Breeds\Jaffrabadi\Jaffrabadi_37.png,5ef51141828737bcb9f1d3b2c281f5943baeb23bbccb4ca896d4d5d04699e0a1
Buffalo_Jaffrabadi,train,train\Buffalo_Jaffrabadi\0a0c5e86c8ad4b12.jpg,Dataset\Buffalo Breeds\Jaffrabadi\Jaffrabadi_18.png,0a0c5e86c8ad4b1271ab8ed00983ef77252bf567583e8fee580789211394e924
Buffalo_Jaffrabadi,train,train\Buffalo_Jaffrabadi\64586823c415a96b.jpg,Dataset\Buffalo Breeds\Jaffrabadi\Jaffrabadi_78.png,64586823c415a96bec6686fd66d1bd497e0896312905dd7af22399819bb2e844
Buffalo_Jaffrabadi,train,train\Buffalo_Jaffrabadi\009ee7e8d3c7b228.jpg,Dataset\Buffalo Breeds\Jaffrabadi\Jaffrabadi_45.jpg,009ee7e8d3c7b2289fa982ea8a98f2f44b7531c833d87c296a731289c1b241c8
Buffalo_Jaffrabadi,train,train\Buffalo_Jaffrabadi\b2aebcc33760f732.jpg,Dataset\Buffalo Breeds\Jaffrabadi\Jaffrabadi_21.png,b2aebcc33760f732e4afb2192f10d198c8ae1b7b56f80dea4674468b8fd2c378
Buffalo_Jaffrabadi,train,train\Buffalo_Jaffrabadi\89ae61dbbb666dd0.jpg,Dataset\Buffalo Breeds\Jaffrabadi\Jaffrabadi_89.png,89ae61dbbb666dd00a462d7d3e83bd67ee4cba9ad8120f050a424be6d21e89dc
Buffalo_Jaffrabadi,train,train\Buffalo_Jaffrabadi\08251aafd9cd9f4a.jpg,Dataset\Buffalo Breeds\Jaffrabadi\Jaffrabadi_35.jpg,08251aafd9cd9f4a6a860ab5e5097cf3f4cfac0817019a9b1d9ba457c69eca8b
Buffalo_Jaffrabadi,train,train\Buffalo_Jaffrabadi\2e60140d94269ad8.jpg,Dataset\Buffalo Breeds\Jaffrabadi\Jaffrabadi_66.png,2e60140d94269ad893a9e1d8e75a0792b7b0167c9bebc0f6a71cdae8f9c5d094
Buffalo_Jaffrabadi,train,train\Buffalo_Jaffrabadi\0b1e34a462a4eaaf.jpg,Dataset\Buffalo Breeds\Jaffrabadi\Jaffrabadi_91.jpg,0b1e34a462a4eaaf0d3109314d313625b3ceb470fa4857b2716c5589238f8e13
Buffalo_Jaffrabadi,train,train\Buffalo_Jaffrabadi\215ea2d35279e114.jpg,Dataset\Buffalo Breeds\Jaffrabadi\Jaffrabadi_58.jpg,215ea2d35279e114bad8494cc2c132b99bc1af89a7dc1cd86ab7ce9eda856c7d
Buffalo_Jaffrabadi,train,train\Buffalo_Jaffrabadi\aeaaa52778414f81.jpg,Dataset\Buffalo Breeds\Jaffrabadi\Jaffrabadi_102.png,aeaaa52778414f81bf6b7d2f45c2e1c1c351699e767b645cdc7f67eea9b17430
Buffalo_Jaffrabadi,train,train\Buffalo_Jaffrabadi\958530e4ffcf0e13.jpg,Dataset\Buffalo Breeds\Jaffrabadi\Jaffrabadi_76.jpg,958530e4ffcf0e132f72ed4e6df879d96cafb5f8d4a3848064ca19ea8f9407c7
Buffalo_Jaffrabadi,train,train\Buffalo_Jaffrabadi\70b940ebb10fc6e1.jpg,Dataset\Buffalo Breeds\Jaffrabadi\Jaffrabadi_73.png,70b940ebb10fc6e1c4d72e158a4315d2f31f7792f1da4e5a4e4bbccf6b09442c
Buffalo_Jaffrabadi,train,train\Buffalo_Jaffrabadi\bc9e7527597e76a3.jpg,Dataset\Buffalo Breeds\Jaffrabadi\Jaffrabadi_12.png,bc9e7527597e76a3a43f3e1152be7186abd4b2c843d33741aecd41a79f8211cb
Buffalo_Jaffrabadi,train,train\Buffalo_Jaffrabadi\b67a17e91c8a7632.jpg,Dataset\Buffalo Breeds\Jaffrabadi\Jaffrabadi_14.gif,b67a17e91c8a7632e0c0599013832b9136c84a0431f3cc20b02b433e15a5dd4f
Buffalo_Jaffrabadi,train,train\Buffalo_Jaffrabadi\89976ffa63ea2e9b.jpg,Dataset\Buffalo Breeds\Jaffrabadi\Jaffrabadi_1.png,89976ffa63ea2e9b73a53e9acc7f0d9a62626a7b8239e8a85bbc0f6204efc3d6
Buffalo_Jaffrabadi,train,train\Buffalo_Jaffrabadi\6d8ce3f050b4b5c3.jpg,Dataset\Buffalo Breeds\Jaffrabadi\Jaffrabadi_77.png,6d8ce3f050b4b5c3ae3ee708984859c02252d9d4a0afe8b826e4aa86641733e7
Buffalo_Jaffrabadi,train,train\Buffalo_Jaffrabadi\57f721431b3aa7f7.jpg,Dataset\Buffalo Breeds\Jaffrabadi\Jaffrabadi_32.png,57f721431b3aa7f7c3db719e88858f308cc4205d790d35eaee930d183dd4f22e
Buffalo_Jaffrabadi,train,train\Buffalo_Jaffrabadi\e8bb9eacd216992a.jpg,Dataset\Buffalo Breeds\Jaffrabadi\Jaffrabadi_92.jpg,e8bb9eacd216992aa4b1051d42bbf39e38bda67d0ca290c82e229463cf9d11f1
Buffalo_Jaffrabadi,train,train\Buffalo_Jaffrabadi\1ce35d37597fb52a.jpg,Dataset\Buffalo Breeds\Jaffrabadi\Jaffrabadi_100.png,1ce35d37597fb52ab57ee044afe2f54e0181845b9aa870f57b741b7098082590
Buffalo_Jaffrabadi,train,train\Buffalo_Jaffrabadi\454f678fe1d88a1c.jpg,Dataset\Buffalo Breeds\Jaffrabadi\Jaffrabadi_46.png,454f678fe1d88a1cfd4502812f5ec14179097bf2923493641d03a0c3a1ff306a
Buffalo_Jaffrabadi,train,train\Buffalo_Jaffrabadi\e81a24c2ba2253cc.jpg,Dataset\Buffalo Breeds\Jaffrabadi\Jaffrabadi_99.jpg,e81a24c2ba2253cc00edae1cfb975fa32386dd3754261ed3aa520aefdd1fdb80
Buffalo_Jaffrabadi,train,train\Buffalo_Jaffrabadi\1a72b0ecd3c0438c.jpg,Dataset\Buffalo Breeds\Jaffrabadi\Jaffrabadi_31.png,1a72b0ecd3c0438ca48935e9353a4125f437f7e6cccf991974fb371185e48d91
Buffalo_Jaffrabadi,train,train\Buffalo_Jaffrabadi\976d71b8a79a2836.jpg,Dataset\Buffalo Breeds\Jaffrabadi\Jaffrabadi_34.png,976d71b8a79a2836b91955b49854e011075f840f9b9eedd1354b7480e6d68395
Buffalo_Jaffrabadi,train,train\Buffalo_Jaffrabadi\4d33e60aa3100a33.jpg,Dataset\Buffalo Breeds\Jaffrabadi\Jaffrabadi_2.png,4d33e60aa3100a3381951830999eed298431fd04754d76bf343ae086e7991708
Buffalo_Jaffrabadi,train,train\Buffalo_Jaffrabadi\5bb306927eadb0f9.jpg,Dataset\Buffalo Breeds\Jaffrabadi\Jaffrabadi_6.jpg,5bb306927eadb0f975dcb85a6978ee382a3f57db6b78c273c0f4c4bb7087ce16
Buffalo_Jaffrabadi,train,train\Buffalo_Jaffrabadi\7e7e286c64b42a06.jpg,Dataset\Buffalo Breeds\Jaffrabadi\Jaffrabadi_69.jpg,7e7e286c64b42a06cbf5e06bd87463fdab8e0b827d3e536882ec4e417394d12d
Buffalo_Jaffrabadi,train,train\Buffalo_Jaffrabadi\360ce1cc6e523182.jpg,Dataset\Buffalo Breeds\Jaffrabadi\Jaffrabadi_59.jpg,360ce1cc6e5231822f1a2b86aec559161d0da8879130e1a2b77115d46df113fd
Buffalo_Jaffrabadi,train,train\Buffalo_Jaffrabadi\652a4e93910d1705.jpg,Dataset\Buffalo Breeds\Jaffrabadi\Jaffrabadi_5.png,652a4e93910d1705cccd38fcd90d2ff2fe8b537792886ce5cf27e5ff6b450db7
Buffalo_Jaffrabadi,train,train\Buffalo_Jaffrabadi\dafcab19e87da933.jpg,Dataset\Buffalo Breeds\Jaffrabadi\Jaffrabadi_54.jpg,dafcab19e87da9338535a6428ab9c64b80a772e11979a5a56aaf5831651e975d
Buffalo_Jaffrabadi,train,train\Buffalo_Jaffrabadi\8c92081e224d9bd9.jpg,Dataset\Buffalo Breeds\Jaffrabadi\Jaffrabadi_41.png,8c92081e224d9bd94d9cd931d8925755fea75b29afe8bb9913f7b02100b8199b
Buffalo_Jaffrabadi,train,train\Buffalo_Jaffrabadi\b3dec491a3579686.jpg,Dataset\Buffalo Breeds\Jaffrabadi\Jaffrabadi_29.png,b3dec491a35796864c38203d8b582d5422b32e2f6789cd24ba2808948dab8501
Buffalo_Jaffrabadi,train,train\Buffalo_Jaffrabadi\0b6331b4b3a28237.jpg,Dataset\Buffalo Breeds\Jaffrabadi\Jaffrabadi_71.png,0b6331b4b3a2823769082b746c9a2f49465fa5d0e9982dd366217eb09bdb9b1a
Buffalo_Jaffrabadi,train,train\Buffalo_Jaffrabadi\f387a70c238269be.jpg,Dataset\Buffalo Breeds\Jaffrabadi\Jaffrabadi_30.jpg,f387a70c238269be589ef96937e04292702214ba36a837bee72b775aef860c91
Buffalo_Jaffrabadi,train,train\Buffalo_Jaffrabadi\09f191c157b31587.jpg,Dataset\Buffalo Breeds\Jaffrabadi\Jaffrabadi_57.jpg,09f191c157b31587df1d95e1f0029dbc53d259460679a6e324b2e9fdb2634638
Buffalo_Jaffrabadi,train,train\Buffalo_Jaffrabadi\03f17425ecb70e59.jpg,Dataset\Buffalo Breeds\Jaffrabadi\Jaffrabadi_79.jpg,03f17425ecb70e5930ddac618b243029b72878ebd55790c6008870c6ac161f78
Buffalo_Jaffrabadi,train,train\Buffalo_Jaffrabadi\8f52299daff62276.jpg,Dataset\Buffalo Breeds\Jaffrabadi\Jaffrabadi_7.jpg,8f52299daff622761699600c67a1f113c25bc5c1fa8c9e16ad9cb1df028b6cc4
Buffalo_Jaffrabadi,train,train\Buffalo_Jaffrabadi\7bb8e1242f22d824.jpg,Dataset\Buffalo Breeds\Jaffrabadi\Jaffrabadi_36.png,7bb8e1242f22d824b804174b944e82828a00540bc45fee0ae971d5464bf2b8e0
Buffalo_Jaffrabadi,train,train\Buffalo_Jaffrabadi\4edceb694e8de331.jpg,Dataset\Buffalo Breeds\Jaffrabadi\Jaffrabadi_25.png,4edceb694e8de3318e683ea127ef08f72de6bbf52d79f25247f3827d27f2d7a5
Buffalo_Jaffrabadi,train,train\Buffalo_Jaffrabadi\0a5a4b4dbcca0532.jpg,Dataset\Buffalo Breeds\Jaffrabadi\Jaffrabadi_72.jpg,0a5a4b4dbcca053238363dd6b535ad84f138d22a8f035f4bbb06670334d5a401
Buffalo_Jaffrabadi,train,train\Buffalo_Jaffrabadi\df8e8e2c216ed772.jpg,Dataset\Buffalo Breeds\Jaffrabadi\Jaffrabadi_62.png,df8e8e2c216ed77243de1d584d6a38c8519567529083fe553a6fc59a09951fad
Buffalo_Jaffrabadi,train,train\Buffalo_Jaffrabadi\c3efbb3da21e2a0d.jpg,Dataset\Buffalo Breeds\Jaffrabadi\Jaffrabadi_85.jpg,c3efbb3da21e2a0dd9f9f78da29e2e92df8fdeeacd370b0a2a8f69c71797081b
Buffalo_Jaffrabadi,train,train\Buffalo_Jaffrabadi\39f0338948f45b04.jpg,Dataset\Buffalo Breeds\Jaffrabadi\Jaffrabadi_96.jpg,39f0338948f45b04373dfb2eace03ca027cccdd7ffc258fd00a7da7b8e73c482
Buffalo_Jaffrabadi,train,train\Buffalo_Jaffrabadi\ba92edd55162316e.jpg,Dataset\Buffalo Breeds\Jaffrabadi\Jaffrabadi_20.png,ba92edd55162316ef325adccfb90e4d40e371981f4551c6c7a2499ee47abb5cc
Buffalo_Jaffrabadi,train,train\Buffalo_Jaffrabadi\b50cb3b22d0e2083.jpg,Dataset\Buffalo Breeds\Jaffrabadi\Jaffrabadi_70.png,b50cb3b22d0e2083de446e73fc6ebf7b20c0c10d7187ab13de19138f654dae0d
Buffalo_Jaffrabadi,train,train\Buffalo_Jaffrabadi\cb154488e9351996.jpg,Dataset\Buffalo Breeds\Jaffrabadi\Jaffrabadi_97.png,cb154488e93519962af8da05945fe6f01401513ada2fe106e8482fec13716b5a
Buffalo_Jaffrabadi,train,train\Buffalo_Jaffrabadi\12b4efab535e5aff.jpg,Dataset\Buffalo Breeds\Jaffrabadi\Jaffrabadi_13.png,12b4efab535e5affa116185c4b0cfb4fdff21e46e90d6a0ee7d6c0c2eb3c2987
Buffalo_Mehsana,test,test\Buffalo_Mehsana\3e1270f5ea0913c9.jpg,Dataset\Buffalo Breeds\Mehsana\Mehsana_69.jpg,3e1270f5ea0913c9ebfeb63a8d41dd072bb1ee33f08f728c3fcaded1d1b3e48d
Buffalo_Mehsana,test,test\Buffalo_Mehsana\e5b32f9034b30a99.jpg,Dataset\Buffalo Breeds\Mehsana\Mehsana_10.jpg,e5b32f9034b30a9985148b4117ffcacab59da569524d71bfbccf4a8fa0765579
Buffalo_Mehsana,test,test\Buffalo_Mehsana\f1ca64c555ba4781.jpg,Dataset\Buffalo Breeds\Mehsana\Mehsana_52.png,f1ca64c555ba4781109055db3f9823e1647f5a239010e67ae6ddbde84daf02cd
Buffalo_Mehsana,test,test\Buffalo_Mehsana\96e59f3c9b373937.jpg,Dataset\Buffalo Breeds\Mehsana\Mehsana_80.jpg,96e59f3c9b373937cb18f0339fe064ef7a33ec9b8b4cabca53b6704a2fd03943
Buffalo_Mehsana,test,test\Buffalo_Mehsana\e6329a26fe02706b.jpg,Dataset\Buffalo Breeds\Mehsana\Mehsana_63.jpg,e6329a26fe02706bf44cacc23ec990361eb38de12fbae0e5be0684d9d54534ed
Buffalo_Mehsana,test,test\Buffalo_Mehsana\2425fb9015b30a40.jpg,Dataset\Buffalo Breeds\Mehsana\Mehsana_82.jpg,2425fb9015b30a40387d723b91c48b54dea0ebd2cfe8c04a8191690ee0464d00
Buffalo_Mehsana,test,test\Buffalo_Mehsana\b8be0f3ee50c8f49.jpg,Dataset\Buffalo Breeds\Mehsana\Mehsana_53.png,b8be0f3ee50c8f4978ce72903ada0b673ffda57665a6d8f7f695b7c4697c4528
Buffalo_Mehsana,test,test\Buffalo_Mehsana\5e9141c1ec7b244c.jpg,Dataset\Buffalo Breeds\Mehsana\Mehsana_37.png,5e9141c1ec7b244cbfe83af4e15da3899439354b7b7576b32865a5d74331ac2e
Buffalo_Mehsana,test,test\Buffalo_Mehsana\7a9d34918f15d532.jpg,Dataset\Buffalo Breeds\Mehsana\Mehsana_20.png,7a9d34918f15d532eeca3117ebeff6d371d6dd85139676e8e01135db046e57a8
Buffalo_Mehsana,test,test\Buffalo_Mehsana\fddcd7978a73d2cb.jpg,Dataset\Buffalo Breeds\Mehsana\Mehsana_56.jpg,fddcd7978a73d2cbca01c49ba22a56aa165cb4a273dfedb8756219f2c4a9559f
Buffalo_Mehsana,test,test\Buffalo_Mehsana\8e00e7ab4c751d95.jpg,Dataset\Buffalo Breeds\Mehsana\Mehsana_39.png,8e00e7ab4c751d950612a43a3613aaf3cccfe556924a64139c160cfb645efd71
Buffalo_Mehsana,test,test\Buffalo_Mehsana\b11821403a343cb9.jpg,Dataset\Buffalo Breeds\Mehsana\Mehsana_3.png,b11821403a343cb97f975700d3140951edf670491eacdc8d7f7fc23eb27375b7
Buffalo_Mehsana,test,test\Buffalo_Mehsana\098c7a15bc9f1243.jpg,Dataset\Buffalo Breeds\Mehsana\Mehsana_29.png,098c7a15bc9f1243895cf2e2e08bdead4a7cd8c5d12a5d9157f7631e2a1ae94e
Buffalo_Mehsana,test,test\Buffalo_Mehsana\b0368d2806ab2837.jpg,Dataset\Buffalo Breeds\Mehsana\Mehsana_88.jpg,b0368d2806ab2837a05d45a3fffdc090d39ae2e847804c03cbb9a2acafa1a8d5
Buffalo_Mehsana,val,val\Buffalo_Mehsana\b216e7d3673f30e8.jpg,Dataset\Buffalo Breeds\Mehsana\Mehsana_85.jpeg,b216e7d3673f30e8a86da8559a74c8533fcf6e10b9f2c65a7a6847f250989041
Buffalo_Mehsana,val,val\Buffalo_Mehsana\5c56842e2c430960.jpg,Dataset\Buffalo Breeds\Mehsana\Mehsana_18.png,5c56842e2c43096049088f90ac7d066400daf6d17c0444eebef2d513f02b1505
Buffalo_Mehsana,val,val\Buffalo_Mehsana\5dec3d0ad6a66e6a.jpg,Dataset\Buffalo Breeds\Mehsana\Mehsana_35.jpg,5dec3d0ad6a66e6afd88f9823ab6e402e409408d7e75dd86bfaaf829b923fcb9
Buffalo_Mehsana,val,val\Buffalo_Mehsana\f0846818d2182634.jpg,Dataset\Buffalo Breeds\Mehsana\Mehsana_93.jpg,f0846818d2182634c5d74a0f44f03d955b23a2d80f86cd3c80c021cd9674b59c
Buffalo_Mehsana,val,val\Buffalo_Mehsana\382bcf3d8b4171ce.jpg,Dataset\Buffalo Breeds\Mehsana\Mehsana_5.jpg,382bcf3d8b4171cea52c5c073dcce029a173b9a719bb060d08c172a71500e5fd
Buffalo_Mehsana,val,val\Buffalo_Mehsana\4c53bd731edca390.jpg,Dataset\Buffalo Breeds\Mehsana\Mehsana_2.png,4c53bd731edca390674bd4e1839774a3c4874b7b261f42ba9b86e069f48aee67
Buffalo_Mehsana,val,val\Buffalo_Mehsana\3b6047b6defe460d.jpg,Dataset\Buffalo Breeds\Mehsana\Mehsana_38.jpg,3b6047b6defe460d405c114d9a0f891fca93544e0100bd1d2c7076ec462e4cfb
Buffalo_Mehsana,val,val\Buffalo_Mehsana\655b0da549cde99e.jpg,Dataset\Buffalo Breeds\Mehsana\Mehsana_41.jpg,655b0da549cde99ebd16c2b28af52341551b1ab1c89dfc1677716272e928929b
Buffalo_Mehsana,val,val\Buffalo_Mehsana\93f240cc135badf0.jpg,Dataset\Buffalo Breeds\Mehsana\Mehsana_50.png,93f240cc135badf080bc9038ccfb579f94763c57934e47aecfbfea69ac49da83
Buffalo_Mehsana,val,val\Buffalo_Mehsana\17e07aac9b47ee08.jpg,Dataset\Buffalo Breeds\Mehsana\Mehsana_90.jpg,17e07aac9b47ee08cc8b0b0fcb5223c0e2e31c6799c5a3aec30f94d0971a7666
Buffalo_Mehsana,val,val\Buffalo_Mehsana\d7a666d87df525ec.jpg,Dataset\Buffalo Breeds\Mehsana\Mehsana_25.jpg,d7a666d87df525ecd5641a121cf93382ff6b5665dc59221cec0ac1231bf1e2a0
Buffalo_Mehsana,val,val\Buffalo_Mehsana\a0ee00b09730d193.jpg,Dataset\Buffalo Breeds\Mehsana\Mehsana_55.jpg,a0ee00b09730d1933503e0c3ae0e1a4e0f89d57d5ee303301c524980a6ebcb84
Buffalo_Mehsana,val,val\Buffalo_Mehsana\51521cb4b9d05e37.jpg,Dataset\Buffalo Breeds\Mehsana\Mehsana_12.png,51521cb4b9d05e37b2dc53ae838c3851e2780f615e3860c9fb4030f97ea0b2c1
Buffalo_Mehsana,val,val\Buffalo_Mehsana\4ead8e78d6a2415d.jpg,Dataset\Buffalo Breeds\Mehsana\Mehsana_26.png,4ead8e78d6a2415d43daa4cb4c159a9aa83963919d91215aa170f3303157b8ae
Buffalo_Mehsana,train,train\Buffalo_Mehsana\2e492cf670d87f3d.jpg,Dataset\Buffalo Breeds\Mehsana\Mehsana_40.png,2e492cf670d87f3d183065c0b41e845aee545d380e9797a95b3fc4f895a94114
Buffalo_Mehsana,train,train\Buffalo_Mehsana\f25840bc6b23e3e9.jpg,Dataset\Buffalo Breeds\Mehsana\Mehsana_22.png,f25840bc6b23e3e9ef4b9502feae7103300869c6f8bbb9bb7a60dab9b83b994c
Buffalo_Mehsana,train,train\Buffalo_Mehsana\0c157958a9ffebe9.jpg,Dataset\Buffalo Breeds\Mehsana\Mehsana_96.gif,0c157958a9ffebe90e51986d9ef09414030905d767f6f6c187c922d76162939b
Buffalo_Mehsana,train,train\Buffalo_Mehsana\b449ac9bc6194a0b.jpg,Dataset\Buffalo Breeds\Mehsana\Mehsana_64.jpg,b449ac9bc6194a0b75fa3480f4808fc841bc03a56f6f99fc15a71565fa0eb116
Buffalo_Mehsana,train,train\Buffalo_Mehsana\5f4650692cded08a.jpg,Dataset\Buffalo Breeds\Mehsana\Mehsana_95.png,5f4650692cded08a05bb0854132d13207b174cc6f3234c27938ca194fd34fd34
Buffalo_Mehsana,train,train\Buffalo_Mehsana\d0e873ce84d74ced.jpg,Dataset\Buffalo Breeds\Mehsana\Mehsana_36.jpg,d0e873ce84d74cede2e982fe63b938c33fe621bc9e92143ea525a5cad30a1d4a
Buffalo_Mehsana,train,train\Buffalo_Mehsana\8cc1269b1ccdf310.jpg,Dataset\Buffalo Breeds\Mehsana\Mehsana_89.png,8cc1269b1ccdf310d894606554e6ba8ba47f5f0d2023e52d6297093509f83668
Buffalo_Mehsana,train,train\Buffalo_Mehsana\9b5b734451d9ab57.jpg,Dataset\Buffalo Breeds\Mehsana\Mehsana_17.png,9b5b734451d9ab5771de877bd4f40fc514ddd22cad202c77e6112dbd92a28809
Buffalo_Mehsana,train,train\Buffalo_Mehsana\becf24edcb9303af.jpg,Dataset\Buffalo Breeds\Mehsana\Mehsana_60.png,becf24edcb9303afbe6f4ab4f1678f03d33db6da9318663464bf5c5552b79cd6
Buffalo_Mehsana,train,train\Buffalo_Mehsana\fd2da62022eda8f7.jpg,Dataset\Buffalo Breeds\Mehsana\Mehsana_47.png,fd2da62022eda8f763a6d6976186f08501bfef18157d56e64c26c58006a3b207
Buffalo_Mehsana,train,train\Buffalo_Mehsana\cdf922637a95b098.jpg,Dataset\Buffalo Breeds\Mehsana\Mehsana_58.jpg,cdf922637a95b098a8bf701ffe096426c5db7dc0535a8daabff08cb13abb2a7b
Buffalo_Mehsana,train,train\Buffalo_Mehsana\841ed69e4e9aac85.jpg,Dataset\Buffalo Breeds\Mehsana\Mehsana_51.png,841ed69e4e9aac85d5c3d5bb64526af60c3967d70461600a64e93ea73606b1ff
Buffalo_Mehsana,train,train\Buffalo_Mehsana\09e26f439717c57c.jpg,Dataset\Buffalo Breeds\Mehsana\Mehsana_21.png,09e26f439717c57c0c0160c91600db0b5727c70c0ef113f4796000c829032366
Buffalo_Mehsana,train,train\Buffalo_Mehsana\1a9d4ce6dca72e0f.jpg,Dataset\Buffalo Breeds\Mehsana\Mehsana_24.jpg,1a9d4ce6dca72e0f83328f2e45d9f9b63e24be6c1afe6ccfad87e0709b1bf65d
Buffalo_Mehsana,train,train\Buffalo_Mehsana\b4068a491d5259e8.jpg,Dataset\Buffalo Breeds\Mehsana\Mehsana_74.jpg,b4068a491d5259e8c7912d40dbc29dbb9ec20977cfe6e17ec221a1d7d37bcd11
Buffalo_Mehsana,train,train\Buffalo_Mehsana\4efe98da18019c58.jpg,Dataset\Buffalo Breeds\Mehsana\Mehsana_94.jpg,4efe98da18019c589b2e522a0b6e3d344162a72e8340cc956c3afb07853a41f1
Buffalo_Mehsana,train,train\Buffalo_Mehsana\75ae44c2fb974ad0.jpg,Dataset\Buffalo Breeds\Mehsana\Mehsana_91.jpeg,75ae44c2fb974ad096b39eb87db2ab88e0eb32138eb31ee8478b00c942266382
Buffalo_Mehsana,train,train\Buffalo_Mehsana\1c1de31dfde057eb.jpg,Dataset\Buffalo Breeds\Mehsana\Mehsana_57.png,1c1de31dfde057ebed4561db329df2767dc46c3cd49c97cf9a34c77a8f230e74
Buffalo_Mehsana,train,train\Buffalo_Mehsana\adc4ee0ddd4fff78.jpg,Dataset\Buffalo Breeds\Mehsana\Mehsana_48.png,adc4ee0ddd4fff781146318f7222d361848a31468532b74975e3aee3c9dec687
Buffalo_Mehsana,train,train\Buffalo_Mehsana\160a926ab9b5bbb2.jpg,Dataset\Buffalo Breeds\Mehsana\Mehsana_33.png,160a926ab9b5bbb2cebd9caeac558290a512829dc60b71316987ae3f7a99d8fc
Buffalo_Mehsana,train,train\Buffalo_Mehsana\a4c4e47271e19953.jpg,Dataset\Buffalo Breeds\Mehsana\Mehsana_14.png,a4c4e47271e19953ec51d8c4b0539916eb183397bca15598ddd964a7bd11d7b7
Buffalo_Mehsana,train,train\Buffalo_Mehsana\60c05756cedc78ec.jpg,Dataset\Buffalo Breeds\Mehsana\Mehsana_45.jpeg,60c05756cedc78ec9b0178108cb91a4047f1d6ba2a4bb2ea81e7ef71ad0e0428
Buffalo_Mehsana,train,train\Buffalo_Mehsana\5955037a61428fea.jpg,Dataset\Buffalo Breeds\Mehsana\Mehsana_11.png,5955037a61428fea2374556d9a9c3956eb17c9f2bfd6767dd5c7f7cac0a05ff0
Buffalo_Mehsana,train,train\Buffalo_Mehsana\43622166ad928495.jpg,Dataset\Buffalo Breeds\Mehsana\Mehsana_76.jpg,43622166ad9284955d48eb2f0b6ef6f911ba1ed9c98527236f9f983e04afbd19
Buffalo_Mehsana,train,train\Buffalo_Mehsana\a8208ccd246abc60.jpg,Dataset\Buffalo Breeds\Mehsana\Mehsana_86.jpg,a8208ccd246abc600b3608f5f47cc12d6fcbe5e043220d8b3cfd74d77e0ffae5
Buffalo_Mehsana,train,train\Buffalo_Mehsana\b3e5bb9d67110b35.jpg,Dataset\Buffalo Breeds\Mehsana\Mehsana_61.jpg,b3e5bb9d67110b3507a917752333dbae0974ce9c824e45171467bb2e257b10ed
Buffalo_Mehsana,train,train\Buffalo_Mehsana\a5e9c9febf7d1077.jpg,Dataset\Buffalo Breeds\Mehsana\Mehsana_92.jpg,a5e9c9febf7d1077b5b3b76d59dc4e86ed82514626b2a9695a534aa42b6a0536
Buffalo_Mehsana,train,train\Buffalo_Mehsana\14a6e7be49efecb0.jpg,Dataset\Buffalo Breeds\Mehsana\Mehsana_72.jpg,14a6e7be49efecb0ba1b46ba44d0e7e36ad6461fe5eccb88c8eee83ed94635bd
Buffalo_Mehsana,train,train\Buffalo_Mehsana\319368860e893976.jpg,Dataset\Buffalo Breeds\Mehsana\Mehsana_32.png,319368860e893976f1f0f8fb82dcff5b651cb73d3383faf35b9e2590084349be
Buffalo_Mehsana,train,train\Buffalo_Mehsana\08317287972c3ce0.jpg,Dataset\Buffalo Breeds\Mehsana\Mehsana_23.png,08317287972c3ce026581134ac57f95720898015bd6f1ce398d6dae7f1047aee
Buffalo_Mehsana,train,train\Buffalo_Mehsana\535d9dcd2771c9fc.jpg,Dataset\Buffalo Breeds\Mehsana\Mehsana_6.png,535d9dcd2771c9fcd18756f2a10e44294695c83b38b1797585d5ba4c2d0ac144
Buffalo_Mehsana,train,train\Buffalo_Mehsana\385e936510743ace.jpg,Dataset\Buffalo Breeds\Mehsana\Mehsana_49.png,385e936510743ace1cf997303caf199fdf1eeb2cb1f5535288df32a4e2d01003
Buffalo_Mehsana,train,train\Buffalo_Mehsana\6e59a0baf0c49ff6.jpg,Dataset\Buffalo Breeds\Mehsana\Mehsana_9.png,6e59a0baf0c49ff655b0cc0fac5adc64a7e239e8deba92841ce8e56eda0fe81d
Buffalo_Mehsana,train,train\Buffalo_Mehsana\44bb8290f18da03b.jpg,Dataset\Buffalo Breeds\Mehsana\Mehsana_44.png,44bb8290f18da03b437d019bb948df91cf1b27b0b108121eb633a01ea8b7d39a
Buffalo_Mehsana,train,train\Buffalo_Mehsana\4abbda88160cc964.jpg,Dataset\Buffalo Breeds\Mehsana\Mehsana_13.png,4abbda88160cc96498c71df875fe2f5008b4e81a9bd46c6c3a21ee2ec434b2d3
Buffalo_Mehsana,train,train\Buffalo_Mehsana\4c279131ccbef312.jpg,Dataset\Buffalo Breeds\Mehsana\Mehsana_30.png,4c279131ccbef3124b293cedddcb7ec3aa3ad081e930b3ff1fbd931fea19f42e
Buffalo_Mehsana,train,train\Buffalo_Mehsana\e618147909fb72a9.jpg,Dataset\Buffalo Breeds\Mehsana\Mehsana_19.jpg,e618147909fb72a98849b9ea747f01f95419ecdbd41de003139483d0c9068c9a
Buffalo_Mehsana,train,train\Buffalo_Mehsana\b7bc9abb425e7c4a.jpg,Dataset\Buffalo Breeds\Mehsana\Mehsana_71.jpg,b7bc9abb425e7c4a49b467c39a2475901704b50c8b86a78e3524cb5640932082
Buffalo_Mehsana,train,train\Buffalo_Mehsana\c403bf633e9f2d3d.jpg,Dataset\Buffalo Breeds\Mehsana\Mehsana_8.png,c403bf633e9f2d3dbea5825977655d86dcc658f7b1159ecd217300ca1f4c1ac0
Buffalo_Mehsana,train,train\Buffalo_Mehsana\cd060965d2adb4e9.jpg,Dataset\Buffalo Breeds\Mehsana\Mehsana_28.jpg,cd060965d2adb4e941f4a45db72c6644b2298f12a0f65ced2bf227c8a461b4bd
Buffalo_Mehsana,train,train\Buffalo_Mehsana\262e97a11ce48cfd.jpg,Dataset\Buffalo Breeds\Mehsana\Mehsana_73.png,262e97a11ce48cfd2e025f94d8835b41d9936ce8f6655d4d9d66a715a8f51f4d
Buffalo_Mehsana,train,train\Buffalo_Mehsana\d184493f9e73544c.jpg,Dataset\Buffalo Breeds\Mehsana\Mehsana_70.png,d184493f9e73544c60ae18f2100dc115014c3fb14677dbfa2d9642e485f774e4
Buffalo_Mehsana,train,train\Buffalo_Mehsana\02b4510ffd0942b4.jpg,Dataset\Buffalo Breeds\Mehsana\Mehsana_67.jpg,02b4510ffd0942b449a740922d75b3ae4de81380062c754f57c07e386dc4c9d2
Buffalo_Mehsana,train,train\Buffalo_Mehsana\266f9200dee5c811.jpg,Dataset\Buffalo Breeds\Mehsana\Mehsana_15.png,266f9200dee5c81170a400386ad7b4e07abebd6d70acf38b5dd46337b698f287
Buffalo_Mehsana,train,train\Buffalo_Mehsana\f07d378102f5ce08.jpg,Dataset\Buffalo Breeds\Mehsana\Mehsana_83.png,f07d378102f5ce089d30981662da121a02e4e192c99a69d3c594f278e4a6f18c
Buffalo_Mehsana,train,train\Buffalo_Mehsana\6ed0d8865ee609ac.jpg,Dataset\Buffalo Breeds\Mehsana\Mehsana_46.png,6ed0d8865ee609ac3000e26ee15e009519568008806053ddf40505e5b65d9d5f
Buffalo_Mehsana,train,train\Buffalo_Mehsana\82b2fc267a1dac15.jpg,Dataset\Buffalo Breeds\Mehsana\Mehsana_84.jpg,82b2fc267a1dac15e4b268f011b643d6a3608e981cba5f5b7f2382b29f2312d4
Buffalo_Mehsana,train,train\Buffalo_Mehsana\b73518e7d32c2e02.jpg,Dataset\Buffalo Breeds\Mehsana\Mehsana_75.jpg,b73518e7d32c2e02d3fb17c780b92cc4442c14b90f6f68b18e7ac8838d6e87f8
Buffalo_Mehsana,train,train\Buffalo_Mehsana\4f3abbaad75c6f3e.jpg,Dataset\Buffalo Breeds\Mehsana\Mehsana_81.jpg,4f3abbaad75c6f3e3750e5de8ddefe4ff909c69166e12cb933879db156f2f695
Buffalo_Mehsana,train,train\Buffalo_Mehsana\d1f3a91d3e2079e5.jpg,Dataset\Buffalo Breeds\Mehsana\Mehsana_16.png,d1f3a91d3e2079e58a20c2a0c56a50112a34f212d0def81d638f6048186bdf0d
Buffalo_Mehsana,train,train\Buffalo_Mehsana\2717ca6c196c13d5.jpg,Dataset\Buffalo Breeds\Mehsana\Mehsana_34.jpg,2717ca6c196c13d5f5ff2be4357fe2b96705256b1b9dc26e76d313b446afdacf
Buffalo_Mehsana,train,train\Buffalo_Mehsana\c668731f250288ac.jpg,Dataset\Buffalo Breeds\Mehsana\Mehsana_43.png,c668731f250288ac07749bc44fc8db870e5c6a15712c88023ca56f2260c29064
Buffalo_Mehsana,train,train\Buffalo_Mehsana\2c67ca15d9b19ae0.jpg,Dataset\Buffalo Breeds\Mehsana\Mehsana_31.png,2c67ca15d9b19ae0e5a064ff4b6ae5887e634ad4e5f591d978749b6306f4a930
Buffalo_Mehsana,train,train\Buffalo_Mehsana\4cc889a5e01bc5a0.jpg,Dataset\Buffalo Breeds\Mehsana\Mehsana_27.png,4cc889a5e01bc5a0f2a5cc66e813af923f730f5bc6b0ed6b2bd0a5e1e3d1e1e6
Buffalo_Mehsana,train,train\Buffalo_Mehsana\b0b7948c3617d92b.jpg,Dataset\Buffalo Breeds\Mehsana\Mehsana_68.jpg,b0b7948c3617d92b055c943f71cecfb446e1b82d069421d1fdd632eb4302521b
Buffalo_Mehsana,train,train\Buffalo_Mehsana\0c04e334a4fa0938.jpg,Dataset\Buffalo Breeds\Mehsana\Mehsana_78.jpeg,0c04e334a4fa093826cc3e7ac65e348952c5aeacad671e24f21c8232e1b9f342
Buffalo_Mehsana,train,train\Buffalo_Mehsana\f63969a4b52b0bb7.jpg,Dataset\Buffalo Breeds\Mehsana\Mehsana_59.jpg,f63969a4b52b0bb756df28dfed521292dcbc9b7c4bd64910016571c15584b9b3
Buffalo_Mehsana,train,train\Buffalo_Mehsana\81ab3b0e3e3b6194.jpg,Dataset\Buffalo Breeds\Mehsana\Mehsana_42.png,81ab3b0e3e3b6194d6f426d6d37a4aa7319d5c5e6cabfb42a59988602ec26072
Buffalo_Mehsana,train,train\Buffalo_Mehsana\1d328d83d28694ac.jpg,Dataset\Buffalo Breeds\Mehsana\Mehsana_62.jpg,1d328d83d28694ac54874fe3039722ccbfa9efd90c36b48b262e79d32f967f45
Buffalo_Mehsana,train,train\Buffalo_Mehsana\956b7de19b1facc1.jpg,Dataset\Buffalo Breeds\Mehsana\Mehsana_4.png,956b7de19b1facc16580bb283fd1ebff7aeaef2d82c67bf884897c632bc36838
Buffalo_Mehsana,train,train\Buffalo_Mehsana\9fc968b625e086b2.jpg,Dataset\Buffalo Breeds\Mehsana\Mehsana_54.png,9fc968b625e086b282670cf1705f799fbabe40b0ef463e72ea0b8a46dc2d821c
Buffalo_Mehsana,train,train\Buffalo_Mehsana\61242c4b4149956f.jpg,Dataset\Buffalo Breeds\Mehsana\Mehsana_1.png,61242c4b4149956fe6b567717acca8ed8399f014a8b24fe5150c0cb5f5359405
Buffalo_Murrah,test,test\Buffalo_Murrah\679f33d4c2119274.jpg,Dataset\Buffalo Breeds\Murrah\Murrah_116.jpg,679f33d4c2119274d7065231aedc028bba9527a8488bb19373d0a8eed0176f63
Buffalo_Murrah,test,test\Buffalo_Murrah\8c67fe2b13b7a5ce.jpg,Dataset\Buffalo Breeds\Murrah\Murrah_18.jpg,8c67fe2b13b7a5ced5861da58edbf88668457cb9c2a6e9d731c256dea4f81b12
Buffalo_Murrah,test,test\Buffalo_Murrah\e8e64ca5103ba445.jpg,Dataset\Buffalo Breeds\Murrah\Murrah_85.png,e8e64ca5103ba445f8c49676f8d89801dabd51c48994d0cd2580524d56fe3423
Buffalo_Murrah,test,test\Buffalo_Murrah\a5e9d728f894a650.jpg,Dataset\Buffalo Breeds\Murrah\Murrah_77.jpg,a5e9d728f894a65040cb0965f7ffc94dce387cf6414327bd2ea01925b86fb15f
Buffalo_Murrah,test,test\Buffalo_Murrah\ae0d1c28117344c4.jpg,Dataset\Buffalo Breeds\Murrah\Murrah_144.jpg,ae0d1c28117344c4f0065795067d2e27b8e516fab5ce730a7262795554315f13
Buffalo_Murrah,test,test\Buffalo_Murrah\b7db8a1306ae2176.jpg,Dataset\Buffalo Breeds\Murrah\Murrah_4.jpg,b7db8a1306ae21764aa1f4ae9961ed6499565dc7c6c1c81c1719924d3ac8c768
Buffalo_Murrah,test,test\Buffalo_Murrah\ee0efe1962724f06.jpg,Dataset\Buffalo Breeds\Murrah\Murrah_169.jpeg,ee0efe1962724f060bca8e3c00ce901b6c5756852383f2cc73aa7dd54b386363
Buffalo_Murrah,test,test\Buffalo_Murrah\88783e1af1ffc8dc.jpg,Dataset\Buffalo Breeds\Murrah\Murrah_157.jpg,88783e1af1ffc8dc89f07a75e87c2b0933f3e6a4cf1233846291d516b1d972ce
Buffalo_Murrah,test,test\Buffalo_Murrah\509864b6f6204fca.jpg,Dataset\Buffalo Breeds\Murrah\Murrah_117.jpeg,509864b6f6204fca9e7e6cf7491396ff9c7adf6357e2f14bfe85bc591823ddf5
Buffalo_Murrah,test,test\Buffalo_Murrah\f835cd6a7c6929a5.jpg,Dataset\Buffalo Breeds\Murrah\Murrah_177.jpg,f835cd6a7c6929a57f72d2b00a71e2aa93b5d99534a55bdec020c4f7b6abf86b
Buffalo_Murrah,test,test\Buffalo_Murrah\66cbf8004d099ade.jpg,Dataset\Buffalo Breeds\Murrah\Murrah_119.jpg,66cbf8004d099ade1e8cd1c55093e9d097332e76cc3c7aaefc7a6464c11ca0be
Buffalo_Murrah,test,test\Buffalo_Murrah\3eb544e5d8e3bfbd.jpg,Dataset\Buffalo Breeds\Murrah\Murrah_62.jpg,3eb544e5d8e3bfbdb929280ef3d85bffbf871722cb0b4c885f8fd15796d8ba68
Buffalo_Murrah,test,test\Buffalo_Murrah\74899c35483b5f84.jpg,Dataset\Buffalo Breeds\Murrah\Murrah_66.jpg,74899c35483b5f84abef9dad27589ba3ace469fbba18d0f575cb5f749dd58a64
Buffalo_Murrah,test,test\Buffalo_Murrah\8ed5c5d869b9fb39.jpg,Dataset\Buffalo Breeds\Murrah\Murrah_153.jpg,8ed5c5d869b9fb3920073630d75c275e7af3ec522d8980c38de5b236ddd66cf6
Buffalo_Murrah,test,test\Buffalo_Murrah\274fd05e27c1c69e.jpg,Dataset\Buffalo Breeds\Murrah\Murrah_27.jpg,274fd05e27c1c69e27d31c2271297a4ec6e340869b6109797e0aa9f4d9ec9cb2
Buffalo_Murrah,test,test\Buffalo_Murrah\77e7457a09196cf0.jpg,Dataset\Buffalo Breeds\Murrah\Murrah_21.jpg,77e7457a09196cf03ebb029cf30dc1c4bf802e734477a4df61aff0312bf5b4f7
Buffalo_Murrah,test,test\Buffalo_Murrah\cf045fcbcdf6556c.jpg,Dataset\Buffalo Breeds\Murrah\Murrah_75.jpg,cf045fcbcdf6556cfa2f9287e1a6928ba41fd692bde7d89c78872950a251c658
Buffalo_Murrah,test,test\Buffalo_Murrah\72750b4c21bb7bfc.jpg,Dataset\Buffalo Breeds\Murrah\Murrah_171.jpg,72750b4c21bb7bfc931d0ca2bc5fb997edf6315c14c9bdabfce041db7d54aec9
Buffalo_Murrah,test,test\Buffalo_Murrah\1b78ff5e998bc4ee.jpg,Dataset\Buffalo Breeds\Murrah\Murrah_180.jpg,1b78ff5e998bc4ee9fe1577d990f9f3259375cdc2b0bf2d9b98a3268f18bc2a3
Buffalo_Murrah,test,test\Buffalo_Murrah\629cf978e03b76e8.jpg,Dataset\Buffalo Breeds\Murrah\Murrah_37.jpg,629cf978e03b76e8ae85339cd258a9de7bf953495449e558089ccc057c0da948
Buffalo_Murrah,test,test\Buffalo_Murrah\8998d8f878282e7e.jpg,Dataset\Buffalo Breeds\Murrah\Murrah_61.jpg,8998d8f878282e7ead046d12ae8b43d2b8f352b692ea246743c8c5d8164a8bf4
Buffalo_Murrah,test,test\Buffalo_Murrah\9ef22112a2079f6e.jpg,Dataset\Buffalo Breeds\Murrah\Murrah_164.jpg,9ef22112a2079f6e754bdd8cace34740471726b262bd94bf47fb1e7c242272e9
Buffalo_Murrah,test,test\Buffalo_Murrah\8a9072f756bee635.jpg,Dataset\Buffalo Breeds\Murrah\Murrah_11.jpg,8a9072f756bee63561ef7e8be44a4a90bb2d3306d3ae237441f158e82f6ce0d1
Buffalo_Murrah,val,val\Buffalo_Murrah\1beed13f07fc03d9.jpg,Dataset\Buffalo Breeds\Murrah\Murrah_42.jpg,1beed13f07fc03d9354a8c0fefacd0ec101e428a5d903b276c510b09a83125a4
Buffalo_Murrah,val,val\Buffalo_Murrah\c5d470ffac7c11d3.jpg,Dataset\Buffalo Breeds\Murrah\Murrah_94.png,c5d470ffac7c11d367b141792b96d77d9c6a149f5408bc108ba01fbbf2dc5091
Buffalo_Murrah,val,val\Buffalo_Murrah\7d957f1204dae3ae.jpg,Dataset\Buffalo Breeds\Murrah\Murrah_168.jpg,7d957f1204dae3ae896c1ef515996997e4a27e917ee62e077f31130d5f4e14c9
Buffalo_Murrah,val,val\Buffalo_Murrah\ae40e3ff58846395.jpg,Dataset\Buffalo Breeds\Murrah\Murrah_39.jpeg,ae40e3ff5884639551dec5b7ad229739df52907f5115c001090b633b7e199e47
Buffalo_Murrah,val,val\Buffalo_Murrah\d205158deebb8785.jpg,Dataset\Buffalo Breeds\Murrah\Murrah_112.jpg,d205158deebb87859575e5bdce4df8a93bd39adf7aec7308e27ae519f83e3de2
Buffalo_Murrah,val,val\Buffalo_Murrah\239f7d923f3ff575.jpg,Dataset\Buffalo Breeds\Murrah\Murrah_162.jpg,239f7d923f3ff575b9d02417507d776893dcc40608d96dc7780ef1412c77d9b9
Buffalo_Murrah,val,val\Buffalo_Murrah\341b3cfad6a9d721.jpg,Dataset\Buffalo Breeds\Murrah\Murrah_60.jpg,341b3cfad6a9d721174ff9d3fb55a18a96be6845757738d655630ccc3ca6d378
Buffalo_Murrah,val,val\Buffalo_Murrah\3ed71c5f2f41c95c.jpg,Dataset\Buffalo Breeds\Murrah\Murrah_23.jpg,3ed71c5f2f41c95c48d604a955ae0795a66776050838cc456e7c6ce313cbc804
Buffalo_Murrah,val,val\Buffalo_Murrah\b6c372cb7c555ac8.jpg,Dataset\Buffalo Breeds\Murrah\Murrah_86.png,b6c372cb7c555ac8ea9fe69bfaba8955c5e011b56a1fe5278662c889ea919105
Buffalo_Murrah,val,val\Buffalo_Murrah\cdb7e764c13024fd.jpg,Dataset\Buffalo Breeds\Murrah\Murrah_165.jpg,cdb7e764c13024fdd9a4d8a72738148b134afc7528ffc87a0919fba98ffa73c1
Buffalo_Murrah,val,val\Buffalo_Murrah\e295ad1e5129cca7.jpg,Dataset\Buffalo Breeds\Murrah\Murrah_8.jpg,e295ad1e5129cca7a500f79f731fc722406927a4e059aee83d641bab331725ff
Buffalo_Murrah,val,val\Buffalo_Murrah\dda8ae833177bb31.jpg,Dataset\Buffalo Breeds\Murrah\Murrah_81.jpg,dda8ae833177bb31388e3bf7c962d63ccde28077835f1bb3c06734fe3e9cfe1e
Buffalo_Murrah,val,val\Buffalo_Murrah\6055937bf5c029ef.jpg,Dataset\Buffalo Breeds\Murrah\Murrah_88.jpeg,6055937bf5c029efbb3884d62926778cfc8ac4c90275534a3506dc819a9e3826
Buffalo_Murrah,val,val\Buffalo_Murrah\164099f0d8923630.jpg,Dataset\Buffalo Breeds\Murrah\Murrah_166.jpg,164099f0d8923630c27dfe7146af372786e150202ec1cc8bf4c3108bae9d4877
Buffalo_Murrah,val,val\Buffalo_Murrah\b5fabdcaf1c531bc.jpg,Dataset\Buffalo Breeds\Murrah\Murrah_47.jpeg,b5fabdcaf1c531bc54703ad6c65bb8ef37f817fb99929ef6e39315ebdc3d7797
Buffalo_Murrah,val,val\Buffalo_Murrah\a627fb804bf9cf79.jpg,Dataset\Buffalo Breeds\Murrah\Murrah_114.jpg,a627fb804bf9cf792893e58854498f814a23881cd091edcac7cd2f6866232274
Buffalo_Murrah,val,val\Buffalo_Murrah\f554e39a1c600c78.jpg,Dataset\Buffalo Breeds\Murrah\Murrah_140.jpg,f554e39a1c600c78b9099431352595d9d2a02e449eeba0735cd80d41a68c4ace
Buffalo_Murrah,val,val\Buffalo_Murrah\a62fe0db445fba7a.jpg,Dataset\Buffalo Breeds\Murrah\Murrah_6.jpg,a62fe0db445fba7aae67da7e5f03d7555b51504c5cd5a7586122770785037717
Buffalo_Murrah,val,val\Buffalo_Murrah\019f785a41866137.jpg,Dataset\Buffalo Breeds\Murrah\Murrah_16.jpg,019f785a41866137730f958fb7cac46bf190601d759cd9adb5c028c6d37ca9be
Buffalo_Murrah,val,val\Buffalo_Murrah\76c02c643ee06e5e.jpg,Dataset\Buffalo Breeds\Murrah\Murrah_136.jpg,76c02c643ee06e5e5b1a2d3f2a54fdf1c5fdf93ebad509226c385dd61f43abe8
Buffalo_Murrah,val,val\Buffalo_Murrah\da8e5fa8878af788.jpg,Dataset\Buffalo Breeds\Murrah\Murrah_152.jpg,da8e5fa8878af788da641c281260c031f4325615bef6b2832368a05154002050
Buffalo_Murrah,val,val\Buffalo_Murrah\e584cce9d9c9893e.jpg,Dataset\Buffalo Breeds\Murrah\Murrah_22.jpg,e584cce9d9c9893e2fce1d8070cd3e31ff5e33810de38470f83139651ed5d07f
Buffalo_Murrah,val,val\Buffalo_Murrah\c8398c1b6e5ad8b2.jpg,Dataset\Buffalo Breeds\Murrah\Murrah_24.jpeg,c8398c1b6e5ad8b2ed61f073b6e63d995c6b939c3e24154a63420321dcbb24cd
Buffalo_Murrah,train,train\Buffalo_Murrah\fa628e6d5fcc9019.jpg,Dataset\Buffalo Breeds\Murrah\Murrah_51.jpeg,fa628e6d5fcc90191af6dea99b1510303b2dd80124a5b6b5e691d8358f996c2c
Buffalo_Murrah,train,train\Buffalo_Murrah\7f2ee017639ea483.jpg,Dataset\Buffalo Breeds\Murrah\Murrah_30.jpg,7f2ee017639ea483bdc1faf79b672a0058bc1500c8077c011c5d3a848a05def0
Buffalo_Murrah,train,train\Buffalo_Murrah\df964f2cde01e489.jpg,Dataset\Buffalo Breeds\Murrah\Murrah_98.png,df964f2cde01e489b8d82f227218c4817019842f541d0c33432792da44cecb3e
Buffalo_Murrah,train,train\Buffalo_Murrah\5326f46bd7186a6f.jpg,Dataset\Buffalo Breeds\Murrah\Murrah_142.jpg,5326f46bd7186a6f9f58da8761221ecf650759bba85b6db03dd50b49282bf606
Buffalo_Murrah,train,train\Buffalo_Murrah\7ae514ca325de7e0.jpg,Dataset\Buffalo Breeds\Murrah\Murrah_107.jpg,7ae514ca325de7e0e5e22e108a49031e750b42ff88b2c4c704258519d216da3a
Buffalo_Murrah,train,train\Buffalo_Murrah\78dd31f9e8c271b1.jpg,Dataset\Buffalo Breeds\Murrah\Murrah_9.jpg,78dd31f9e8c271b1a31ce224ea446c9d026c729e139cd687401a586f383b6c0f
Buffalo_Murrah,train,train\Buffalo_Murrah\7df54c045e41c5da.jpg,Dataset\Buffalo Breeds\Murrah\Murrah_58.jpg,7df54c045e41c5da2b5154fe1c35e1e4a5826da6d87c9edc152ef8a5051ef0fb
Buffalo_Murrah,train,train\Buffalo_Murrah\8aa227efe5f439ab.jpg,Dataset\Buffalo Breeds\Murrah\Murrah_141.jpg,8aa227efe5f439ab66c000326f77e232a405f01b8635c1f421cd6ab0be481e6b
Buffalo_Murrah,train,train\Buffalo_Murrah\4781fc619aca7bba.jpg,Dataset\Buffalo Breeds\Murrah\Murrah_82.jpg,4781fc619aca7bba4dab14bb57b4df3dddb940c4532f7518bb02e7fa213b9437
Buffalo_Murrah,train,train\Buffalo_Murrah\20f681f7e51778f7.jpg,Dataset\Buffalo Breeds\Murrah\Murrah_89.jpg,20f681f7e51778f77857030b724047ac9b934e5fefd81a61b7b58ec3af916abf
Buffalo_Murrah,train,train\Buffalo_Murrah\028d45b31aa74676.jpg,Dataset\Buffalo Breeds\Murrah\Murrah_159.jpg,028d45b31aa74676c739454a29d0760d2f92792d8b18dd5a8972199f0138aca7
Buffalo_Murrah,train,train\Buffalo_Murrah\d0c2a0cd6b7ee13e.jpg,Dataset\Buffalo Breeds\Murrah\Murrah_108.jpg,d0c2a0cd6b7ee13eb61bb13ce345a7ee361efa2e1f7250a2e486465051aef10a
Buffalo_Murrah,train,train\Buffalo_Murrah\4984e4c64e4b159d.jpg,Dataset\Buffalo Breeds\Murrah\Murrah_10.jpg,4984e4c64e4b159d4692cfa785bf867608a5ceb410791b5b20a81f1ff3f2a345
Buffalo_Murrah,train,train\Buffalo_Murrah\d578f09ac2b04d1e.jpg,Dataset\Buffalo Breeds\Murrah\Murrah_124.jpg,d578f09ac2b04d1eaca8c4193f2584e1208fdf4009f19c3221e38332e6153492
Buffalo_Murrah,train,train\Buffalo_Murrah\26049cc1ab06bcbf.jpg,Dataset\Buffalo Breeds\Murrah\Murrah_25.jpg,26049cc1ab06bcbf54d663ab6a7df4b2ad37cb5f1761395df5b23fe7eaeb85e7
Buffalo_Murrah,train,train\Buffalo_Murrah\1c9b83afe520fc8f.jpg,Dataset\Buffalo Breeds\Murrah\Murrah_93.png,1c9b83afe520fc8f6705a439e8a58afb197858e164591148033c982575341e64
Buffalo_Murrah,train,train\Buffalo_Murrah\e9c6741fa144a495.jpg,Dataset\Buffalo Breeds\Murrah\Murrah_147.jpg,e9c6741fa144a4956d18e4cdf92f1325ba548d70beec2046cc5163c7d9fb17ea
Buffalo_Murrah,train,train\Buffalo_Murrah\f878117122febec1.jpg,Dataset\Buffalo Breeds\Murrah\Murrah_64.jpg,f878117122febec12e60a9e442b3f88bb77f0fcab934c58eb6faa0c729fd4708
Buffalo_Murrah,train,train\Buffalo_Murrah\dfc7df07eb8ef41c.jpg,Dataset\Buffalo Breeds\Murrah\Murrah_179.jpg,dfc7df07eb8ef41cd6fd09cd4e7ab0193588d1935a749651bb633b5c1bddd834
Buffalo_Murrah,train,train\Buffalo_Murrah\a92e2b2a20bf83bb.jpg,Dataset\Buffalo Breeds\Murrah\Murrah_79.jpg,a92e2b2a20bf83bb328c7fb3673bfb381394b1846bc1fce4911d58c8b0dd03b9
Buffalo_Murrah,train,train\Buffalo_Murrah\ae0b6b482353fd54.jpg,Dataset\Buffalo Breeds\Murrah\Murrah_109.jpg,ae0b6b482353fd5400cb8ff55e882af278952dccbed93cbef0070f9e249ba2df
Buffalo_Murrah,train,train\Buffalo_Murrah\e57e43b83a187b89.jpg,Dataset\Buffalo Breeds\Murrah\Murrah_14.jpeg,e57e43b83a187b8990afed3134f7ec2bcb2c005a5108befd2d692700f1f445d3
Buffalo_Murrah,train,train\Buffalo_Murrah\8aa70f406f3adf90.jpg,Dataset\Buffalo Breeds\Murrah\Murrah_68.jpg,8aa70f406f3adf9056726ad2e238a27ba5d29c0baac7a771a8baaf241bbe75ce
Buffalo_Murrah,train,train\Buffalo_Murrah\42e9a33bb5210cec.jpg,Dataset\Buffalo Breeds\Murrah\Murrah_154.jpg,42e9a33bb5210cec3532c2304091c714d79b47df5a01d205fc60840cf50375e9
Buffalo_Murrah,train,train\Buffalo_Murrah\26e53eec30b599e8.jpg,Dataset\Buffalo Breeds\Murrah\Murrah_127.jpeg,26e53eec30b599e846ae6cd3d309e531926bd12f74bc2c1767fc0e78fb62632b
Buffalo_Murrah,train,train\Buffalo_Murrah\a447c446e610c4f5.jpg,Dataset\Buffalo Breeds\Murrah\Murrah_31.jpeg,a447c446e610c4f543270160d729381427ccc18cd1f2142bacbba052836ccdc5
Buffalo_Murrah,train,train\Buffalo_Murrah\705a83d4d3c765e6.jpg,Dataset\Buffalo Breeds\Murrah\Murrah_181.jpg,705a83d4d3c765e6dcfc9b8986eb4665339c2643f660b606882f908750d20b5b
Buffalo_Murrah,train,train\Buffalo_Murrah\68f6a1e6e08070fd.jpg,Dataset\Buffalo Breeds\Murrah\Murrah_99.png,68f6a1e6e08070fd0e883579527524f40716a8bd84709bc18b7268b2173b9a25
Buffalo_Murrah,train,train\Buffalo_Murrah\26233549fe1ec6b2.jpg,Dataset\Buffalo Breeds\Murrah\Murrah_52.jpg,26233549fe1ec6b2f9ef252a4c3d75210d85d8fdb2ae3b996168c0d32b3475fc
Buffalo_Murrah,train,train\Buffalo_Murrah\04ed4e8d74389f90.jpg,Dataset\Buffalo Breeds\Murrah\Murrah_148.jpg,04ed4e8d74389f90c464b9df70bdbc25b29d052eb76e686ebd30fd30ff52c330
Buffalo_Murrah,train,train\Buffalo_Murrah\19aa49faa92edb31.jpg,Dataset\Buffalo Breeds\Murrah\Murrah_160.jpg,19aa49faa92edb3165d9645b2ed2e47cc9c5f47b45c04daf1afffe46060651d8
Buffalo_Murrah,train,train\Buffalo_Murrah\6209be529301b93e.jpg,Dataset\Buffalo Breeds\Murrah\Murrah_128.jpg,6209be529301b93effc06417f356cce7dfa78781a304d1a81d8cdc912e72702a
Buffalo_Murrah,train,train\Buffalo_Murrah\0b73756520ae2472.jpg,Dataset\Buffalo Breeds\Murrah\Murrah_73.jpg,0b73756520ae2472de14d6fe57ab2614962dcfffbf85c0b1c217dd7ac7d68716
Buffalo_Murrah,train,train\Buffalo_Murrah\82fb5582ce13b3be.jpg,Dataset\Buffalo Breeds\Murrah\Murrah_163.jpg,82fb5582ce13b3bed01d403f978fdb588bedfd3731bb902608c181b747322ee4
Buffalo_Murrah,train,train\Buffalo_Murrah\3a0730a670cf9eb5.jpg,Dataset\Buffalo Breeds\Murrah\Murrah_70.jpg,3a0730a670cf9eb50d002b7cdca9cb2a368e255f0ec9705b1e7d4ec4ea078ed9
Buffalo_Murrah,train,train\Buffalo_Murrah\f9b2704b3aee25f5.jpg,Dataset\Buffalo Breeds\Murrah\Murrah_151.jpg,f9b2704b3aee25f57faef17462361b1fbb4e4e1e13b8c7f0e8113dfab3cc57ef
Buffalo_Murrah,train,train\Buffalo_Murrah\7b280f09500f6d52.jpg,Dataset\Buffalo Breeds\Murrah\Murrah_44.jpg,7b280f09500f6d5243bd759c3997bea132ed9ab1631a3a44a565a094d8410b8b
Buffalo_Murrah,train,train\Buffalo_Murrah\200c54fd06e2e319.jpg,Dataset\Buffalo Breeds\Murrah\Murrah_35.jpg,200c54fd06e2e31946d26ecc8cc4dea7de82519e9f7f5dc17b5c08ab8ac986b3
Buffalo_Murrah,train,train\Buffalo_Murrah\0a0cff2526e2c37f.jpg,Dataset\Buffalo Breeds\Murrah\Murrah_138.jpg,0a0cff2526e2c37fbf9e75108676d733081f75961d52069a54e8b1ebc597e123
Buffalo_Murrah,train,train\Buffalo_Murrah\b75901cb7476a7b4.jpg,Dataset\Buffalo Breeds\Murrah\Murrah_46.jpg,b75901cb7476a7b4914da245f61240ff1e608d99064b5a415db756cf33e55624
Buffalo_Murrah,train,train\Buffalo_Murrah\a28b44df5f7818af.jpg,Dataset\Buffalo Breeds\Murrah\Murrah_45.jpg,a28b44df5f7818af58956f910b0423500e7980ca88cca0c3355457b80555dd7b
Buffalo_Murrah,train,train\Buffalo_Murrah\73cbda72bd0780ad.jpg,Dataset\Buffalo Breeds\Murrah\Murrah_33.jpg,73cbda72bd0780ad825cf348930d84d04e84f0e41b8406a523ce7c6d1b66abfc
Buffalo_Murrah,train,train\Buffalo_Murrah\a060638001c1f7ea.jpg,Dataset\Buffalo Breeds\Murrah\Murrah_146.jpg,a060638001c1f7ea054d49835de6e3f42c7c8372751b73af37fe3d749db133d2
Buffalo_Murrah,train,train\Buffalo_Murrah\d434dc51da4a41b6.jpg,Dataset\Buffalo Breeds\Murrah\Murrah_34.jpeg,d434dc51da4a41b6e55c8324d202f97f12fc31c3776396550dee00a5afde4820
Buffalo_Murrah,train,train\Buffalo_Murrah\a052f849db71eb44.jpg,Dataset\Buffalo Breeds\Murrah\Murrah_101.jpg,a052f849db71eb443f093d6a140a00c099139a09df3e4c64b96bbff224e35c95
Buffalo_Murrah,train,train\Buffalo_Murrah\0963580d9c933c58.jpg,Dataset\Buffalo Breeds\Murrah\Murrah_40.jpg,0963580d9c933c58b64322a9aa713df506263d743b7ba4d84aa723de594ca2e6
Buffalo_Murrah,train,train\Buffalo_Murrah\4fcbbad3c693e07a.jpg,Dataset\Buffalo Breeds\Murrah\Murrah_125.jpg,4fcbbad3c693e07ac6808e733e38f2ea769313baf9b7948a1c4ca7d877decabe
Buffalo_Murrah,train,train\Buffalo_Murrah\be541f0cd16f6cd4.jpg,Dataset\Buffalo Breeds\Murrah\Murrah_123.jpg,be541f0cd16f6cd45f0b37bea306bb8195ff90d28af8707be49ddbd2ba21faea
Buffalo_Murrah,train,train\Buffalo_Murrah\4b28befd37f59de2.jpg,Dataset\Buffalo Breeds\Murrah\Murrah_134.jpg,4b28befd37f59de2db7f7e65c0c383c3cdff5304ebf7af8615b98f7e4879b368
Buffalo_Murrah,train,train\Buffalo_Murrah\000bed14fd6ad3f5.jpg,Dataset\Buffalo Breeds\Murrah\Murrah_65.jpg,000bed14fd6ad3f5b5ab4b8b2e3ac946eefec6c464ba73efa69150664050f459
Buffalo_Murrah,train,train\Buffalo_Murrah\411ba2a55f9ad129.jpg,Dataset\Buffalo Breeds\Murrah\Murrah_38.jpg,411ba2a55f9ad12984bdb56fd590280d4f37d3ba6a5c6d11109def197716da45
Buffalo_Murrah,train,train\Buffalo_Murrah\2735420a5d3e656f.jpg,Dataset\Buffalo Breeds\Murrah\Murrah_19.jpg,2735420a5d3e656ff21c5a11e2d2cf3db6239516492f3fb4c2e15cf35671a1ff
Buffalo_Murrah,train,train\Buffalo_Murrah\7282964f25a3f5fc.jpg,Dataset\Buffalo Breeds\Murrah\Murrah_91.png,7282964f25a3f5fcdb7ec9cb918572273b523bae2c8361991042490828cefcee
Buffalo_Murrah,train,train\Buffalo_Murrah\91bf64bafc3f8034.jpg,Dataset\Buffalo Breeds\Murrah\Murrah_175.jpeg,91bf64bafc3f8034d95a44d0105e7065c8dfb63d5682644d95a53a3ff4ecfbbb
Buffalo_Murrah,train,train\Buffalo_Murrah\b606ddf65b06484f.jpg,Dataset\Buffalo Breeds\Murrah\Murrah_41.jpg,b606ddf65b06484f99171894e85520d37ac5221174003b40f739a81e1b018828
Buffalo_Murrah,train,train\Buffalo_Murrah\e2a97cf73a013ae0.jpg,Dataset\Buffalo Breeds\Murrah\Murrah_49.jpg,e2a97cf73a013ae022ffe44b72aed3cb9367c56ef3d19dcf9887c392a3577f5e
Buffalo_Murrah,train,train\Buffalo_Murrah\6a90ff424b8f4c03.jpg,Dataset\Buffalo Breeds\Murrah\Murrah_97.png,6a90ff424b8f4c032da761953c37372afef85290c0a0f5223b1f969be1f694dc
Buffalo_Murrah,train,train\Buffalo_Murrah\3673e13ab9ca7559.jpg,Dataset\Buffalo Breeds\Murrah\Murrah_80.jpg,3673e13ab9ca75599ae0096c83e8ed8abc15bf803ed655682344bf2d3facb6db
Buffalo_Murrah,train,train\Buffalo_Murrah\f3ac12a568d6c7dd.jpg,Dataset\Buffalo Breeds\Murrah\Murrah_135.jpeg,f3ac12a568d6c7dd500b5108ddef8b3c7974eb575509a0cbd02f1d8dd17fc16d
Buffalo_Murrah,train,train\Buffalo_Murrah\0fcc00e5c0b25b26.jpg,Dataset\Buffalo Breeds\Murrah\Murrah_92.png,0fcc00e5c0b25b26a3f81d34f6af229f7c3261e33681c7092a60731042cbe9b8
Buffalo_Murrah,train,train\Buffalo_Murrah\e31dddb5460423f7.jpg,Dataset\Buffalo Breeds\Murrah\Murrah_130.jpg,e31dddb5460423f70ed639bd4dc065b1fbcc72460e2eb890f9e8c47ef0038626
Buffalo_Murrah,train,train\Buffalo_Murrah\561b9e92bfffb9ab.jpg,Dataset\Buffalo Breeds\Murrah\Murrah_149.jpg,561b9e92bfffb9ab683ffbb399d8ecadae8b3f9eb6c006aac9c01a9e3c4c8e20
Buffalo_Murrah,train,train\Buffalo_Murrah\f465af705635f5ff.jpg,Dataset\Buffalo Breeds\Murrah\Murrah_53.jpg,f465af705635f5ffc28ed8118d351043950b8a7d804ab87a82ca0b4bedabec76
Buffalo_Murrah,train,train\Buffalo_Murrah\611feba4caf6eca4.jpg,Dataset\Buffalo Breeds\Murrah\Murrah_43.jpg,611feba4caf6eca44a76b03f231508f385e19ebb7f94b4f82f6f6443b99e4586
Buffalo_Murrah,train,train\Buffalo_Murrah\c71c7c2e352375db.jpg,Dataset\Buffalo Breeds\Murrah\Murrah_15.jpg,c71c7c2e352375dbc77a33d3c8cf0cb4a4fb1a1db91134d125bf994198570924
Buffalo_Murrah,train,train\Buffalo_Murrah\7f3b30f11d26cf05.jpg,Dataset\Buffalo Breeds\Murrah\Murrah_96.png,7f3b30f11d26cf0513c6d56d53d10ea8c50d2ee80ebbf4ee2e53d8c7c6dfc93b
Buffalo_Murrah,train,train\Buffalo_Murrah\dc66b1dee1334806.jpg,Dataset\Buffalo Breeds\Murrah\Murrah_106.jpg,dc66b1dee133480676c37f4acbf9047db2d75f69c1c547e76bfb58412063250e
Buffalo_Murrah,train,train\Buffalo_Murrah\c7ae513092cf7033.jpg,Dataset\Buffalo Breeds\Murrah\Murrah_118.jpg,c7ae513092cf7033595f153b414a90a8dfb7115a8d59038a9ad4a423e3dda831
Buffalo_Murrah,train,train\Buffalo_Murrah\48460373d728c418.jpg,Dataset\Buffalo Breeds\Murrah\Murrah_158.jpg,48460373d728c418cff11f083a87ed507d8ef379ea693cc39eaff03bd8b4b729
Buffalo_Murrah,train,train\Buffalo_Murrah\aedc6b317477bb64.jpg,Dataset\Buffalo Breeds\Murrah\Murrah_12.jpg,aedc6b317477bb645d2d6002fc2677a2b8313b67f1e940fa035674a8377cdd74
Buffalo_Murrah,train,train\Buffalo_Murrah\1007e40cecaa75b1.jpg,Dataset\Buffalo Breeds\Murrah\Murrah_83.jpg,1007e40cecaa75b13e80be657eeedc30e2175cf9c99a8392a4e2e9cd8ad3e5ae
Buffalo_Murrah,train,train\Buffalo_Murrah\b5ef671f259764dc.jpg,Dataset\Buffalo Breeds\Murrah\Murrah_178.jpg,b5ef671f259764dc2a57c0deb6a5797e84992c1056bf5021a889156361733e4c
Buffalo_Murrah,train,train\Buffalo_Murrah\b5b943c22603168f.jpg,Dataset\Buffalo Breeds\Murrah\Murrah_150.jpg,b5b943c22603168f5e0f7c2e83a5b25aec8b39654b51365bbfbef594c01286a4
Buffalo_Murrah,train,train\Buffalo_Murrah\9ca83dc5c9e36a2c.jpg,Dataset\Buffalo Breeds\Murrah\Murrah_48.jpg,9ca83dc5c9e36a2ce91c18db177580002d78da5baf137de5be7212abf843c66b
Buffalo_Murrah,train,train\Buffalo_Murrah\ba6478359f7477dd.jpg,Dataset\Buffalo Breeds\Murrah\Murrah_102.jpg,ba6478359f7477dd478c5ce57959006ecd993ff3d6eaf4595c25c300eb7941af
Buffalo_Murrah,train,train\Buffalo_Murrah\7f060091db4e5762.jpg,Dataset\Buffalo Breeds\Murrah\Murrah_95.jpg,7f060091db4e57622a1db33b1068e70a928bafb6f90833d4ca04ae7b610e813f
Buffalo_Murrah,train,train\Buffalo_Murrah\f6adfc883ab967c8.jpg,Dataset\Buffalo Breeds\Murrah\Murrah_71.jpg,f6adfc883ab967c8c4cf5d54a6b4b5df589454837b30905e2631a19e1ecbc394
Buffalo_Murrah,train,train\Buffalo_Murrah\4df6ab28f4546450.jpg,Dataset\Buffalo Breeds\Murrah\Murrah_59.jpg,4df6ab28f4546450d63f9a1bc7849561d66a42e0ebcad8deaeb1ea7e87405b56
Buffalo_Murrah,train,train\Buffalo_Murrah\b9f5aad2fb000ea6.jpg,Dataset\Buffalo Breeds\Murrah\Murrah_29.jpg,b9f5aad2fb000ea62442d4f70f5f7ef42eb4944efe13449709a6ca75d388033d
Buffalo_Murrah,train,train\Buffalo_Murrah\caf0f289f98e32da.jpg,Dataset\Buffalo Breeds\Murrah\Murrah_76.jpg,caf0f289f98e32da6207fb8ebbba99187d466269c1154cc1784c5f0702045f06
Buffalo_Murrah,train,train\Buffalo_Murrah\4230858d7a21aaee.jpg,Dataset\Buffalo Breeds\Murrah\Murrah_63.jpg,4230858d7a21aaee4aefa9d2ac4f4e569edf4ab4e2db42c3a603d5b3b7efaa8f
Buffalo_Murrah,train,train\Buffalo_Murrah\6ca4234a8fd42c7f.jpg,Dataset\Buffalo Breeds\Murrah\Murrah_120.jpg,6ca4234a8fd42c7f88d68c61e55a273dfdd53d2106f75ccd1783369a27521b16
Buffalo_Murrah,train,train\Buffalo_Murrah\a2f62c471c0575da.jpg,Dataset\Buffalo Breeds\Murrah\Murrah_132.png,a2f62c471c0575da9088571960f60b65f5668a1e59077ebb417996816122f45b
Buffalo_Murrah,train,train\Buffalo_Murrah\accadff985bdfa77.jpg,Dataset\Buffalo Breeds\Murrah\Murrah_100.png,accadff985bdfa7774dbc52706b97669711b2238894237799707eebb8a8c7836
Buffalo_Murrah,train,train\Buffalo_Murrah\f5c58d7eae619e4d.jpg,Dataset\Buffalo Breeds\Murrah\Murrah_50.jpg,f5c58d7eae619e4d13a3c96d8d4bd352a412342deceac45b3e2430ba367cb4ae
Buffalo_Murrah,train,train\Buffalo_Murrah\3ad8e30ad3e708a1.jpg,Dataset\Buffalo Breeds\Murrah\Murrah_55.jpg,3ad8e30ad3e708a1165b3bf1fbd2ceeaadc90020bf036dbcca87f80593c090eb
Buffalo_Murrah,train,train\Buffalo_Murrah\9d0f7917c78587f7.jpg,Dataset\Buffalo Breeds\Murrah\Murrah_145.jpg,9d0f7917c78587f7d2d5c05f762041724349b01c70868c655ad78aa630a76c68
Buffalo_Murrah,train,train\Buffalo_Murrah\3f33ed5e5613870c.jpg,Dataset\Buffalo Breeds\Murrah\Murrah_90.png,3f33ed5e5613870c8df34cf429d7303aadc0b9adae5c8cd03c5381228de3f4e4
Buffalo_Murrah,train,train\Buffalo_Murrah\76b03a8e80f1589b.jpg,Dataset\Buffalo Breeds\Murrah\Murrah_137.jpeg,76b03a8e80f1589b82147f18b61495b9b4d63498b4922c1eea1dd8abaa1a7f9a
Buffalo_Murrah,train,train\Buffalo_Murrah\c5f4faddd6c640b3.jpg,Dataset\Buffalo Breeds\Murrah\Murrah_26.jpg,c5f4faddd6c640b3b403dde5adbf36afe0f2c28b658d2f025bd626006f95255c
Buffalo_Murrah,train,train\Buffalo_Murrah\02711b1fb490c108.jpg,Dataset\Buffalo Breeds\Murrah\Murrah_1.JPG,02711b1fb490c108c977decd3d359a0c9282c44c7a584d52fff8178b0c83dfcf
Buffalo_Murrah,train,train\Buffalo_Murrah\af9e2c2ee9031f7a.jpg,Dataset\Buffalo Breeds\Murrah\Murrah_113.jpeg,af9e2c2ee9031f7a56a52c553f0cb284eecbb3ae6a3ec07053812874fa6de7d3
Buffalo_Murrah,train,train\Buffalo_Murrah\707ce8c86aeea561.jpg,Dataset\Buffalo Breeds\Murrah\Murrah_173.jpeg,707ce8c86aeea561eed2c288a74528e7f30cfd81f1860c143920441b9ef18dd9
Buffalo_Murrah,train,train\Buffalo_Murrah\1bc64bcd97981857.jpg,Dataset\Buffalo Breeds\Murrah\Murrah_5.jpg,1bc64bcd979818571971a5bd61dcb1d402bd6f66dae1f011980f5758be65a71d
Buffalo_Murrah,train,train\Buffalo_Murrah\2470aee7eeb1ade3.jpg,Dataset\Buffalo Breeds\Murrah\Murrah_126.jpg,2470aee7eeb1ade314488d7b0acfc77cbae6770f94a9280ac1849741f8dbbb9a
Buffalo_Murrah,train,train\Buffalo_Murrah\1f861baf7a0d361b.jpg,Dataset\Buffalo Breeds\Murrah\Murrah_115.jpg,1f861baf7a0d361b7b96d130562f2ee43c8d70d037ea9915a7cc91c970b0fea4
Buffalo_Murrah,train,train\Buffalo_Murrah\8e8eb662f80e746d.jpg,Dataset\Buffalo Breeds\Murrah\Murrah_167.jpg,8e8eb662f80e746dcc04c7ac7fc00c37f3c62f82fccaae1aae9b58310ba8731b
Buffalo_Murrah,train,train\Buffalo_Murrah\e253ccf472114268.jpg,Dataset\Buffalo Breeds\Murrah\Murrah_69.jpg,e253ccf472114268b4a6594e64c306ca0dfec292c8e215733581ddb2c655ee97
Buffalo_Murrah,train,train\Buffalo_Murrah\43d8969fb114910c.jpg,Dataset\Buffalo Breeds\Murrah\Murrah_74.jpg,43d8969fb114910cc12167b20af27cd3727d070eeaeb0c5d7a03534a9460e8a2
Buffalo_Murrah,train,train\Buffalo_Murrah\4030a8fdee898efe.jpg,Dataset\Buffalo Breeds\Murrah\Murrah_17.jpg,4030a8fdee898efe25bf24cd17493f89be9a6a208569326b0688e58d6359ec5b
Buffalo_Murrah,train,train\Buffalo_Murrah\306ca5fa6ce75dc2.jpg,Dataset\Buffalo Breeds\Murrah\Murrah_155.jpg,306ca5fa6ce75dc2863ce9e01c7df5978532eab0d01fb351da5ce142141b2673
Buffalo_Murrah,train,train\Buffalo_Murrah\911718d43c13950c.jpg,Dataset\Buffalo Breeds\Murrah\Murrah_28.jpg,911718d43c13950c02ec25e530ac88bcbbe44f03faac63d391a1d5d3f13c1665
Buffalo_Murrah,train,train\Buffalo_Murrah\d044e5d0f3d95c17.jpg,Dataset\Buffalo Breeds\Murrah\Murrah_156.jpg,d044e5d0f3d95c17a5c93594c45a5421f8bfbce7fd15b6d0224e0f01ddebe622
Buffalo_Murrah,train,train\Buffalo_Murrah\5a61a20ca8df526a.jpg,Dataset\Buffalo Breeds\Murrah\Murrah_176.jpg,5a61a20ca8df526ad431692280455f69c6efaf2ac5df2fd729f1a2c1b9e61e3d
Buffalo_Murrah,train,train\Buffalo_Murrah\7f4c254511c6a4ab.jpg,Dataset\Buffalo Breeds\Murrah\Murrah_172.jpg,7f4c254511c6a4ab59360400efd3b9c5d19102ac1699b98575f890fae26ac0ae
Buffalo_Murrah,train,train\Buffalo_Murrah\aead91914813e885.jpg,Dataset\Buffalo Breeds\Murrah\Murrah_143.jpg,aead91914813e8852df9c4d00321e233fa3a29bd2856cdb0cbbd42cfdafa7bde
Buffalo_Murrah,train,train\Buffalo_Murrah\1ddcb9273eb53b3e.jpg,Dataset\Buffalo Breeds\Murrah\Murrah_87.jpg,1ddcb9273eb53b3e2d85c0358672a13d9e8ffe0a26531bc9816ac41adb212cdf
Buffalo_Murrah,train,train\Buffalo_Murrah\854d208498db3e90.jpg,Dataset\Buffalo Breeds\Murrah\Murrah_131.jpg,854d208498db3e9081703639ac633d9ca19ec474a304cafb01fc40fa462f196e
Buffalo_Murrah,train,train\Buffalo_Murrah\c03294cd73731c6d.jpg,Dataset\Buffalo Breeds\Murrah\Murrah_133.jpg,c03294cd73731c6d3de4a079527b0fa00a7469943801c7f077218b067db0cf88
Buffalo_Nagpuri,test,test\Buffalo_Nagpuri\c3be9d822af7ff59.jpg,Dataset\Buffalo Breeds\Nagpuri\Nagpuri_122.png,c3be9d822af7ff5995c4dcfd9d2c02badcc83ffb9681eef59409dd7e76f9af75
Buffalo_Nagpuri,test,test\Buffalo_Nagpuri\90e87dcf7671a9bc.jpg,Dataset\Buffalo Breeds\Nagpuri\Nagpuri_59.jpg,90e87dcf7671a9bcb0f059db24f3836069a9d09d1f43706d66f3db81905bd523
Buffalo_Nagpuri,test,test\Buffalo_Nagpuri\4fdf39cb0f5c3abd.jpg,Dataset\Buffalo Breeds\Nagpuri\Nagpuri_104.jpg,4fdf39cb0f5c3abdd50a5df3e6a8b73d4cc38ada40cb98bfc760ff780c039fbb
Buffalo_Nagpuri,test,test\Buffalo_Nagpuri\3ab854b5ff80afe8.jpg,Dataset\Buffalo Breeds\Nagpuri\Nagpuri_166.png,3ab854b5ff80afe8d5ceded2784c3489b3582d472bacdcf21a4ba85e74b2218d
Buffalo_Nagpuri,test,test\Buffalo_Nagpuri\9725316033932637.jpg,Dataset\Buffalo Breeds\Nagpuri\Nagpuri_174.jpg,97253160339326375d3ac047e39e2fbaff63b6648b33487d0ad858d33cc2e181
Buffalo_Nagpuri,test,test\Buffalo_Nagpuri\560f9c21d386403c.jpg,Dataset\Buffalo Breeds\Nagpuri\Nagpuri_193.jpg,560f9c21d386403ccdedcde00fe431422b0c439ab92a4261382371d1af5fa41f
Buffalo_Nagpuri,test,test\Buffalo_Nagpuri\994a33e20c34cff8.jpg,Dataset\Buffalo Breeds\Nagpuri\Nagpuri_33.jpg,994a33e20c34cff803961f9bbf3cb6501ad3d5af8800f1948f7d59f272d37877
Buffalo_Nagpuri,test,test\Buffalo_Nagpuri\265a0219fe58ec36.jpg,Dataset\Buffalo Breeds\Nagpuri\Nagpuri_96.jpg,265a0219fe58ec36280facc31aaeb9901b38a925b815b5471037bc0cafd2b122
Buffalo_Nagpuri,test,test\Buffalo_Nagpuri\46e0a40bb5a507ec.jpg,Dataset\Buffalo Breeds\Nagpuri\Nagpuri_144.png,46e0a40bb5a507ec993c4aa2501bb48c9fae32fc0a6e9c050828c9316fdcbc67
Buffalo_Nagpuri,test,test\Buffalo_Nagpuri\df1d3e69646a91f5.jpg,Dataset\Buffalo Breeds\Nagpuri\Nagpuri_29.jpg,df1d3e69646a91f5f7668fd3f2deb2d98f1ca486a9871a891e765b70ea32a58d
Buffalo_Nagpuri,test,test\Buffalo_Nagpuri\155c224cdfa427fe.jpg,Dataset\Buffalo Breeds\Nagpuri\Nagpuri_103.png,155c224cdfa427fed543b1bb1ee3170f0f29c9609984e8c82628974268fc37b3
Buffalo_Nagpuri,test,test\Buffalo_Nagpuri\7fb6428e6ca04bdd.jpg,Dataset\Buffalo Breeds\Nagpuri\Nagpuri_45.jpg,7fb6428e6ca04bdd87cba324e95eb8781718407524b0ddae99cfa3b34c7bb2f3
Buffalo_Nagpuri,test,test\Buffalo_Nagpuri\bc65319269aa547d.jpg,Dataset\Buffalo Breeds\Nagpuri\Nagpuri_116.jpg,bc65319269aa547d8c56608df6c7a1b4efd3c41f9cd6281e6c970e24ee84d1ad
Buffalo_Nagpuri,test,test\Buffalo_Nagpuri\90e159522f65dd0f.jpg,Dataset\Buffalo Breeds\Nagpuri\Nagpuri_71.png,90e159522f65dd0f59e34c7eb901c5e00aa32a2a261c86bae6f236b6cdd44d4a
Buffalo_Nagpuri,test,test\Buffalo_Nagpuri\37648237aa90aa2c.jpg,Dataset\Buffalo Breeds\Nagpuri\Nagpuri_74.jpg,37648237aa90aa2ccc0b64d86b31bb55b73f485e84245fd6fac27f039a31c220
Buffalo_Nagpuri,test,test\Buffalo_Nagpuri\a5a6add74943a5e6.jpg,Dataset\Buffalo Breeds\Nagpuri\Nagpuri_22.png,a5a6add74943a5e6d7f6b173662604d23f41922c96a90360805e843be49cf0bd
Buffalo_Nagpuri,test,test\Buffalo_Nagpuri\9e3fc2c14295f974.jpg,Dataset\Buffalo Breeds\Nagpuri\Nagpuri_115.jpg,9e3fc2c14295f974b34e0c26ccaa80148c173f5a3d83e5e48276d692c2dae6c7
Buffalo_Nagpuri,test,test\Buffalo_Nagpuri\f11e76829ac4738e.jpg,Dataset\Buffalo Breeds\Nagpuri\Nagpuri_177.jpg,f11e76829ac4738ee9ff8f46f617d3d4ac769f45bd27aa2945c73495aeda06c5
Buffalo_Nagpuri,test,test\Buffalo_Nagpuri\4a057841bc200564.jpg,Dataset\Buffalo Breeds\Nagpuri\Nagpuri_92.jpg,4a057841bc20056491122b2effc49c3af32eab7c0b0bfd689d2f78e451eb9a60
Buffalo_Nagpuri,test,test\Buffalo_Nagpuri\e2e1e3f9d4d1a976.jpg,Dataset\Buffalo Breeds\Nagpuri\Nagpuri_113.jpg,e2e1e3f9d4d1a976f5399aff7fc8953d3f8893b4f50451a48e22d8a854d75760
Buffalo_Nagpuri,test,test\Buffalo_Nagpuri\b25bd1eb77f188e5.jpg,Dataset\Buffalo Breeds\Nagpuri\Nagpuri_128.jpg,b25bd1eb77f188e53b1180950fdec6ad48bb7eee9585a3263bf035f9352ec275
Buffalo_Nagpuri,test,test\Buffalo_Nagpuri\e74b057fb15bb4fe.jpg,Dataset\Buffalo Breeds\Nagpuri\Nagpuri_61.png,e74b057fb15bb4fe7dad3d099fdd44ec4ef7968260d07051d37cbbfc9279a83f
Buffalo_Nagpuri,test,test\Buffalo_Nagpuri\db5d1e24ee032f6f.jpg,Dataset\Buffalo Breeds\Nagpuri\Nagpuri_82.jpg,db5d1e24ee032f6f1692d6c30ce6acbae03c079e6cd86e16d4dc62e1cc2ffa99
Buffalo_Nagpuri,test,test\Buffalo_Nagpuri\0318cbf6f9600477.jpg,Dataset\Buffalo Breeds\Nagpuri\Nagpuri_176.png,0318cbf6f9600477d62057c4f23a6a933d444f9cd8a5c5d7cd911cf621ddb616
Buffalo_Nagpuri,test,test\Buffalo_Nagpuri\9ecc003ebb3c18c4.jpg,Dataset\Buffalo Breeds\Nagpuri\Nagpuri_98.jpg,9ecc003ebb3c18c4f44e6a51bac9df539d6615dd7fd6b96ddb06dac2ef838d1a
Buffalo_Nagpuri,test,test\Buffalo_Nagpuri\704f8d5f4e8e8f67.jpg,Dataset\Buffalo Breeds\Nagpuri\Nagpuri_76.jpg,704f8d5f4e8e8f67024a4dc2a916b000281afe6b955a8ea70286e9fdd7f2c7dd
Buffalo_Nagpuri,val,val\Buffalo_Nagpuri\494d811038d09497.jpg,Dataset\Buffalo Breeds\Nagpuri\Nagpuri_141.jpg,494d811038d09497ccc9ece9228fce7ea4592ea14ac9bda02dc4dcb846fd8c59
Buffalo_Nagpuri,val,val\Buffalo_Nagpuri\7de698e7ce4039cc.jpg,Dataset\Buffalo Breeds\Nagpuri\Nagpuri_57.jpg,7de698e7ce4039cc72ce900833daf4ff60207e58d9a6fbc6b6469ce736c7b48d
Buffalo_Nagpuri,val,val\Buffalo_Nagpuri\50cf8ee8a60525ee.jpg,Dataset\Buffalo Breeds\Nagpuri\Nagpuri_133.jpg,50cf8ee8a60525ee75fb93830789f140b2f715c0882f0c0a2dc1308e343cf122
Buffalo_Nagpuri,val,val\Buffalo_Nagpuri\69f7f32b2811c1b0.jpg,Dataset\Buffalo Breeds\Nagpuri\Nagpuri_199.jpg,69f7f32b2811c1b0ec528aebf23ec5144c25bb771d7836762b1e763826a3309f
Buffalo_Nagpuri,val,val\Buffalo_Nagpuri\92c17f318d869c4b.jpg,Dataset\Buffalo Breeds\Nagpuri\Nagpuri_32.jpg,92c17f318d869c4bbe39de7b51e7823547715f1a9574ca058a96554a4c0bef80
Buffalo_Nagpuri,val,val\Buffalo_Nagpuri\e6c00f81a22351e5.jpg,Dataset\Buffalo Breeds\Nagpuri\Nagpuri_19.jpg,e6c00f81a22351e5da958fc20421e551bfeb03ee32ded9cc964102ea9f1ac68e
Buffalo_Nagpuri,val,val\Buffalo_Nagpuri\002e454188ab1937.jpg,Dataset\Buffalo Breeds\Nagpuri\Nagpuri_14.jpg,002e454188ab1937fdef2a2784b66fbc9ae389831d35f313c98186733cb39f68
Buffalo_Nagpuri,val,val\Buffalo_Nagpuri\14ba74fb807abb64.jpg,Dataset\Buffalo Breeds\Nagpuri\Nagpuri_17.png,14ba74fb807abb646a4598b79264c4ac08a9cd938bd01e8430406804abef9377
Buffalo_Nagpuri,val,val\Buffalo_Nagpuri\ce5bc369bc1b12f0.jpg,Dataset\Buffalo Breeds\Nagpuri\Nagpuri_105.png,ce5bc369bc1b12f08c4ceabe817d40c9a4088495761a7862bb02eaa035331c5b
Buffalo_Nagpuri,val,val\Buffalo_Nagpuri\7b841501e4f49a39.jpg,Dataset\Buffalo Breeds\Nagpuri\Nagpuri_64.png,7b841501e4f49a39726201873072e775da977ec03304bdc665e1ca45b0eb6c03
Buffalo_Nagpuri,val,val\Buffalo_Nagpuri\1d4925db47640717.jpg,Dataset\Buffalo Breeds\Nagpuri\Nagpuri_88.jpg,1d4925db476407170186d1910bf4277f3973cdb8038d99bb8aa451ff910f5b1e
Buffalo_Nagpuri,val,val\Buffalo_Nagpuri\42620ff937c9eaf5.jpg,Dataset\Buffalo Breeds\Nagpuri\Nagpuri_146.png,42620ff937c9eaf5bd764775c26f8023e76495aede8c4424f1be5b108de2aa90
Buffalo_Nagpuri,val,val\Buffalo_Nagpuri\58b219ddeb554811.jpg,Dataset\Buffalo Breeds\Nagpuri\Nagpuri_154.jpg,58b219ddeb554811a2e3a2827d5ce851785fb0afe27c65a169ee3cc8a9b6ea72
Buffalo_Nagpuri,val,val\Buffalo_Nagpuri\b50b9e22944974a3.jpg,Dataset\Buffalo Breeds\Nagpuri\Nagpuri_66.jpg,b50b9e22944974a3f9df27672814fe6859d8d3432756ade0ef38772167f880d2
Buffalo_Nagpuri,val,val\Buffalo_Nagpuri\9d454b2e38544205.jpg,Dataset\Buffalo Breeds\Nagpuri\Nagpuri_184.png,9d454b2e38544205e2c0614a0e148d8cbb0c300fa9893ec475d8f75adf8af54a
Buffalo_Nagpuri,val,val\Buffalo_Nagpuri\f82ac5e6e71a1600.jpg,Dataset\Buffalo Breeds\Nagpuri\Nagpuri_188.png,f82ac5e6e71a160046abe802bfc3602446c00bd5ed2acbc3f845cd29fff54231
Buffalo_Nagpuri,val,val\Buffalo_Nagpuri\0d6f89090f5678b0.jpg,Dataset\Buffalo Breeds\Nagpuri\Nagpuri_125.jpg,0d6f89090f5678b02f73265c6e234d4f00c5a3ed074a827aa3206ab824d9e83c
Buffalo_Nagpuri,val,val\Buffalo_Nagpuri\301da4169fedb37e.jpg,Dataset\Buffalo Breeds\Nagpuri\Nagpuri_178.jpg,301da4169fedb37e26d8ffc4d369b1ebb8dd60f5f4514f1ef2dad957812f365e
Buffalo_Nagpuri,val,val\Buffalo_Nagpuri\3faf802fc7525ae9.jpg,Dataset\Buffalo Breeds\Nagpuri\Nagpuri_87.jpg,3faf802fc7525ae906ecc418c84210ac0f9febc91f7ee2f460afb6be3941dcb0
Buffalo_Nagpuri,val,val\Buffalo_Nagpuri\db87f6255ce495a4.jpg,Dataset\Buffalo Breeds\Nagpuri\Nagpuri_124.jpg,db87f6255ce495a462c0dffd91c5b8c35973c8aca471fcd44d032fbb163b6b5a
Buffalo_Nagpuri,val,val\Buffalo_Nagpuri\b9eafedc11df262b.jpg,Dataset\Buffalo Breeds\Nagpuri\Nagpuri_63.gif,b9eafedc11df262b10c7a21d5078d50159576b14590d855c37b7febcd107598b
Buffalo_Nagpuri,val,val\Buffalo_Nagpuri\6adfee55fd75f750.jpg,Dataset\Buffalo Breeds\Nagpuri\Nagpuri_21.jpg,6adfee55fd75f750a9ab88ad7ff07facaed49248b6e19a473be1d97ac6994a35
Buffalo_Nagpuri,val,val\Buffalo_Nagpuri\4166005ef71a07ae.jpg,Dataset\Buffalo Breeds\Nagpuri\Nagpuri_27.jpg,4166005ef71a07ae1d44599185b5c084ec429b0cd0ba8b0e076cc69d82cc4c6f
Buffalo_Nagpuri,val,val\Buffalo_Nagpuri\42874774f38ba052.jpg,Dataset\Buffalo Breeds\Nagpuri\Nagpuri_187.jpg,42874774f38ba052dde740faa4caeeaca728c91c0388434c34d8f4a4d280b37d
Buffalo_Nagpuri,val,val\Buffalo_Nagpuri\d622d17be29c7e8f.jpg,Dataset\Buffalo Breeds\Nagpuri\Nagpuri_47.jpg,d622d17be29c7e8f748bdfdaa916980a46932fd2acd802164b80768700778344
Buffalo_Nagpuri,val,val\Buffalo_Nagpuri\e84c9c95c943906e.jpg,Dataset\Buffalo Breeds\Nagpuri\Nagpuri_97.jpg,e84c9c95c943906eee83f817f69d9de4b00547701a54ea53ef2c32b24a8ebea5
Buffalo_Nagpuri,train,train\Buffalo_Nagpuri\0cd0bf87859540ea.jpg,Dataset\Buffalo Breeds\Nagpuri\Nagpuri_114.png,0cd0bf87859540ea51e12ddfbe82e24fdaf73862e43b9b1f86ae75c48b3feaa4
Buffalo_Nagpuri,train,train\Buffalo_Nagpuri\4ba92461240c0731.jpg,Dataset\Buffalo Breeds\Nagpuri\Nagpuri_52.jpg,4ba92461240c07316d4ec99903db3a36ae15242c8273d43093aa56450fa63b9f
Buffalo_Nagpuri,train,train\Buffalo_Nagpuri\53a1c05b8a0fc456.jpg,Dataset\Buffalo Breeds\Nagpuri\Nagpuri_150.jpg,53a1c05b8a0fc456f085caeb10f82038cb24faddc87ad869bb3f14ef07af9784
Buffalo_Nagpuri,train,train\Buffalo_Nagpuri\73865ae4416a1303.jpg,Dataset\Buffalo Breeds\Nagpuri\Nagpuri_158.jpg,73865ae4416a1303d704befdd170a21e089af11226301ed17dc6450c1ab3fb01
Buffalo_Nagpuri,train,train\Buffalo_Nagpuri\1be05b905f5948c6.jpg,Dataset\Buffalo Breeds\Nagpuri\Nagpuri_169.png,1be05b905f5948c658a6b66bdb09c5cc417a6c65c187ce95dd5528ea4dafeacf
Buffalo_Nagpuri,train,train\Buffalo_Nagpuri\b2420baffec1c0d8.jpg,Dataset\Buffalo Breeds\Nagpuri\Nagpuri_147.jpg,b2420baffec1c0d8d8cb161273c88b1e7ff099dfbc30064b5dd0c9786f94fa71
Buffalo_Nagpuri,train,train\Buffalo_Nagpuri\3d01411a7e1965ff.jpg,Dataset\Buffalo Breeds\Nagpuri\Nagpuri_194.jpg,3d01411a7e1965fff54e862e2e4aee7b0a84c7425fc169af01c430185f994f2a
Buffalo_Nagpuri,train,train\Buffalo_Nagpuri\7b51738a1c894b81.jpg,Dataset\Buffalo Breeds\Nagpuri\Nagpuri_86.png,7b51738a1c894b819a56951d21e81ae9419521305949b5831621448573b8faf5
Buffalo_Nagpuri,train,train\Buffalo_Nagpuri\44b5d314f6558259.jpg,Dataset\Buffalo Breeds\Nagpuri\Nagpuri_172.jpg,44b5d314f65582593aa7b95bb275a3845c350f15f165dd025d5c373809983d00
Buffalo_Nagpuri,train,train\Buffalo_Nagpuri\224b7aff71f3c48f.jpg,Dataset\Buffalo Breeds\Nagpuri\Nagpuri_30.png,224b7aff71f3c48f8ebf9dc0bf69674514c8b2984922e861a479fb6a6de69e4f
Buffalo_Nagpuri,train,train\Buffalo_Nagpuri\95a086ba1a747d31.jpg,Dataset\Buffalo Breeds\Nagpuri\Nagpuri_4.png,95a086ba1a747d3193fbd327343fed186b9825417d74c09d969089139a2de1a2
Buffalo_Nagpuri,train,train\Buffalo_Nagpuri\1851f673841a66ee.jpg,Dataset\Buffalo Breeds\Nagpuri\Nagpuri_38.jpg,1851f673841a66eebfb3f0fe412bf00308d45b9ff0c94816652242ef32b48a91
Buffalo_Nagpuri,train,train\Buffalo_Nagpuri\f39c499dd3f6b90e.jpg,Dataset\Buffalo Breeds\Nagpuri\Nagpuri_139.jpg,f39c499dd3f6b90ec7395dbd7206cd9177b6c91d50fde883263a5d0640604abd
Buffalo_Nagpuri,train,train\Buffalo_Nagpuri\89582629f4a6fb13.jpg,Dataset\Buffalo Breeds\Nagpuri\Nagpuri_6.jpg,89582629f4a6fb13764fb37a2f5fceb4902b63a71841fbb4e8f394384d6eea23
Buffalo_Nagpuri,train,train\Buffalo_Nagpuri\d7a6a42440fab4a6.jpg,Dataset\Buffalo Breeds\Nagpuri\Nagpuri_1.JPG,d7a6a42440fab4a61f169c9a8add541d567e0c3814906b803dc9842c5d69bc9c
Buffalo_Nagpuri,train,train\Buffalo_Nagpuri\b814946a250d7a3c.jpg,Dataset\Buffalo Breeds\Nagpuri\Nagpuri_162.png,b814946a250d7a3c18795c1942ebe2fd245bf69d1fc3725404d0711acfc781e1
Buffalo_Nagpuri,train,train\Buffalo_Nagpuri\7323763e172cb1ae.jpg,Dataset\Buffalo Breeds\Nagpuri\Nagpuri_148.gif,7323763e172cb1aedb821888c3817488269107f0f1555195c81adc6d9f950275
Buffalo_Nagpuri,train,train\Buffalo_Nagpuri\ffbd1ba2948de18e.jpg,Dataset\Buffalo Breeds\Nagpuri\Nagpuri_101.jpg,ffbd1ba2948de18e929f72f922e9612d7d41a035d367934581963eb4f8588009
Buffalo_Nagpuri,train,train\Buffalo_Nagpuri\d4c5c185c95d15f2.jpg,Dataset\Buffalo Breeds\Nagpuri\Nagpuri_183.jpg,d4c5c185c95d15f2a0d39034b732e6a383d8037a8f67af5348ae5489b3d914ed
Buffalo_Nagpuri,train,train\Buffalo_Nagpuri\5eb0e685e6f2115c.jpg,Dataset\Buffalo Breeds\Nagpuri\Nagpuri_175.jpg,5eb0e685e6f2115c99cbd9f33ab4095511efc7d626e2a2d35dbd6e8ad08c229b
Buffalo_Nagpuri,train,train\Buffalo_Nagpuri\571d8c27ed63f6df.jpg,Dataset\Buffalo Breeds\Nagpuri\Nagpuri_126.jpg,571d8c27ed63f6df3922615f32bc47442a0f464e994a7216b6c651d4ea4ad9e0
Buffalo_Nagpuri,train,train\Buffalo_Nagpuri\e1ffefb13b1c46b8.jpg,Dataset\Buffalo Breeds\Nagpuri\Nagpuri_107.jpg,e1ffefb13b1c46b88fccbeaeff82230f02f8c01c9fc3d85eb828b967bf2daf90
Buffalo_Nagpuri,train,train\Buffalo_Nagpuri\1ed63928968a8d34.jpg,Dataset\Buffalo Breeds\Nagpuri\Nagpuri_80.jpeg,1ed63928968a8d34b946ccb61a4000cc31dc6a2173ce0c487370ce549ef2d019
Buffalo_Nagpuri,train,train\Buffalo_Nagpuri\906022a16642114f.jpg,Dataset\Buffalo Breeds\Nagpuri\Nagpuri_159.jpg,906022a16642114ff7dad72209a7e6ffac5db804be65b35349cefa2a8d9d392e
Buffalo_Nagpuri,train,train\Buffalo_Nagpuri\e8df2bab6e433752.jpg,Dataset\Buffalo Breeds\Nagpuri\Nagpuri_189.jpg,e8df2bab6e433752569e0b3e08dda58d3ee44e4bb59320ede19ea25e8a22694c
Buffalo_Nagpuri,train,train\Buffalo_Nagpuri\319cda256c596545.jpg,Dataset\Buffalo Breeds\Nagpuri\Nagpuri_190.png,319cda256c59654551ea1f9d688b0f414a6519b09cdde73e2491cc888bcda162
Buffalo_Nagpuri,train,train\Buffalo_Nagpuri\c5f71b461c391e91.jpg,Dataset\Buffalo Breeds\Nagpuri\Nagpuri_151.jpg,c5f71b461c391e91d23314be650e638fe7aeb28524205c032a7d312a41f6a5b7
Buffalo_Nagpuri,train,train\Buffalo_Nagpuri\3fc493db3ff446a4.jpg,Dataset\Buffalo Breeds\Nagpuri\Nagpuri_152.jpg,3fc493db3ff446a403cfe3ac0d6bf4a4b86a1a6b5ea7dd2f633c8f79c7608855
Buffalo_Nagpuri,train,train\Buffalo_Nagpuri\1fedeb33baee5567.jpg,Dataset\Buffalo Breeds\Nagpuri\Nagpuri_109.jpg,1fedeb33baee55671dea341b00c5ad60d534ed89f8f3f9616e148702ded2b3fe
Buffalo_Nagpuri,train,train\Buffalo_Nagpuri\c7f277ec345d8a69.jpg,Dataset\Buffalo Breeds\Nagpuri\Nagpuri_62.jpg,c7f277ec345d8a69c087c60a177dab3fc3fd5af7a19652b6025267295feb5dc0
Buffalo_Nagpuri,train,train\Buffalo_Nagpuri\4829b5cdaded45e3.jpg,Dataset\Buffalo Breeds\Nagpuri\Nagpuri_83.jpg,4829b5cdaded45e3157cfbee243ee93dc0b3ada6f63b9756293920522189da35
Buffalo_Nagpuri,train,train\Buffalo_Nagpuri\a335bae3d94d998b.jpg,Dataset\Buffalo Breeds\Nagpuri\Nagpuri_69.png,a335bae3d94d998b62dbd309f65bddcf21890e1815c709180af3e0b8f2509df0
Buffalo_Nagpuri,train,train\Buffalo_Nagpuri\1967c0c7e2404ca9.jpg,Dataset\Buffalo Breeds\Nagpuri\Nagpuri_13.jpg,1967c0c7e2404ca9eb10dca7f44f5aa73aa61cb770d88959994f405a5b520f85
Buffalo_Nagpuri,train,train\Buffalo_Nagpuri\7392c4bf3fc05823.jpg,Dataset\Buffalo Breeds\Nagpuri\Nagpuri_12.jpg,7392c4bf3fc05823e30d1e9ce8ffc5af0f4fc4b822d995183352922016c01170
Buffalo_Nagpuri,train,train\Buffalo_Nagpuri\ad5d175c13550b42.jpg,Dataset\Buffalo Breeds\Nagpuri\Nagpuri_118.jpg,ad5d175c13550b4286869d3cb25f2952dd86139d741b054c385e533ce909ba46
Buffalo_Nagpuri,train,train\Buffalo_Nagpuri\3b55e09745c34d08.jpg,Dataset\Buffalo Breeds\Nagpuri\Nagpuri_110.jpg,3b55e09745c34d08b7e49529735314cd6a58581938258e3a2edce77973228877
Buffalo_Nagpuri,train,train\Buffalo_Nagpuri\e1120b72d4bfc096.jpg,Dataset\Buffalo Breeds\Nagpuri\Nagpuri_170.png,e1120b72d4bfc0969d95fdb3a9881f62ef11d6703cc8be72a4d0aa7a351e9931
Buffalo_Nagpuri,train,train\Buffalo_Nagpuri\f6579487a9cc5e5c.jpg,Dataset\Buffalo Breeds\Nagpuri\Nagpuri_140.jpg,f6579487a9cc5e5cc7b9eba67d916645c67191d7739b9f6014a01f8ee1a4441c
Buffalo_Nagpuri,train,train\Buffalo_Nagpuri\d38b2615049ce2e2.jpg,Dataset\Buffalo Breeds\Nagpuri\Nagpuri_142.jpg,d38b2615049ce2e209be5ecc3b428d4d605cf48c00120916ecfd7bc230596eb6
Buffalo_Nagpuri,train,train\Buffalo_Nagpuri\ce129959dcbced64.jpg,Dataset\Buffalo Breeds\Nagpuri\Nagpuri_53.jpg,ce129959dcbced643301aa951cd2a1dcb949925917d48454929cbf328e322df0
Buffalo_Nagpuri,train,train\Buffalo_Nagpuri\8b9b0dee9a9d8c0c.jpg,Dataset\Buffalo Breeds\Nagpuri\Nagpuri_24.jpg,8b9b0dee9a9d8c0c870b3e47e06c96a9c6792f90e1811f610c6efd6171b7aa7c
Buffalo_Nagpuri,train,train\Buffalo_Nagpuri\b7307bd854152654.jpg,Dataset\Buffalo Breeds\Nagpuri\Nagpuri_137.jpg,b7307bd854152654a45cb53787833628add0b039f5e578da8c337025f93083d9
Buffalo_Nagpuri,train,train\Buffalo_Nagpuri\758d2c719a121cb8.jpg,Dataset\Buffalo Breeds\Nagpuri\Nagpuri_191.jpg,758d2c719a121cb848b56062490bbc283da77356d8c501e8a6edb8be4904ed27
Buffalo_Nagpuri,train,train\Buffalo_Nagpuri\f416daf55d889aab.jpg,Dataset\Buffalo Breeds\Nagpuri\Nagpuri_11.jpg,f416daf55d889aabdf3aee1908cd0a705aac5c604f02bf6c686b9ae3a7e5e4d9
Buffalo_Nagpuri,train,train\Buffalo_Nagpuri\7a34b542ca4f3e0d.jpg,Dataset\Buffalo Breeds\Nagpuri\Nagpuri_48.jpg,7a34b542ca4f3e0ddee9a6f8f7acd7fca9bf7b76d93dc0b12eef2f534c456d29
Buffalo_Nagpuri,train,train\Buffalo_Nagpuri\4a1a42750a699dbf.jpg,Dataset\Buffalo Breeds\Nagpuri\Nagpuri_67.jpeg,4a1a42750a699dbf1a2c8d4e3799897e92e41b3e3213a4b23d27b28bb07ee583
Buffalo_Nagpuri,train,train\Buffalo_Nagpuri\08dc50a7edbeed2f.jpg,Dataset\Buffalo Breeds\Nagpuri\Nagpuri_131.png,08dc50a7edbeed2f672228f081b7ba6c1e30add50e6175cb71429389608729a0
Buffalo_Nagpuri,train,train\Buffalo_Nagpuri\027e092ef59e166e.jpg,Dataset\Buffalo Breeds\Nagpuri\Nagpuri_180.png,027e092ef59e166ec991094d2214c82281099adc1424fec5000c61fd2a99f3d7
Buffalo_Nagpuri,train,train\Buffalo_Nagpuri\f91c7bb76d2cb6a4.jpg,Dataset\Buffalo Breeds\Nagpuri\Nagpuri_65.jpg,f91c7bb76d2cb6a4598b912cbbbf623c1d36e7bd1e62a914068e00fe1fd9c1d8
Buffalo_Nagpuri,train,train\Buffalo_Nagpuri\47fc0fbff1be075d.jpg,Dataset\Buffalo Breeds\Nagpuri\Nagpuri_167.png,47fc0fbff1be075d03d121da3c36aa7a899a99e46f95d6e2632130a0db93d62a
Buffalo_Nagpuri,train,train\Buffalo_Nagpuri\3a1d78eb32a15387.jpg,Dataset\Buffalo Breeds\Nagpuri\Nagpuri_20.png,3a1d78eb32a15387bf01d0fcb7909763a95424ff60afa21db2e8c17dbe816988
Buffalo_Nagpuri,train,train\Buffalo_Nagpuri\f3737a54f13e118e.jpg,Dataset\Buffalo Breeds\Nagpuri\Nagpuri_68.jpeg,f3737a54f13e118eebab07da3bd2e65c66456f1c02bde8ebbd3e0a331e0dc398
Buffalo_Nagpuri,train,train\Buffalo_Nagpuri\7c11c32ed3a79640.jpg,Dataset\Buffalo Breeds\Nagpuri\Nagpuri_136.jpg,7c11c32ed3a796405a30066721c53fc52bac5a3390e630affaaa98ff5b08ed9e
Buffalo_Nagpuri,train,train\Buffalo_Nagpuri\f7649e5a542ef51d.jpg,Dataset\Buffalo Breeds\Nagpuri\Nagpuri_51.jpg,f7649e5a542ef51d98f7673380b0c76afdb205e5a1541c9d75fedf76d943c821
Buffalo_Nagpuri,train,train\Buffalo_Nagpuri\c5d3a0fab905cd0b.jpg,Dataset\Buffalo Breeds\Nagpuri\Nagpuri_85.jpg,c5d3a0fab905cd0b02a39e11966ec0606788216a27ab3d61b06e58a318057347
Buffalo_Nagpuri,train,train\Buffalo_Nagpuri\bcdf3548dc64d7f2.jpg,Dataset\Buffalo Breeds\Nagpuri\Nagpuri_5.jpg,bcdf3548dc64d7f2ac4d8550943be116ead0f7c48ae440a9451362d373c3694a
Buffalo_Nagpuri,train,train\Buffalo_Nagpuri\50c4bd26c5d24c5f.jpg,Dataset\Buffalo Breeds\Nagpuri\Nagpuri_134.jpg,50c4bd26c5d24c5f172d72bbe174748e3f6c163a8e4ae6790453784a90c921e1
Buffalo_Nagpuri,train,train\Buffalo_Nagpuri\8db19ce6f43c6aa0.jpg,Dataset\Buffalo Breeds\Nagpuri\Nagpuri_95.jpg,8db19ce6f43c6aa0d6f84c6fe032a057c56f83f34ddb3218d6fa3f49c99a4df8
Buffalo_Nagpuri,train,train\Buffalo_Nagpuri\b9a623015d175110.jpg,Dataset\Buffalo Breeds\Nagpuri\Nagpuri_84.png,b9a623015d175110b964b14e1671bd4fed89e656966568117fe0d2ed7c886e54
Buffalo_Nagpuri,train,train\Buffalo_Nagpuri\6e0b17f9c48bda03.jpg,Dataset\Buffalo Breeds\Nagpuri\Nagpuri_31.jpg,6e0b17f9c48bda03767939de433202a03017545bd284d8b024fb913198d9220b
Buffalo_Nagpuri,train,train\Buffalo_Nagpuri\d6117df09462e44d.jpg,Dataset\Buffalo Breeds\Nagpuri\Nagpuri_195.jpg,d6117df09462e44ddc1a24099380e63c11c9b1d06f0e32c2c138a733990fd16b
Buffalo_Nagpuri,train,train\Buffalo_Nagpuri\35c5fe0926a829ed.jpg,Dataset\Buffalo Breeds\Nagpuri\Nagpuri_120.jpg,35c5fe0926a829ed85dbb6b537a792c673efab1cd9d3df7d6b63270537fe6c69
Buffalo_Nagpuri,train,train\Buffalo_Nagpuri\4cfd45325e1ed61e.jpg,Dataset\Buffalo Breeds\Nagpuri\Nagpuri_8.jpg,4cfd45325e1ed61e22a81ac9eff5af094f5ba88ef8662d11258cf387184056a7
Buffalo_Nagpuri,train,train\Buffalo_Nagpuri\72f19719bebb2e87.jpg,Dataset\Buffalo Breeds\Nagpuri\Nagpuri_171.jpg,72f19719bebb2e87f43eaed8fb3959d87e9fbd57dd63bd5301f6d716f7024898
Buffalo_Nagpuri,train,train\Buffalo_Nagpuri\a38859545880e983.jpg,Dataset\Buffalo Breeds\Nagpuri\Nagpuri_7.jpg,a38859545880e983b690d41e751eb6f6a01dcf045e86d67ff0ee87f775e5df60
Buffalo_Nagpuri,train,train\Buffalo_Nagpuri\d1d4c27a220fcdfb.jpg,Dataset\Buffalo Breeds\Nagpuri\Nagpuri_91.jpg,d1d4c27a220fcdfbd862470e4d3ed9a444378bf4690b187e8aacb894028ba1aa
Buffalo_Nagpuri,train,train\Buffalo_Nagpuri\921b93e9f0c0a7fd.jpg,Dataset\Buffalo Breeds\Nagpuri\Nagpuri_165.gif,921b93e9f0c0a7fd54ec009ad0c2e41b3d2c313c2968b49135b35df0f362c710
Buffalo_Nagpuri,train,train\Buffalo_Nagpuri\850ef03b8cc52b2a.jpg,Dataset\Buffalo Breeds\Nagpuri\Nagpuri_49.jpg,850ef03b8cc52b2a0d606502817c3acf00b345bad8ef199b0c2102067f2842ae
Buffalo_Nagpuri,train,train\Buffalo_Nagpuri\96e6cb34ccae22e6.jpg,Dataset\Buffalo Breeds\Nagpuri\Nagpuri_192.jpg,96e6cb34ccae22e6e3a8bc1e0b6be19f35dab1d50ab2d2bf14f92cef5d009f98
Buffalo_Nagpuri,train,train\Buffalo_Nagpuri\dc76156193a99377.jpg,Dataset\Buffalo Breeds\Nagpuri\Nagpuri_26.jpg,dc76156193a9937770e83f4c3679930a101e3b30bd1988c15c64ba80cbd2e5e1
Buffalo_Nagpuri,train,train\Buffalo_Nagpuri\3ee9f681318fee54.jpg,Dataset\Buffalo Breeds\Nagpuri\Nagpuri_179.jpg,3ee9f681318fee54877c41ed26378774132f3ea8b82d266a42dd1cf0749f5153
Buffalo_Nagpuri,train,train\Buffalo_Nagpuri\6458bcb1739a7cde.jpg,Dataset\Buffalo Breeds\Nagpuri\Nagpuri_60.jpg,6458bcb1739a7cde404fb1390ff0075761cd1c8253ed1f3ca3f40219edf4d052
Buffalo_Nagpuri,train,train\Buffalo_Nagpuri\93c34a8e95c2a715.jpg,Dataset\Buffalo Breeds\Nagpuri\Nagpuri_37.jpg,93c34a8e95c2a715f9f3df3b2e3348628eb61a1f143bece31c20b74ecbd07269
Buffalo_Nagpuri,train,train\Buffalo_Nagpuri\5116d6bc26aa61d1.jpg,Dataset\Buffalo Breeds\Nagpuri\Nagpuri_197.png,5116d6bc26aa61d183ddd18193bfd1d58f4a025085ce6ba37c8bee387bf51616
Buffalo_Nagpuri,train,train\Buffalo_Nagpuri\051d21cf69b495a6.jpg,Dataset\Buffalo Breeds\Nagpuri\Nagpuri_72.png,051d21cf69b495a6786df40031b983ff83d5479a0cef02807029c1162a73456f
Buffalo_Nagpuri,train,train\Buffalo_Nagpuri\7cec38da6d40e207.jpg,Dataset\Buffalo Breeds\Nagpuri\Nagpuri_181.jpg,7cec38da6d40e20753052515224cf0c51fd414273b77c8d9001ad93a8c66cde3
Buffalo_Nagpuri,train,train\Buffalo_Nagpuri\1320c155626e378f.jpg,Dataset\Buffalo Breeds\Nagpuri\Nagpuri_58.jpg,1320c155626e378f32f0f6efe5fd362b08f6da1c63314da043a98c241d2555bd
Buffalo_Nagpuri,train,train\Buffalo_Nagpuri\5030f3125a90edd5.jpg,Dataset\Buffalo Breeds\Nagpuri\Nagpuri_135.png,5030f3125a90edd58a7d64a5c22c27fe0103de9422da8dfdde4b072fecac4e70
Buffalo_Nagpuri,train,train\Buffalo_Nagpuri\db6d7d0aad7002a2.jpg,Dataset\Buffalo Breeds\Nagpuri\Nagpuri_99.jpg,db6d7d0aad7002a2678fe6b5fd37219b543dc739093d39d660795a0e46139be3
Buffalo_Nagpuri,train,train\Buffalo_Nagpuri\ff283908f8fe0e6c.jpg,Dataset\Buffalo Breeds\Nagpuri\Nagpuri_132.jpg,ff283908f8fe0e6c751b6d29513dcef7d1be05d38b00ebe94d3ebfbfa39f9c19
Buffalo_Nagpuri,train,train\Buffalo_Nagpuri\f8a224cd45baf93e.jpg,Dataset\Buffalo Breeds\Nagpuri\Nagpuri_164.png,f8a224cd45baf93e2fb7a0ba07265fe98e54f114c50cc083026560914159d613
Buffalo_Nagpuri,train,train\Buffalo_Nagpuri\21c8a18be2bdc6a3.jpg,Dataset\Buffalo Breeds\Nagpuri\Nagpuri_112.jpg,21c8a18be2bdc6a33f3bae272fb39bb27c0f9b870d63f3759fe0cb49d2d8bc17
Buffalo_Nagpuri,train,train\Buffalo_Nagpuri\3c88d0127e3475d5.jpg,Dataset\Buffalo Breeds\Nagpuri\Nagpuri_42.jpg,3c88d0127e3475d529a3c10de67b8bb11734aeecbe71777c756982155002c397
Buffalo_Nagpuri,train,train\Buffalo_Nagpuri\0f5b752c21a8a10a.jpg,Dataset\Buffalo Breeds\Nagpuri\Nagpuri_56.png,0f5b752c21a8a10a0a1230e5a58ce59c0fe84a409a93d04a298eb73270dd4f2e
Buffalo_Nagpuri,train,train\Buffalo_Nagpuri\fa98683b7210ccc9.jpg,Dataset\Buffalo Breeds\Nagpuri\Nagpuri_145.jpg,fa98683b7210ccc9be3bb347c419ecc7c09a9da1189fe1519e65afe11e550cd4
Buffalo_Nagpuri,train,train\Buffalo_Nagpuri\522fab043af59ee1.jpg,Dataset\Buffalo Breeds\Nagpuri\Nagpuri_156.jpg,522fab043af59ee148ba276c5110bfdb852c232e83c2a39ac086caf2bc56c052
Buffalo_Nagpuri,train,train\Buffalo_Nagpuri\ac6b2902ac4fecde.jpg,Dataset\Buffalo Breeds\Nagpuri\Nagpuri_3.jpg,ac6b2902ac4fecde325fc8a806e7f8706f8266beb1e9702672e77728ac813b18
Buffalo_Nagpuri,train,train\Buffalo_Nagpuri\b0717c0ea336fdfd.jpg,Dataset\Buffalo Breeds\Nagpuri\Nagpuri_127.jpg,b0717c0ea336fdfd36ffd431f7d25562eca51474d075ab8a5631145e08de339f
Buffalo_Nagpuri,train,train\Buffalo_Nagpuri\a0f75618ef1f41d2.jpg,Dataset\Buffalo Breeds\Nagpuri\Nagpuri_100.jpg,a0f75618ef1f41d2367f3d130cf4ed8625e32addee751752f6c735772616ae7a
Buffalo_Nagpuri,train,train\Buffalo_Nagpuri\de9502dfa02d9f52.jpg,Dataset\Buffalo Breeds\Nagpuri\Nagpuri_78.jpg,de9502dfa02d9f52bd840c009933f695141d5ae11c361c6443b2177cf26af34f
Buffalo_Nagpuri,train,train\Buffalo_Nagpuri\d7a6fa3e6374d2b2.jpg,Dataset\Buffalo Breeds\Nagpuri\Nagpuri_73.jpg,d7a6fa3e6374d2b2fac1edc013f4bff39166e50c5dff9e880e9aae118c8ef28a
Buffalo_Nagpuri,train,train\Buffalo_Nagpuri\00bdc15091f4cead.jpg,Dataset\Buffalo Breeds\Nagpuri\Nagpuri_23.jpg,00bdc15091f4cead27720fa67a8dd0cae26f4579f80647f500e338da07f9e13f
Buffalo_Nagpuri,train,train\Buffalo_Nagpuri\bb1e23fa0e66f77e.jpg,Dataset\Buffalo Breeds\Nagpuri\Nagpuri_50.jpg,bb1e23fa0e66f77e04fa30ed768e388d2a72eb9c2c3cac7f61af450d6201d8bc
Buffalo_Nagpuri,train,train\Buffalo_Nagpuri\20139a4cc52d5beb.jpg,Dataset\Buffalo Breeds\Nagpuri\Nagpuri_2.JPG,20139a4cc52d5beb3b8981e0dd749aaf82df3a70dd33153301497a100762620d
Buffalo_Nagpuri,train,train\Buffalo_Nagpuri\def315528dca0cf9.jpg,Dataset\Buffalo Breeds\Nagpuri\Nagpuri_149.jpg,def315528dca0cf98e89098bbf458ffdc91d73c66ccc4572d9e9177360b5f422
Buffalo_Nagpuri,train,train\Buffalo_Nagpuri\430c56dd3bb8c903.jpg,Dataset\Buffalo Breeds\Nagpuri\Nagpuri_28.jpg,430c56dd3bb8c903b80bf7c3ff94b3b2c3184a142e3db8095cfa24b08749fd81
Buffalo_Nagpuri,train,train\Buffalo_Nagpuri\d3808ed14823f2f6.jpg,Dataset\Buffalo Breeds\Nagpuri\Nagpuri_39.jpg,d3808ed14823f2f687711778a4577833b983fb5efa7a0c9193bff966d110e1fe
Buffalo_Nagpuri,train,train\Buffalo_Nagpuri\8be7f8fd983c1c64.jpg,Dataset\Buffalo Breeds\Nagpuri\Nagpuri_119.png,8be7f8fd983c1c64c70c241d2212cc52bbd87bb71a1a2e7e08682867bf4bb7ce
Buffalo_Nagpuri,train,train\Buffalo_Nagpuri\294a1f137d7fcb0d.jpg,Dataset\Buffalo Breeds\Nagpuri\Nagpuri_89.jpg,294a1f137d7fcb0de51b97c475baca2da8c9013d236f9ed60a308f888684b84c
Buffalo_Nagpuri,train,train\Buffalo_Nagpuri\950cb9dd1b9c9a42.jpg,Dataset\Buffalo Breeds\Nagpuri\Nagpuri_163.jpg,950cb9dd1b9c9a42f60189cced03fa8a64d52963db290968f415c7e9565cd3bd
Buffalo_Nagpuri,train,train\Buffalo_Nagpuri\a05587c562e59f6a.jpg,Dataset\Buffalo Breeds\Nagpuri\Nagpuri_111.jpg,a05587c562e59f6afa234537b4743217e80ab25700866891d5fcdcddd56a813d
Buffalo_Nagpuri,train,train\Buffalo_Nagpuri\46b7458a4ebc6cd7.jpg,Dataset\Buffalo Breeds\Nagpuri\Nagpuri_106.jpg,46b7458a4ebc6cd772f5f241ab03e562d784c2abbef8d646e24f20bc28b74eb1
Buffalo_Nagpuri,train,train\Buffalo_Nagpuri\07accc580a78a2b0.jpg,Dataset\Buffalo Breeds\Nagpuri\Nagpuri_138.png,07accc580a78a2b027ffd800642de9eb5aa8d06fdc62c56684eca2b5a4f55906
Buffalo_Nagpuri,train,train\Buffalo_Nagpuri\c017b34f7d2612b8.jpg,Dataset\Buffalo Breeds\Nagpuri\Nagpuri_15.jpg,c017b34f7d2612b8e378135e998e22c9e2adc9ada234621501a1633237a06907
Buffalo_Nagpuri,train,train\Buffalo_Nagpuri\de4299e5e57d5edb.jpg,Dataset\Buffalo Breeds\Nagpuri\Nagpuri_157.png,de4299e5e57d5edbe451e55cf9882f8866e3cc5f5a8995104cff42e618312f6e
Buffalo_Nagpuri,train,train\Buffalo_Nagpuri\f4b00d38846b76c6.jpg,Dataset\Buffalo Breeds\Nagpuri\Nagpuri_18.jpg,f4b00d38846b76c69256cc31bdd4362728e8f3f0c6d45602b4588e89ffa32296
Buffalo_Nagpuri,train,train\Buffalo_Nagpuri\ed54b7c74fec62ae.jpg,Dataset\Buffalo Breeds\Nagpuri\Nagpuri_161.jpg,ed54b7c74fec62ae0e3d1085e5298c69fa2eb6a631f3c12a4966a5f2a1b7eeb7
Buffalo_Nagpuri,train,train\Buffalo_Nagpuri\52254998408e4fb9.jpg,Dataset\Buffalo Breeds\Nagpuri\Nagpuri_123.jpg,52254998408e4fb9b7b8aa18b5ca6702f4dd674efd5b91c7c341307853f54250
Buffalo_Nagpuri,train,train\Buffalo_Nagpuri\ac5797cdf33c681b.jpg,Dataset\Buffalo Breeds\Nagpuri\Nagpuri_185.png,ac5797cdf33c681b24eea1fcc1ef0cbbdce234ed96e4410776b31a0bb9080bfd
Buffalo_Nagpuri,train,train\Buffalo_Nagpuri\0810f6b25a00d9d4.jpg,Dataset\Buffalo Breeds\Nagpuri\Nagpuri_81.jpg,0810f6b25a00d9d462efdeb9ddaa81834d587a3611c1a45e40c1c86cb00aba61
Buffalo_Nagpuri,train,train\Buffalo_Nagpuri\ef1e053ef8846f97.jpg,Dataset\Buffalo Breeds\Nagpuri\Nagpuri_55.jpg,ef1e053ef8846f97b167497cf8fe31ee853a5880e28981ddaddeecea64e456cc
Buffalo_Nagpuri,train,train\Buffalo_Nagpuri\9507f340fe72a6c6.jpg,Dataset\Buffalo Breeds\Nagpuri\Nagpuri_173.jpg,9507f340fe72a6c6a82a262b9618043073969267f7f7266446f27cade9c562c4
Buffalo_Nagpuri,train,train\Buffalo_Nagpuri\8c90374be5186d31.jpg,Dataset\Buffalo Breeds\Nagpuri\Nagpuri_121.jpg,8c90374be5186d31f9b42e59dc3e2095844e2badb08f6f5dfd2b90d03202d2ee
Buffalo_Nagpuri,train,train\Buffalo_Nagpuri\66ece9855e048ef9.jpg,Dataset\Buffalo Breeds\Nagpuri\Nagpuri_143.jpg,66ece9855e048ef95e28e36656670f208e51ba369bfa4c5cfe970a7b648587f7
Buffalo_Nagpuri,train,train\Buffalo_Nagpuri\d8d7638594e76178.jpg,Dataset\Buffalo Breeds\Nagpuri\Nagpuri_46.gif,d8d7638594e76178d6b57ae7e3c06424121b2bbd3e6e1e3a41ba1ef7fa06a1be
Buffalo_Nagpuri,train,train\Buffalo_Nagpuri\8a7a585cd62749b0.jpg,Dataset\Buffalo Breeds\Nagpuri\Nagpuri_54.png,8a7a585cd62749b012cc8108a91990fae5a55acdcec83d50c8a718b1f8540b3c
Buffalo_Nagpuri,train,train\Buffalo_Nagpuri\89b525446beaef45.jpg,Dataset\Buffalo Breeds\Nagpuri\Nagpuri_153.jpg,89b525446beaef45140c3bb4814a9038cfbf57e37ce800ce28e4ca9edbb5b7fc
Buffalo_Nagpuri,train,train\Buffalo_Nagpuri\ced7b655721180f8.jpg,Dataset\Buffalo Breeds\Nagpuri\Nagpuri_94.jpg,ced7b655721180f8cb6f9bf66c35248dcd401d71e27cfe4d08745533876d211b
Buffalo_Nagpuri,train,train\Buffalo_Nagpuri\d80dbded9171be93.jpg,Dataset\Buffalo Breeds\Nagpuri\Nagpuri_36.jpg,d80dbded9171be933264c0fa6ca1461a248b0aba57baaff78bc704598d038384
Buffalo_Nagpuri,train,train\Buffalo_Nagpuri\d06c21c469082abb.jpg,Dataset\Buffalo Breeds\Nagpuri\Nagpuri_44.png,d06c21c469082abbc3fb6705b2d23af7ea26a6089cb90942bdb037f218bc3c7e
Buffalo_Nagpuri,train,train\Buffalo_Nagpuri\64a5e089e86f62ec.jpg,Dataset\Buffalo Breeds\Nagpuri\Nagpuri_182.jpg,64a5e089e86f62ec098daf9d9f3a8f515d38e95487a6d33abf7e83c7a3b09b7e
Buffalo_Nagpuri,train,train\Buffalo_Nagpuri\2b221730d52a0f76.jpg,Dataset\Buffalo Breeds\Nagpuri\Nagpuri_90.jpg,2b221730d52a0f766c4376634b0705f7921c9afd1fe73a05707e71fb1b9fe7f9
Buffalo_Nagpuri,train,train\Buffalo_Nagpuri\354aef849acc7dd7.jpg,Dataset\Buffalo Breeds\Nagpuri\Nagpuri_79.jpg,354aef849acc7dd76bfa2898248093e694e12f5ec84153970a1badb4229df9fc
Buffalo_Nagpuri,train,train\Buffalo_Nagpuri\e5713f24f345da13.jpg,Dataset\Buffalo Breeds\Nagpuri\Nagpuri_70.jpg,e5713f24f345da138ba55f3bcc27762e37d9c31416c246e642c1713ea7797925
Buffalo_Nili_Ravi,test,test\Buffalo_Nili_Ravi\31bf6922774a16bb.jpg,Dataset\Buffalo Breeds\Nili_Ravi\Nili_Ravi_54.jpg,31bf6922774a16bbf848cbe866b7fa96649f30f516a6f3c3b6abc4cb906863db
Buffalo_Nili_Ravi,test,test\Buffalo_Nili_Ravi\3361253885ea4e2e.jpg,Dataset\Buffalo Breeds\Nili_Ravi\Nili_Ravi_73.jpg,3361253885ea4e2e37316016f98bec48be9e761ed15e10884c4ce188511c9e19
Buffalo_Nili_Ravi,test,test\Buffalo_Nili_Ravi\88c9582dc1d6a179.jpg,Dataset\Buffalo Breeds\Nili_Ravi\Nili_Ravi_43.jpg,88c9582dc1d6a179a363571b27767a880d89e3fb057c18714c16d0216e04ed59
Buffalo_Nili_Ravi,test,test\Buffalo_Nili_Ravi\b75fd3797415e512.jpg,Dataset\Buffalo Breeds\Nili_Ravi\Nili_Ravi_25.jpg,b75fd3797415e512e615a1eb22c5abb71fa5a0a025f4ab620727ded92653ee81
Buffalo_Nili_Ravi,test,test\Buffalo_Nili_Ravi\ca518fa7fd19c264.jpg,Dataset\Buffalo Breeds\Nili_Ravi\Nili_Ravi_52.jpg,ca518fa7fd19c2648cedf82839ed11cbcf00ae412012692a87423facea4545f3
Buffalo_Nili_Ravi,test,test\Buffalo_Nili_Ravi\a10f1ba01e74a5cc.jpg,Dataset\Buffalo Breeds\Nili_Ravi\Nili_Ravi_10.jpg,a10f1ba01e74a5ccc7b308e109e44c5a33c620b717995f8334299d03e33f5fab
Buffalo_Nili_Ravi,test,test\Buffalo_Nili_Ravi\5f6b2edc6501b96b.jpg,Dataset\Buffalo Breeds\Nili_Ravi\Nili_Ravi_37.jpg,5f6b2edc6501b96b183d4f7298c4ffdeaff272c4aa41aec3f45fed4b5d77c463
Buffalo_Nili_Ravi,test,test\Buffalo_Nili_Ravi\df9d3f499961ed51.jpg,Dataset\Buffalo Breeds\Nili_Ravi\Nili_Ravi_66.jpg,df9d3f499961ed5138006ff8a671c0f90a761f142858158e55845c5794208b96
Buffalo_Nili_Ravi,test,test\Buffalo_Nili_Ravi\d4e9e665ca24f7cd.jpg,Dataset\Buffalo Breeds\Nili_Ravi\Nili_Ravi_59.jpg,d4e9e665ca24f7cddb5f64035fade28fa3e881adf1373e83d3d6a20d98c4c365
Buffalo_Nili_Ravi,test,test\Buffalo_Nili_Ravi\219eea23549d8a78.jpg,Dataset\Buffalo Breeds\Nili_Ravi\Nili_Ravi_79.jpg,219eea23549d8a788d174fc269fe2f3d66493d3f6cc8eca27a3f6b35b4c783bd
Buffalo_Nili_Ravi,test,test\Buffalo_Nili_Ravi\960fa2959ad6cbc8.jpg,Dataset\Buffalo Breeds\Nili_Ravi\Nili_Ravi_86.jpeg,960fa2959ad6cbc8759c605b5ce3be61021b04f097fe91093d47bee586fc8b7e
Buffalo_Nili_Ravi,test,test\Buffalo_Nili_Ravi\820b804489159dd7.jpg,Dataset\Buffalo Breeds\Nili_Ravi\Nili_Ravi_60.jpg,820b804489159dd73c573b1058e986a0661fb8313f262977776650b12b03d0a4
Buffalo_Nili_Ravi,test,test\Buffalo_Nili_Ravi\515965997cd5a49b.jpg,Dataset\Buffalo Breeds\Nili_Ravi\Nili_Ravi_6.jpg,515965997cd5a49b808e5905a3bef5581c6ef96005f399413894ee7af4b2b39f
Buffalo_Nili_Ravi,val,val\Buffalo_Nili_Ravi\d2e0113c016c30e9.jpg,Dataset\Buffalo Breeds\Nili_Ravi\Nili_Ravi_90.jpg,d2e0113c016c30e9d282e101f0dde41d32312a4c8cd4aa1936efe0f0df1d62b4
Buffalo_Nili_Ravi,val,val\Buffalo_Nili_Ravi\0ad23c3072082776.jpg,Dataset\Buffalo Breeds\Nili_Ravi\Nili_Ravi_33.jpg,0ad23c3072082776e527d2af42815d9157122c741542c5fab73b9b6f2723b290
Buffalo_Nili_Ravi,val,val\Buffalo_Nili_Ravi\543c88c6997e7b97.jpg,Dataset\Buffalo Breeds\Nili_Ravi\Nili_Ravi_14.jpg,543c88c6997e7b978986bef565ebdad2d96aed3c9023b016c4097bb3abfd9b43
Buffalo_Nili_Ravi,val,val\Buffalo_Nili_Ravi\ad9711e14cc1831e.jpg,Dataset\Buffalo Breeds\Nili_Ravi\Nili_Ravi_92.jpg,ad9711e14cc1831ef5ca62f699e99a95da67e022e5c1dd0cf23d32818f04f62b
Buffalo_Nili_Ravi,val,val\Buffalo_Nili_Ravi\3e8bbe394b7788b8.jpg,Dataset\Buffalo Breeds\Nili_Ravi\Nili_Ravi_71.png,3e8bbe394b7788b832c0a5987bf4087ac8cbd0a7075aa2d51bcc7bcccaa8e738
Buffalo_Nili_Ravi,val,val\Buffalo_Nili_Ravi\ad65697aeb4321bd.jpg,Dataset\Buffalo Breeds\Nili_Ravi\Nili_Ravi_57.jpg,ad65697aeb4321bda25ab9a96a26644a187972242460458a1573fcfecca799b0
Buffalo_Nili_Ravi,val,val\Buffalo_Nili_Ravi\379786386ae2f860.jpg,Dataset\Buffalo Breeds\Nili_Ravi\Nili_Ravi_19.jpg,379786386ae2f860b9e9cc09effb474a7a3c2b2f4b847bcd91e6cc5ceef797a3
Buffalo_Nili_Ravi,val,val\Buffalo_Nili_Ravi\ac7305cf09ed9c9b.jpg,Dataset\Buffalo Breeds\Nili_Ravi\Nili_Ravi_20.jpg,ac7305cf09ed9c9b5f42384cab340d80ef03e2b1f3da0c63764e9a6abb87e5c5
Buffalo_Nili_Ravi,val,val\Buffalo_Nili_Ravi\b330c0e7d01833a7.jpg,Dataset\Buffalo Breeds\Nili_Ravi\Nili_Ravi_29.jpg,b330c0e7d01833a738bb804ad5007f65a72507957e12461d4392895f2dcb2ebe
Buffalo_Nili_Ravi,val,val\Buffalo_Nili_Ravi\88286bcf6cf4dede.jpg,Dataset\Buffalo Breeds\Nili_Ravi\Nili_Ravi_28.jpg,88286bcf6cf4dedea197873413dec2b53fd54605700c038db8d6043b0d1d05a7
Buffalo_Nili_Ravi,val,val\Buffalo_Nili_Ravi\0ed21c2d7c49d308.jpg,Dataset\Buffalo Breeds\Nili_Ravi\Nili_Ravi_76.jpg,0ed21c2d7c49d3087475342488280348a3777d3edd99ce1465dfa86d585d78b0
Buffalo_Nili_Ravi,val,val\Buffalo_Nili_Ravi\1673e13502498210.jpg,Dataset\Buffalo Breeds\Nili_Ravi\Nili_Ravi_7.jpg,1673e13502498210c6e50ee955b498830499ba8518e1ab8a2f2bf76cafa2e7dc
Buffalo_Nili_Ravi,val,val\Buffalo_Nili_Ravi\3b4bdbe600761cee.jpg,Dataset\Buffalo Breeds\Nili_Ravi\Nili_Ravi_83.jpg,3b4bdbe600761cee19bd76b673b25be8f8fe0d5524da5c4dadb439901c34e4af
Buffalo_Nili_Ravi,train,train\Buffalo_Nili_Ravi\21376c1526a5dc2d.jpg,Dataset\Buffalo Breeds\Nili_Ravi\Nili_Ravi_17.jpg,21376c1526a5dc2d1a53335991fd11f2b611b0b0c711a255311305517f2ca9f6
Buffalo_Nili_Ravi,train,train\Buffalo_Nili_Ravi\357cd614347cc787.jpg,Dataset\Buffalo Breeds\Nili_Ravi\Nili_Ravi_89.jpg,357cd614347cc787aca2b6b309091ece0a84fe249afa45bf9444ea573cd54e0d
Buffalo_Nili_Ravi,train,train\Buffalo_Nili_Ravi\797533daf71df1c7.jpg,Dataset\Buffalo Breeds\Nili_Ravi\Nili_Ravi_78.jpg,797533daf71df1c76ceddc56b19e0fc5a8fda7a2a6e0410ded14c36f43285885
Buffalo_Nili_Ravi,train,train\Buffalo_Nili_Ravi\08b7c5ea33c8c8b7.jpg,Dataset\Buffalo Breeds\Nili_Ravi\Nili_Ravi_16.jpg,08b7c5ea33c8c8b7cc5fdac7da2ff39c10d46e8c9834798c5ffdd9399eaf469f
Buffalo_Nili_Ravi,train,train\Buffalo_Nili_Ravi\3807f0c9f67ab515.jpg,Dataset\Buffalo Breeds\Nili_Ravi\Nili_Ravi_72.jpg,3807f0c9f67ab515f41abbec0c9c8b5cfac8566f2e88085a85d5870647d40444
Buffalo_Nili_Ravi,train,train\Buffalo_Nili_Ravi\ee6cb52dbfdaed79.jpg,Dataset\Buffalo Breeds\Nili_Ravi\Nili_Ravi_82.jpg,ee6cb52dbfdaed798054ca5f7a087e7f9d5952ee10c0baa17c8403dcc1ea2668
Buffalo_Nili_Ravi,train,train\Buffalo_Nili_Ravi\5cd0c0aadaefd9af.jpg,Dataset\Buffalo Breeds\Nili_Ravi\Nili_Ravi_45.jpg,5cd0c0aadaefd9afeade82dedf8bc1632c2458b15a612ff9777f1da2ac4d4744
Buffalo_Nili_Ravi,train,train\Buffalo_Nili_Ravi\174ea15c7d39338d.jpg,Dataset\Buffalo Breeds\Nili_Ravi\Nili_Ravi_51.jpg,174ea15c7d39338d6a9389f0b69d12ca65a09f0cd124e162909092680d53b0e3
Buffalo_Nili_Ravi,train,train\Buffalo_Nili_Ravi\bcb203e6410ca2c5.jpg,Dataset\Buffalo Breeds\Nili_Ravi\Nili_Ravi_62.jpg,bcb203e6410ca2c5bd15c0d366f26a40ec9b76aadb05932af8da5ae9dff4fb01
Buffalo_Nili_Ravi,train,train\Buffalo_Nili_Ravi\0de30399de5d56ab.jpg,Dataset\Buffalo Breeds\Nili_Ravi\Nili_Ravi_39.jpg,0de30399de5d56ab9fda73b86a4952cc0facc7bd296364159c89ae7d1ae83474
Buffalo_Nili_Ravi,train,train\Buffalo_Nili_Ravi\2dcefab0eaaa81b0.jpg,Dataset\Buffalo Breeds\Nili_Ravi\Nili_Ravi_64.jpg,2dcefab0eaaa81b05d3ad6780b67394e1723bc48d8a8dd2d5e2dd932abe9225c
Buffalo_Nili_Ravi,train,train\Buffalo_Nili_Ravi\fcc88c11a19d3cbf.jpg,Dataset\Buffalo Breeds\Nili_Ravi\Nili_Ravi_26.jpg,fcc88c11a19d3cbfceca166bacb461cdee774db3bf2d2c70f7f24a0628535e0d
Buffalo_Nili_Ravi,train,train\Buffalo_Nili_Ravi\dc1823f2135c9e02.jpg,Dataset\Buffalo Breeds\Nili_Ravi\Nili_Ravi_41.jpg,dc1823f2135c9e027f2a1526b62b020408107f92dfc7effd01484e1570ef0643
Buffalo_Nili_Ravi,train,train\Buffalo_Nili_Ravi\2b9423fae79b3438.jpg,Dataset\Buffalo Breeds\Nili_Ravi\Nili_Ravi_2.png,2b9423fae79b343884ed841ca235cc863c1a7e22d2beac845eed093e67c1e3a8
Buffalo_Nili_Ravi,train,train\Buffalo_Nili_Ravi\3968af25b70e38c2.jpg,Dataset\Buffalo Breeds\Nili_Ravi\Nili_Ravi_53.jpg,3968af25b70e38c2372b33cd72451c4ee85ea77a9c6429aad4d03c14952048ab
Buffalo_Nili_Ravi,train,train\Buffalo_Nili_Ravi\917688acd7db3102.jpg,Dataset\Buffalo Breeds\Nili_Ravi\Nili_Ravi_75.jpg,917688acd7db31026598e3158d203c29b5cbaa27b756ebc2bd2ff361ab76e92a
Buffalo_Nili_Ravi,train,train\Buffalo_Nili_Ravi\4933ad319167d6a1.jpg,Dataset\Buffalo Breeds\Nili_Ravi\Nili_Ravi_38.jpg,4933ad319167d6a1aba9db662e25ecd0a874660fa481ae35d40dd559ba86f928
Buffalo_Nili_Ravi,train,train\Buffalo_Nili_Ravi\680b797ac96cc4d6.jpg,Dataset\Buffalo Breeds\Nili_Ravi\Nili_Ravi_48.jpg,680b797ac96cc4d6c8db5ae904f0c43e8cf7af473290b07b7f1b007ec63dad39
Buffalo_Nili_Ravi,train,train\Buffalo_Nili_Ravi\3f0f8b1ae3bc4053.jpg,Dataset\Buffalo Breeds\Nili_Ravi\Nili_Ravi_61.jpg,3f0f8b1ae3bc4053ebbba2e94366f00d6e9047a7e47384ef1d0b7065341ec3d4
Buffalo_Nili_Ravi,train,train\Buffalo_Nili_Ravi\4aeb857a3168c730.jpg,Dataset\Buffalo Breeds\Nili_Ravi\Nili_Ravi_63.jpg,4aeb857a3168c730451326416b675c98876ceb8a2407d2e13977c63caaa64e83
Buffalo_Nili_Ravi,train,train\Buffalo_Nili_Ravi\b3e4ece30b0596e3.jpg,Dataset\Buffalo Breeds\Nili_Ravi\Nili_Ravi_15.jpg,b3e4ece30b0596e33d5ff7b4f438369f8436fdcacceaf9e2763af5071ed1b66d
Buffalo_Nili_Ravi,train,train\Buffalo_Nili_Ravi\5b0675474c658073.jpg,Dataset\Buffalo Breeds\Nili_Ravi\Nili_Ravi_74.jpg,5b0675474c658073b7522c013e020b36a905688db1615f024dc04a4b87e7fafc
Buffalo_Nili_Ravi,train,train\Buffalo_Nili_Ravi\55e1bb04bc248847.jpg,Dataset\Buffalo Breeds\Nili_Ravi\Nili_Ravi_35.jpg,55e1bb04bc248847efddbd368c87c016b1147050b71cbc70b6b452b4219fc9b3
Buffalo_Nili_Ravi,train,train\Buffalo_Nili_Ravi\ed077047fa6b754b.jpg,Dataset\Buffalo Breeds\Nili_Ravi\Nili_Ravi_1.jpg,ed077047fa6b754b17ba1ff975ffcca2260cf8cbd980565385fb26a407a47412
Buffalo_Nili_Ravi,train,train\Buffalo_Nili_Ravi\3e1a06e0ecf5e2bd.jpg,Dataset\Buffalo Breeds\Nili_Ravi\Nili_Ravi_85.jpg,3e1a06e0ecf5e2bddb9718ceb397f7062f54d82d9097569321b54ffbf7e29376
Buffalo_Nili_Ravi,train,train\Buffalo_Nili_Ravi\9e29167f801cbd3b.jpg,Dataset\Buffalo Breeds\Nili_Ravi\Nili_Ravi_5.jpg,9e29167f801cbd3bb4190fbdb22f2a92c68e5bb9dd8fdaa2289b185847ba9fca
Buffalo_Nili_Ravi,train,train\Buffalo_Nili_Ravi\83ef018a2c805074.jpg,Dataset\Buffalo Breeds\Nili_Ravi\Nili_Ravi_87.jpg,83ef018a2c8050742f572633e82e8579ea569973d3f716fb943a88d0e13f6b37
Buffalo_Nili_Ravi,train,train\Buffalo_Nili_Ravi\4e8346c5bf60670f.jpg,Dataset\Buffalo Breeds\Nili_Ravi\Nili_Ravi_13.jpg,4e8346c5bf60670fb8b7732671d130fe472cc1d672548efeff6d4898df262580
Buffalo_Nili_Ravi,train,train\Buffalo_Nili_Ravi\ce23264433b1e706.jpg,Dataset\Buffalo Breeds\Nili_Ravi\Nili_Ravi_32.jpg,ce23264433b1e7068e8d026ba4a2cb806b26ba361dc3adadf854b88c6bd28c8a
Buffalo_Nili_Ravi,train,train\Buffalo_Nili_Ravi\182338258428f76f.jpg,Dataset\Buffalo Breeds\Nili_Ravi\Nili_Ravi_50.jpg,182338258428f76f361b0f7139601b85f97aaf3d0b5076083eef1e662c0bf47e
Buffalo_Nili_Ravi,train,train\Buffalo_Nili_Ravi\97971bf33a58db2b.jpg,Dataset\Buffalo Breeds\Nili_Ravi\Nili_Ravi_9.jpg,97971bf33a58db2b477d3189c722333a4c237404fafbe92713b77cd1d7e44a7a
Buffalo_Nili_Ravi,train,train\Buffalo_Nili_Ravi\2929de6d17a0c2ce.jpg,Dataset\Buffalo Breeds\Nili_Ravi\Nili_Ravi_42.jpg,2929de6d17a0c2ce61584ee55558940f97e926284b525728e81bfe76c4969b57
Buffalo_Nili_Ravi,train,train\Buffalo_Nili_Ravi\0cc9eb900dc0192d.jpg,Dataset\Buffalo Breeds\Nili_Ravi\Nili_Ravi_31.jpeg,0cc9eb900dc0192dafc33d91cb8236103ffd89109320c15c08b2784bae3c45b6
Buffalo_Nili_Ravi,train,train\Buffalo_Nili_Ravi\9a68af84693b5ce6.jpg,Dataset\Buffalo Breeds\Nili_Ravi\Nili_Ravi_11.jpg,9a68af84693b5ce6fcca862f129d5edcafee63f92b36e1f71cfdc787378ea697
Buffalo_Nili_Ravi,train,train\Buffalo_Nili_Ravi\35a2b93557930e11.jpg,Dataset\Buffalo Breeds\Nili_Ravi\Nili_Ravi_70.jpg,35a2b93557930e11f012d448a29673fdbb1af3b88393f2a214db6e1baf1ddcaa
Buffalo_Nili_Ravi,train,train\Buffalo_Nili_Ravi\523621c43bb5312b.jpg,Dataset\Buffalo Breeds\Nili_Ravi\Nili_Ravi_44.jpg,523621c43bb5312b158e52bd7b5c83a15ef73ed3b460579c64a5f7974f08ddae
Buffalo_Nili_Ravi,train,train\Buffalo_Nili_Ravi\1d2ee8dc1931e9c2.jpg,Dataset\Buffalo Breeds\Nili_Ravi\Nili_Ravi_77.jpg,1d2ee8dc1931e9c26d55c3a0b475e75ade5014718471d7878ae7f62d59b40713
Buffalo_Nili_Ravi,train,train\Buffalo_Nili_Ravi\4e88d4ce4d40e384.jpg,Dataset\Buffalo Breeds\Nili_Ravi\Nili_Ravi_24.jpg,4e88d4ce4d40e3844fc51fdadc066b028cfb71733c50553541b0f6291ea06340
Buffalo_Nili_Ravi,train,train\Buffalo_Nili_Ravi\2cebd3354c3bc2d5.jpg,Dataset\Buffalo Breeds\Nili_Ravi\Nili_Ravi_46.png,2cebd3354c3bc2d50ff35c1a887bbce3e196dc29a689b44a0cabdc4886cb70bb
Buffalo_Nili_Ravi,train,train\Buffalo_Nili_Ravi\4584636d360d4c0d.jpg,Dataset\Buffalo Breeds\Nili_Ravi\Nili_Ravi_80.jpg,4584636d360d4c0d2672adf85685460bb5fce260bcec00c87d7638b0bb29c2be
Buffalo_Nili_Ravi,train,train\Buffalo_Nili_Ravi\453d2a9a459891b8.jpg,Dataset\Buffalo Breeds\Nili_Ravi\Nili_Ravi_4.jpg,453d2a9a459891b898a895c3a07859f261d470ed3fc8216d028f8f126e843336
Buffalo_Nili_Ravi,train,train\Buffalo_Nili_Ravi\17ce54a383b8385f.jpg,Dataset\Buffalo Breeds\Nili_Ravi\Nili_Ravi_18.jpg,17ce54a383b8385f21e57de159484ea27eb3ddcac21b28ddd53d3b0823d9e340
Buffalo_Nili_Ravi,train,train\Buffalo_Nili_Ravi\35623872bd6a70e0.jpg,Dataset\Buffalo Breeds\Nili_Ravi\Nili_Ravi_34.jpg,35623872bd6a70e002f3508e65198f66d41645d39bddd4b82ee135678a04b159
Buffalo_Nili_Ravi,train,train\Buffalo_Nili_Ravi\94e2511cb843e2d2.jpg,Dataset\Buffalo Breeds\Nili_Ravi\Nili_Ravi_58.jpg,94e2511cb843e2d20d4ab11d049cf0ede5cb74f00893a989fcac43362fc04f1f
Buffalo_Nili_Ravi,train,train\Buffalo_Nili_Ravi\1eae69da9ff1932b.jpg,Dataset\Buffalo Breeds\Nili_Ravi\Nili_Ravi_56.jpg,1eae69da9ff1932b46ef399b41d715e40747f10b320b0ac7dbcf692d4b3f9dd4
Buffalo_Nili_Ravi,train,train\Buffalo_Nili_Ravi\b0f0f15d8c72c13d.jpg,Dataset\Buffalo Breeds\Nili_Ravi\Nili_Ravi_81.jpg,b0f0f15d8c72c13df479709b1d53fed8bc0034aa5bc183523f0e11da6dee878d
Buffalo_Nili_Ravi,train,train\Buffalo_Nili_Ravi\d8b18926ac48bb00.jpg,Dataset\Buffalo Breeds\Nili_Ravi\Nili_Ravi_12.jpg,d8b18926ac48bb000f7fedb0cd1338281162a6ce2e025019b91721ea895fd05e
Buffalo_Nili_Ravi,train,train\Buffalo_Nili_Ravi\ada285515fdba96c.jpg,Dataset\Buffalo Breeds\Nili_Ravi\Nili_Ravi_21.jpg,ada285515fdba96c15d4e0421fe26f30ec028e6e5c25a6499c2d6047330be8a3
Buffalo_Nili_Ravi,train,train\Buffalo_Nili_Ravi\fa443e4b843fb939.jpg,Dataset\Buffalo Breeds\Nili_Ravi\Nili_Ravi_47.jpg,fa443e4b843fb939342e1b1c01fd0f0e1aac9ef221a6320ca1485baa98c70c24
Buffalo_Nili_Ravi,train,train\Buffalo_Nili_Ravi\54bb97e04f29d9e4.jpg,Dataset\Buffalo Breeds\Nili_Ravi\Nili_Ravi_3.jpg,54bb97e04f29d9e484e6e9fd5146995f8c2ec117983f4cfa2c1a04ba186f97b5
Buffalo_Nili_Ravi,train,train\Buffalo_Nili_Ravi\f4bac3fc08791918.jpg,Dataset\Buffalo Breeds\Nili_Ravi\Nili_Ravi_91.jpg,f4bac3fc087919188e387513e65ed946eb281fe1d07509fdff04673721798940
Buffalo_Nili_Ravi,train,train\Buffalo_Nili_Ravi\229c104199e44f76.jpg,Dataset\Buffalo Breeds\Nili_Ravi\Nili_Ravi_84.jpg,229c104199e44f762fdf2f5ade5cf80ca0f9fef9706e62ee770fe2f2328dbaa6
Buffalo_Nili_Ravi,train,train\Buffalo_Nili_Ravi\ba506bf65702c3ce.jpg,Dataset\Buffalo Breeds\Nili_Ravi\Nili_Ravi_30.jpg,ba506bf65702c3cebb13e5ab02f539463675940b8763a8dd3de164576c6a03cc
Buffalo_Nili_Ravi,train,train\Buffalo_Nili_Ravi\0f3b6a9dbb8e64ef.jpg,Dataset\Buffalo Breeds\Nili_Ravi\Nili_Ravi_55.jpg,0f3b6a9dbb8e64efd991e26e90294ce58e8f5cef83149e6558b76e90137bc1f9
Buffalo_Nili_Ravi,train,train\Buffalo_Nili_Ravi\31d2265685db3821.jpg,Dataset\Buffalo Breeds\Nili_Ravi\Nili_Ravi_40.jpg,31d2265685db3821d968b6d96a63a4c046e1e8e721c2131b8343c325f838d18e
Buffalo_Nili_Ravi,train,train\Buffalo_Nili_Ravi\df49c37ecbd7c8ac.jpg,Dataset\Buffalo Breeds\Nili_Ravi\Nili_Ravi_67.png,df49c37ecbd7c8ace2b432688c5f9476a5dad0c1142c2f48c848fa2f0ea1ed98
Buffalo_Nili_Ravi,train,train\Buffalo_Nili_Ravi\2396a3fe0a7e873f.jpg,Dataset\Buffalo Breeds\Nili_Ravi\Nili_Ravi_36.jpg,2396a3fe0a7e873f00f60de76bc3c19e906160554ac730fce81cb682fc11a2f3
Buffalo_Nili_Ravi,train,train\Buffalo_Nili_Ravi\2a7ca78b67047ef2.jpg,Dataset\Buffalo Breeds\Nili_Ravi\Nili_Ravi_8.jpg,2a7ca78b67047ef2209cbb85689b5bea998b812c8fb98ed50bc89f98e0f643f6
Buffalo_Nili_Ravi,train,train\Buffalo_Nili_Ravi\8295b8f8b2eb5711.jpg,Dataset\Buffalo Breeds\Nili_Ravi\Nili_Ravi_22.jpg,8295b8f8b2eb5711dd910a5eae8f066cb1218dba69205581b5d73c21599a9eac
Buffalo_Nili_Ravi,train,train\Buffalo_Nili_Ravi\8e95e37cf4910b5b.jpg,Dataset\Buffalo Breeds\Nili_Ravi\Nili_Ravi_69.jpg,8e95e37cf4910b5bbfea01caf7d8cf544aa4cb2ec69a1c38edc3a7148fd81ee0
Buffalo_Surti,test,test\Buffalo_Surti\7b4a0beb1ea97918.jpg,Dataset\Buffalo Breeds\Surti\Surti_47.jpg,7b4a0beb1ea97918ba4783c24222410a05d54d1041743f0f26f5d5cd14a92559
Buffalo_Surti,test,test\Buffalo_Surti\39ced573d3c5330d.jpg,Dataset\Buffalo Breeds\Surti\Surti_27.jpg,39ced573d3c5330deb83f68eb75eeff6bfe2f02d8707c8f47bcebf2c628d5bb9
Buffalo_Surti,test,test\Buffalo_Surti\3246718b1c06ed68.jpg,Dataset\Buffalo Breeds\Surti\Surti_1.jpg,3246718b1c06ed68fb616a2c434ffb2e2b1a75eba9f93667ee205ee1312d0be5
Buffalo_Surti,test,test\Buffalo_Surti\abdeafb96c034194.jpg,Dataset\Buffalo Breeds\Surti\Surti_66.jpg,abdeafb96c03419489e102e6e8278be3d232258b5d81fa0bece2667cf318ea9f
Buffalo_Surti,test,test\Buffalo_Surti\435bafce09512797.jpg,Dataset\Buffalo Breeds\Surti\Surti_17.jpg,435bafce09512797cb372404b399622ee6a8bdd93c02f8f9d5cebb1d57ed97bd
Buffalo_Surti,test,test\Buffalo_Surti\c028f8e7a8d8edf3.jpg,Dataset\Buffalo Breeds\Surti\Surti_40.jpg,c028f8e7a8d8edf333fba1e4267de3c4d1fe0540cfbe40f9e1f40dca16109322
Buffalo_Surti,test,test\Buffalo_Surti\5f47bd48d6613018.jpg,Dataset\Buffalo Breeds\Surti\Surti_57.jpg,5f47bd48d66130187b0b743f6cb146d07160d3a3ee6c91c28232e57e7392cdb6
Buffalo_Surti,val,val\Buffalo_Surti\c6b2b894513df4f4.jpg,Dataset\Buffalo Breeds\Surti\Surti_44.png,c6b2b894513df4f40a1b78fc0f9aa3bc8e39c82c2cc0accd3b72c15a16fba596
Buffalo_Surti,val,val\Buffalo_Surti\6e89e9eb0beefcb4.jpg,Dataset\Buffalo Breeds\Surti\Surti_55.png,6e89e9eb0beefcb4bc88a28496943c81b05a25dcea59527a8b2ed33629579c32
Buffalo_Surti,val,val\Buffalo_Surti\10f9ba4edc796ae4.jpg,Dataset\Buffalo Breeds\Surti\Surti_63.jpg,10f9ba4edc796ae434c1876702763bf8f70841aaff4928331c97beab19160052
Buffalo_Surti,val,val\Buffalo_Surti\08241619c81f3388.jpg,Dataset\Buffalo Breeds\Surti\Surti_12.jpg,08241619c81f3388ee84acd42e7b4f091ee5395eb1400c8d01b35c9b464bc9fd
Buffalo_Surti,val,val\Buffalo_Surti\5b30666fa09be849.jpg,Dataset\Buffalo Breeds\Surti\Surti_6.jpg,5b30666fa09be8491ecba1f2aed17c8a893951788431ecd772155b99327feb9e
Buffalo_Surti,val,val\Buffalo_Surti\0f3480a91fe5f253.jpg,Dataset\Buffalo Breeds\Surti\Surti_41.png,0f3480a91fe5f253b11213cbb15d9041c15e24398ad441aaf3bf325022090e56
Buffalo_Surti,val,val\Buffalo_Surti\71fe928282a087d6.jpg,Dataset\Buffalo Breeds\Surti\Surti_62.png,71fe928282a087d69456f3fcd1f2305f8716b11927ce52ea13c01c748d0d8d2c
Buffalo_Surti,train,train\Buffalo_Surti\58186565d5097a79.jpg,Dataset\Buffalo Breeds\Surti\Surti_61.jpg,58186565d5097a799eb358a36eba0050606c4793eb9c94ee6b19349ced93bfa8
Buffalo_Surti,train,train\Buffalo_Surti\940d12c166453418.jpg,Dataset\Buffalo Breeds\Surti\Surti_19.jpeg,940d12c1664534181091206702b703b144fd74ec916a4f8a8056824fbf97714c
Buffalo_Surti,train,train\Buffalo_Surti\82cd8a0a1f4ad54d.jpg,Dataset\Buffalo Breeds\Surti\Surti_15.jpg,82cd8a0a1f4ad54d5505dc22a679f8d5b493e54f5722a41836b9669dd2938cc1
Buffalo_Surti,train,train\Buffalo_Surti\97cf9883ecd10143.jpg,Dataset\Buffalo Breeds\Surti\Surti_2.jpg,97cf9883ecd101430e165ea3d480b93d1367496fbeab8d67285cfbd273f40e7b
Buffalo_Surti,train,train\Buffalo_Surti\d048ad095c68d628.jpg,Dataset\Buffalo Breeds\Surti\Surti_4.jpg,d048ad095c68d6281b845aeb846e320e7e04e0633a7baf7f215870e4a4d0197c
Buffalo_Surti,train,train\Buffalo_Surti\7261b39bf5915334.jpg,Dataset\Buffalo Breeds\Surti\Surti_21.jpg,7261b39bf59153345c3c4ba990d9c7ce8e2150a2c8f9a6ed22cca8c7e56f98e0
Buffalo_Surti,train,train\Buffalo_Surti\6647cda46330dd82.jpg,Dataset\Buffalo Breeds\Surti\Surti_20.jpg,6647cda46330dd82d3c506b64785b20867c1a8265d45c2681dc0a7f8947930db
Buffalo_Surti,train,train\Buffalo_Surti\82798612ab794a4e.jpg,Dataset\Buffalo Breeds\Surti\Surti_8.png,82798612ab794a4e6e8d840dfe8d935e3dcf79bd4825c3eb27f46460d972e87d
Buffalo_Surti,train,train\Buffalo_Surti\19cf6b67cd8a9226.jpg,Dataset\Buffalo Breeds\Surti\Surti_48.png,19cf6b67cd8a9226a343e53c4666178bb50d7a8040c9117172969b9f994022f5
Buffalo_Surti,train,train\Buffalo_Surti\e265d056da269f7a.jpg,Dataset\Buffalo Breeds\Surti\Surti_23.jpg,e265d056da269f7a1a040c8402c4f5fd10ac46acd4a39298527758556c49921a
Buffalo_Surti,train,train\Buffalo_Surti\ffc19b98d438b65f.jpg,Dataset\Buffalo Breeds\Surti\Surti_51.png,ffc19b98d438b65fbe23c21d79c9b95b5359dc23804d244b9062816ef8768881
Buffalo_Surti,train,train\Buffalo_Surti\48eb0c668cb07612.jpg,Dataset\Buffalo Breeds\Surti\Surti_64.jpg,48eb0c668cb07612114408ed8f24b560862e0de6005c31cae58c01ce5e527d3b
Buffalo_Surti,train,train\Buffalo_Surti\b703278449a5a1b9.jpg,Dataset\Buffalo Breeds\Surti\Surti_30.jpg,b703278449a5a1b928c4c097d83babec775f80776e5a5330f858d37caf82415a
Buffalo_Surti,train,train\Buffalo_Surti\d339be986baf8f1e.jpg,Dataset\Buffalo Breeds\Surti\Surti_25.jpg,d339be986baf8f1e2d53c595fdd3e0689fffb7eb96bfed2a17842482d68a8d7c
Buffalo_Surti,train,train\Buffalo_Surti\c7a116ab1f7709ca.jpg,Dataset\Buffalo Breeds\Surti\Surti_35.jpg,c7a116ab1f7709ca5b7a5bebf3da945209959f05aed57444f72d652c4f683044
Buffalo_Surti,train,train\Buffalo_Surti\15129ad11f861479.jpg,Dataset\Buffalo Breeds\Surti\Surti_36.jpeg,15129ad11f8614793b836af9c12a4b38ee8cd2c8531a033626e2c2cd1abfc786
Buffalo_Surti,train,train\Buffalo_Surti\fda217e58b7cd1e2.jpg,Dataset\Buffalo Breeds\Surti\Surti_56.png,fda217e58b7cd1e238a79f30ff7da47ac3a5a6216b901cfab148b7ad3a22dd11
Buffalo_Surti,train,train\Buffalo_Surti\6ff164a11dcda11c.jpg,Dataset\Buffalo Breeds\Surti\Surti_42.jpg,6ff164a11dcda11c03aeb25e776fa61267fe4641752e1fd646bd4c0e5cbc034e
Buffalo_Surti,train,train\Buffalo_Surti\887ff95b83439b4a.jpg,Dataset\Buffalo Breeds\Surti\Surti_39.png,887ff95b83439b4a434fe7fcea534733516961f3a3085297caab1a0905af1274
Buffalo_Surti,train,train\Buffalo_Surti\bdf11a2aea5388c8.jpg,Dataset\Buffalo Breeds\Surti\Surti_7.gif,bdf11a2aea5388c8a15b6dd3bbf76ec03b46a15fbbd7965a585cdbefe93bbbfa
Buffalo_Surti,train,train\Buffalo_Surti\2b2917610d608487.jpg,Dataset\Buffalo Breeds\Surti\Surti_45.png,2b2917610d6084877e57041aeedf9842874bdb7c912da6a9fe44339103ae8131
Buffalo_Surti,train,train\Buffalo_Surti\b4cba8317d4f823d.jpg,Dataset\Buffalo Breeds\Surti\Surti_31.jpg,b4cba8317d4f823d70422b42deeee3adf9659e387549cafda67acfc8991f2b7f
Buffalo_Surti,train,train\Buffalo_Surti\cc7df0831fa9e0f7.jpg,Dataset\Buffalo Breeds\Surti\Surti_38.png,cc7df0831fa9e0f7f7e16c0008bb26ebaaa5e301b77b19a9956f624948c2fa1f
Buffalo_Surti,train,train\Buffalo_Surti\db113f0894d4b4d0.jpg,Dataset\Buffalo Breeds\Surti\Surti_18.png,db113f0894d4b4d0538e0f5336558eeef8ee79abc9d0f61d0c98ae072e47df5f
Buffalo_Surti,train,train\Buffalo_Surti\2b3dc63ca678a5f5.jpg,Dataset\Buffalo Breeds\Surti\Surti_11.jpg,2b3dc63ca678a5f5396448d351ebc2c651204ac39c5daa414f2ddc59736a8740
Buffalo_Surti,train,train\Buffalo_Surti\3e646f19b7d995ca.jpg,Dataset\Buffalo Breeds\Surti\Surti_50.png,3e646f19b7d995cae58e7ab8224351f6d56bdc6df6aa32a0be56d4ee8552a911
Buffalo_Surti,train,train\Buffalo_Surti\81eb95b5b6ab927a.jpg,Dataset\Buffalo Breeds\Surti\Surti_9.jpg,81eb95b5b6ab927a6c42c8c8d1dbd2a245f49d61fb718212cfae22e45f37ed65
Buffalo_Surti,train,train\Buffalo_Surti\8d2baf88e5f2437d.jpg,Dataset\Buffalo Breeds\Surti\Surti_52.png,8d2baf88e5f2437d59db480b4aa6209a11ee3e7db4255abd572b6869b6a48a2d
Buffalo_Surti,train,train\Buffalo_Surti\6f846b32e014c9f6.jpg,Dataset\Buffalo Breeds\Surti\Surti_32.jpg,6f846b32e014c9f684dcd6635c38fc6b10d9e1791477b1edf323dfbdeda62d50
Buffalo_Surti,train,train\Buffalo_Surti\6326e693dda92119.jpg,Dataset\Buffalo Breeds\Surti\Surti_59.jpg,6326e693dda92119c0103e2f5d1672dd78d393a979e0fb14bc36d2398e02531e
Buffalo_Surti,train,train\Buffalo_Surti\3edb2f1b62145b31.jpg,Dataset\Buffalo Breeds\Surti\Surti_53.png,3edb2f1b62145b31b13388407998d4515bba60a89a22b72ae365626296aea002
Buffalo_Toda,test,test\Buffalo_Toda\5e222c0d7588d792.jpg,Dataset\Buffalo Breeds\Toda\Toda_97.jpg,5e222c0d7588d7923f42ce8cb2e61b47e350f19c9d84db21a49baeedd9ce008b
Buffalo_Toda,test,test\Buffalo_Toda\376433ec06331475.jpg,Dataset\Buffalo Breeds\Toda\Toda_75.jpg,376433ec063314754d3a7fbf21870aa44365333095cd057d8cd5f5e8e1f0ee07
Buffalo_Toda,test,test\Buffalo_Toda\31ea554bbc8e7507.jpg,Dataset\Buffalo Breeds\Toda\Toda_42.jpg,31ea554bbc8e750771f926dd67d01b3ad7095eff4dac43f6fa952615c31d8ae7
Buffalo_Toda,test,test\Buffalo_Toda\f377de803a35e95a.jpg,Dataset\Buffalo Breeds\Toda\Toda_67.jpg,f377de803a35e95ad984a9a4cc7d0f7fc096e92156c33551e2cad2e73f3547d6
Buffalo_Toda,test,test\Buffalo_Toda\9859def3098c4c56.jpg,Dataset\Buffalo Breeds\Toda\Toda_74.jpg,9859def3098c4c565de374a0a8e892cf72b3889927dfd114928d46eeffb30037
Buffalo_Toda,test,test\Buffalo_Toda\8307d863dcb9d1e5.jpg,Dataset\Buffalo Breeds\Toda\Toda_40.jpg,8307d863dcb9d1e5c0a212be95f1b34c1010b509f55a7c78afb803cb45169f7a
Buffalo_Toda,test,test\Buffalo_Toda\f05fab782ffb0e80.jpg,Dataset\Buffalo Breeds\Toda\Toda_48.jpg,f05fab782ffb0e80e2d943847e26c2811422a727ae0621d4ee31563c6d38e050
Buffalo_Toda,test,test\Buffalo_Toda\677b867858480707.jpg,Dataset\Buffalo Breeds\Toda\Toda_122.jpg,677b867858480707a0453a727845e9a5907c385c3a02a92f121b12dcc3e8a85a
Buffalo_Toda,test,test\Buffalo_Toda\7e6df66facbb38eb.jpg,Dataset\Buffalo Breeds\Toda\Toda_49.jpg,7e6df66facbb38eb5e98ef5424f22d2d4ae69ecc113eb3df55e6dc51d24a7541
Buffalo_Toda,test,test\Buffalo_Toda\e32a4977fd1ef2c6.jpg,Dataset\Buffalo Breeds\Toda\Toda_11.jpg,e32a4977fd1ef2c6e9a5834497a4b4b06c152770f118974ad6d904ee3f7d7a00
Buffalo_Toda,test,test\Buffalo_Toda\c331f13753dcae7d.jpg,Dataset\Buffalo Breeds\Toda\Toda_68.jpg,c331f13753dcae7d0b5a350d22f64f32ee5c66c7d278828d4a411b2a899f10fe
Buffalo_Toda,test,test\Buffalo_Toda\dc443776f571dac1.jpg,Dataset\Buffalo Breeds\Toda\Toda_80.jpg,dc443776f571dac1ef01294e0ef7ec4df574b5ce14768939fe71410063f81029
Buffalo_Toda,test,test\Buffalo_Toda\90eb5c2e93532704.jpg,Dataset\Buffalo Breeds\Toda\Toda_98.jpg,90eb5c2e93532704236bb5c54937c964b8ea1c63b686350d94e33f5f643f556b
Buffalo_Toda,test,test\Buffalo_Toda\cde24ad1bb744f69.jpg,Dataset\Buffalo Breeds\Toda\Toda_34.jpg,cde24ad1bb744f69667cdeef0a5a213177a7935c651e15d57563979b48b3b8f7
Buffalo_Toda,test,test\Buffalo_Toda\413df424b87eaaef.jpg,Dataset\Buffalo Breeds\Toda\Toda_71.jpg,413df424b87eaaef32548f1c8a9d440607de50614988ae90d27c67527afd9c70
Buffalo_Toda,test,test\Buffalo_Toda\b00f88eeb76e4923.jpg,Dataset\Buffalo Breeds\Toda\Toda_31.jpg,b00f88eeb76e4923f913742e94c2831ace5c41f7c317f1f993f4898713ae36c0
Buffalo_Toda,test,test\Buffalo_Toda\550a0eab76f779e6.jpg,Dataset\Buffalo Breeds\Toda\Toda_123.jpg,550a0eab76f779e649b0b975e518e160c4e5c1086394e6799d19ef6c7b57e411
Buffalo_Toda,val,val\Buffalo_Toda\91129babad6a6597.jpg,Dataset\Buffalo Breeds\Toda\Toda_115.jpg,91129babad6a6597db8c4d2e19383e68e41377408a4c224796beb0148a1c69b0
Buffalo_Toda,val,val\Buffalo_Toda\9bfc6f99f5abd7a3.jpg,Dataset\Buffalo Breeds\Toda\Toda_53.jpg,9bfc6f99f5abd7a3298b573d0d669118a83439528e0543ad92d41b7bf991fe1d
Buffalo_Toda,val,val\Buffalo_Toda\dcf6d30d1fbc0ab7.jpg,Dataset\Buffalo Breeds\Toda\Toda_4.jpg,dcf6d30d1fbc0ab70befdfabc7574b0903acfb575304b2bc1c57b8b99f47c374
Buffalo_Toda,val,val\Buffalo_Toda\73e64803653d108d.jpg,Dataset\Buffalo Breeds\Toda\Toda_58.jpg,73e64803653d108d1c88f5be7e4d7f02df191a4e67bbb0aea86e9b37d129cb39
Buffalo_Toda,val,val\Buffalo_Toda\4ebb5735209e8fef.jpg,Dataset\Buffalo Breeds\Toda\Toda_52.jpg,4ebb5735209e8fef4e3a81dffa8c9737f8f5bf85f1531ba30c60ba526d56b21e
Buffalo_Toda,val,val\Buffalo_Toda\eeb00f15a1d6da71.jpg,Dataset\Buffalo Breeds\Toda\Toda_6.jpg,eeb00f15a1d6da7143e1c3566ac16df29beea92b1015723cf49fd55cc08166c1
Buffalo_Toda,val,val\Buffalo_Toda\4b9d6ea68ea47ad3.jpg,Dataset\Buffalo Breeds\Toda\Toda_118.jpg,4b9d6ea68ea47ad34317d16fc333697b8b25be1a13980133577ff0d073d97d88
Buffalo_Toda,val,val\Buffalo_Toda\29298e223fd2bcf5.jpg,Dataset\Buffalo Breeds\Toda\Toda_7.jpg,29298e223fd2bcf568a5a39cfbb5bd1e549a6300deb6f0673449c09cd15ccdd4
Buffalo_Toda,val,val\Buffalo_Toda\cbd42f2028556147.jpg,Dataset\Buffalo Breeds\Toda\Toda_105.jpg,cbd42f2028556147c7212655cfad6a1aa078f3e514aa9d00ac2c49fbd9f2153a
Buffalo_Toda,val,val\Buffalo_Toda\aa3ec07113b86f58.jpg,Dataset\Buffalo Breeds\Toda\Toda_119.jpg,aa3ec07113b86f58c4eb2f3767a3bf3d7949ca840cc147e990e1f9dc72944b5f
Buffalo_Toda,val,val\Buffalo_Toda\a8aa8ad0f723bb9b.jpg,Dataset\Buffalo Breeds\Toda\Toda_21.jpg,a8aa8ad0f723bb9b3759cc8b2a5013184e3557f07df0ddc4711056fd51aa76ff
Buffalo_Toda,val,val\Buffalo_Toda\a80f57e2d83f21fd.jpg,Dataset\Buffalo Breeds\Toda\Toda_20.jpg,a80f57e2d83f21fdef9ea8d87c66fb22e00989b04cf5244baab6f53d28901f75
Buffalo_Toda,val,val\Buffalo_Toda\39a6ae56788ba6d6.jpg,Dataset\Buffalo Breeds\Toda\Toda_78.jpg,39a6ae56788ba6d617536003bd0d496630d8641ea45a48db5e9df932f922e1e3
Buffalo_Toda,val,val\Buffalo_Toda\8736708fc8c4487a.jpg,Dataset\Buffalo Breeds\Toda\Toda_96.jpg,8736708fc8c4487ac4bc1742d62ef5090ef2d1800711845aa0cca303d0434a65
Buffalo_Toda,val,val\Buffalo_Toda\945d018baa311f31.jpg,Dataset\Buffalo Breeds\Toda\Toda_72.jpg,945d018baa311f31ea0841fbeb6a55e375b403ceba823e37ff593bef026ccec4
Buffalo_Toda,val,val\Buffalo_Toda\0346f4e41bd1ee13.jpg,Dataset\Buffalo Breeds\Toda\Toda_44.jpg,0346f4e41bd1ee13cdcb9e44e358d50feffa26f889f3c675305d3a1808a46ff2
Buffalo_Toda,val,val\Buffalo_Toda\e446af09e30a7236.jpg,Dataset\Buffalo Breeds\Toda\Toda_70.jpg,e446af09e30a723648788ddf81a7a82cbb7f49fbe7d0952e96557f929b8c175c
Buffalo_Toda,train,train\Buffalo_Toda\290b86d833a5ba6b.jpg,Dataset\Buffalo Breeds\Toda\Toda_100.jpg,290b86d833a5ba6bffd930c5e23dbfde9ce94c9024339dec338def0d8dbf2566
Buffalo_Toda,train,train\Buffalo_Toda\b1d78d06ee5ccfac.jpg,Dataset\Buffalo Breeds\Toda\Toda_116.jpg,b1d78d06ee5ccfacb6d807be409d5c88eb52e002c21cd7949c57d1f4a585545a
Buffalo_Toda,train,train\Buffalo_Toda\46a3bd96cab56b97.jpg,Dataset\Buffalo Breeds\Toda\Toda_17.jpg,46a3bd96cab56b971b3a924e623b6ce6ab6280ded0588bd70552411e94c42f55
Buffalo_Toda,train,train\Buffalo_Toda\cd722f404cf3f44c.jpg,Dataset\Buffalo Breeds\Toda\Toda_92.jpg,cd722f404cf3f44c0453c8a2fda04dde553885e8b17179ab080d038faf8328d5
Buffalo_Toda,train,train\Buffalo_Toda\26b57a8f67c6e422.jpg,Dataset\Buffalo Breeds\Toda\Toda_124.jpg,26b57a8f67c6e422db55e1e9fc2e8f2d3828ddc399c89399cff5a9cffe794449
Buffalo_Toda,train,train\Buffalo_Toda\f0ce8b4cfb3d6dca.jpg,Dataset\Buffalo Breeds\Toda\Toda_1.jpg,f0ce8b4cfb3d6dca843640fd360b582b59028ffeb055a09e4246316d699e3118
Buffalo_Toda,train,train\Buffalo_Toda\89504a3491498951.jpg,Dataset\Buffalo Breeds\Toda\Toda_35.jpg,89504a3491498951ab2ba5351c2d6dd0ccafffa1ab44a8d152e04915a3c6bc1c
Buffalo_Toda,train,train\Buffalo_Toda\b4f38c0c11dbcb18.jpg,Dataset\Buffalo Breeds\Toda\Toda_102.jpg,b4f38c0c11dbcb182a7b8caa03072cee44fdaf62e1051cdd5378737d0261cd7a
Buffalo_Toda,train,train\Buffalo_Toda\d2883dc6ac2c53f3.jpg,Dataset\Buffalo Breeds\Toda\Toda_90.jpg,d2883dc6ac2c53f37b399d1ebce763f896e1735684b8f5b62fa361aa4add00a7
Buffalo_Toda,train,train\Buffalo_Toda\375dbc332ac25277.jpg,Dataset\Buffalo Breeds\Toda\Toda_109.jpg,375dbc332ac25277ff8e36d4c7bd09558432ce35a06ae3c49593e38e4c58f0d2
Buffalo_Toda,train,train\Buffalo_Toda\3694154d81521dfc.jpg,Dataset\Buffalo Breeds\Toda\Toda_88.jpg,3694154d81521dfc8365c1c41bed91783d80c5bbd5a59413cd1eb4ed02189285
Buffalo_Toda,train,train\Buffalo_Toda\d1cf988bab3447dd.jpg,Dataset\Buffalo Breeds\Toda\Toda_62.jpg,d1cf988bab3447dd5258915de67b12bfb4c6b694f77a6efab42bd6427b45b41a
Buffalo_Toda,train,train\Buffalo_Toda\75458282ae8fce37.jpg,Dataset\Buffalo Breeds\Toda\Toda_9.jpg,75458282ae8fce37b6c79d668762b6b802ca08b5f0aafd8e1d5d209a9af079be
Buffalo_Toda,train,train\Buffalo_Toda\7577f1bed8a5dd02.jpg,Dataset\Buffalo Breeds\Toda\Toda_32.jpg,7577f1bed8a5dd025c4475eceb9941e5f06ce5db46b12de694ac9858410731b3
Buffalo_Toda,train,train\Buffalo_Toda\cd37605afbb11e35.jpg,Dataset\Buffalo Breeds\Toda\Toda_85.jpg,cd37605afbb11e35ec75cb3d4e4e0c6337e2abe90ac685c9393112d09a35d869
Buffalo_Toda,train,train\Buffalo_Toda\4ba5921ffe0204f4.jpg,Dataset\Buffalo Breeds\Toda\Toda_84.jpg,4ba5921ffe0204f412cd2047f4fce20dee0b8dadaa0fb3c1919b492233ca11d9
Buffalo_Toda,train,train\Buffalo_Toda\9fca081873c71b3b.jpg,Dataset\Buffalo Breeds\Toda\Toda_30.jpg,9fca081873c71b3b983742dae196740070d424dd071d987b748698138fba8537
Buffalo_Toda,train,train\Buffalo_Toda\32dde80110ea63dd.jpg,Dataset\Buffalo Breeds\Toda\Toda_81.jpg,32dde80110ea63dd67ce44574d2316c154b38098c094637e46eb939a7e34d181
Buffalo_Toda,train,train\Buffalo_Toda\9fb3e68d8d2e9f76.jpg,Dataset\Buffalo Breeds\Toda\Toda_56.jpg,9fb3e68d8d2e9f76bc09553efa7bb52a61151c1b4fba11d1d725d9795f8c7a2d
Buffalo_Toda,train,train\Buffalo_Toda\01b1c5f366b091d4.jpg,Dataset\Buffalo Breeds\Toda\Toda_65.jpg,01b1c5f366b091d41b3e31e22c2f787f25c83e75ee6711580ce79dbda4a26139
Buffalo_Toda,train,train\Buffalo_Toda\6398b23622834bc4.jpg,Dataset\Buffalo Breeds\Toda\Toda_37.jpg,6398b23622834bc44d70fd7b1514304b2f578f025567a9902d9ccfc0a7976e84
Buffalo_Toda,train,train\Buffalo_Toda\29ddcdd716030500.jpg,Dataset\Buffalo Breeds\Toda\Toda_54.jpg,29ddcdd7160305001b7a3ff80f77ee3d79389a7d18995646ab8f9eddee5b5dc7
Buffalo_Toda,train,train\Buffalo_Toda\0b70f4e5d50190e1.jpg,Dataset\Buffalo Breeds\Toda\Toda_101.jpg,0b70f4e5d50190e11a50ae261eeaaf7b87d9964f6c88e9f1c599d5641e48d02b
Buffalo_Toda,train,train\Buffalo_Toda\005ad69c4d772f24.jpg,Dataset\Buffalo Breeds\Toda\Toda_27.jpg,005ad69c4d772f24bc8ced292771e821e3498ea34de852712682a62444feeb96
Buffalo_Toda,train,train\Buffalo_Toda\a75351e55b2ea344.jpg,Dataset\Buffalo Breeds\Toda\Toda_79.jpg,a75351e55b2ea3441ba5f504ef8416126752a39ab94873908965e418e08a7aed
Buffalo_Toda,train,train\Buffalo_Toda\c169cf1a2fa42225.jpg,Dataset\Buffalo Breeds\Toda\Toda_63.jpg,c169cf1a2fa4222506f0ecd99475e206b8f513066429b70b2e60a9b4d9e59477
Buffalo_Toda,train,train\Buffalo_Toda\f0f4da7cc6bfd445.jpg,Dataset\Buffalo Breeds\Toda\Toda_13.jpg,f0f4da7cc6bfd4456e2d67789362b58e2496354bb917fc3f482507703c6ce78e
Buffalo_Toda,train,train\Buffalo_Toda\98b08d01ece018c4.jpg,Dataset\Buffalo Breeds\Toda\Toda_87.jpg,98b08d01ece018c492b2359a6001492b4965b97470f2ad1e4c9210b6cea8a762
Buffalo_Toda,train,train\Buffalo_Toda\b0eba38e24a44be5.jpg,Dataset\Buffalo Breeds\Toda\Toda_45.jpg,b0eba38e24a44be5a933e99a50021677f792808c360ec2aed62073001d626607
Buffalo_Toda,train,train\Buffalo_Toda\b03b0346c92bb70a.jpg,Dataset\Buffalo Breeds\Toda\Toda_66.jpg,b03b0346c92bb70abc455d621abd1bd3fc25efccf0485d17c62df3a7e0c53a83
Buffalo_Toda,train,train\Buffalo_Toda\d3fe5776fc785c0c.jpg,Dataset\Buffalo Breeds\Toda\Toda_86.jpg,d3fe5776fc785c0ca21f7b99f5ebe75cda8bacbe999444034cd39081fc055c3b
Buffalo_Toda,train,train\Buffalo_Toda\c1e46756d27d7f0a.jpg,Dataset\Buffalo Breeds\Toda\Toda_47.jpg,c1e46756d27d7f0a081267ac57de80b1e492ae8f648c574d782a4c698ab2d525
Buffalo_Toda,train,train\Buffalo_Toda\5fa2e935de406bf8.jpg,Dataset\Buffalo Breeds\Toda\Toda_39.jpg,5fa2e935de406bf89d737885f25b80661667ff10f2f29cb3260e24ae0febb942
Buffalo_Toda,train,train\Buffalo_Toda\82959618f3b92998.jpg,Dataset\Buffalo Breeds\Toda\Toda_55.jpg,82959618f3b92998bf96cc431947761aef5b3fb4e189692d41657de12258deaa
Buffalo_Toda,train,train\Buffalo_Toda\b5917ef15ade4bc2.jpg,Dataset\Buffalo Breeds\Toda\Toda_14.jpg,b5917ef15ade4bc20919ed47752a7fac554539a8fba06928ca4cb77177852415
Buffalo_Toda,train,train\Buffalo_Toda\781a7bfe0ae26a83.jpg,Dataset\Buffalo Breeds\Toda\Toda_43.jpg,781a7bfe0ae26a8318d49861a3762bc3ed712fb16ec15d63504b32ab3c148a95
Buffalo_Toda,train,train\Buffalo_Toda\57542fa67676aaa2.jpg,Dataset\Buffalo Breeds\Toda\Toda_113.jpg,57542fa67676aaa296eaa7efa820aa82153d029c6f6a2f6f51dde7f0792055cb
Buffalo_Toda,train,train\Buffalo_Toda\d18e5c0c757749ad.jpg,Dataset\Buffalo Breeds\Toda\Toda_18.jpg,d18e5c0c757749ad7a9a706cb7d7edf8243f2b8afe3ad9a8a49eb0cdc0dc48d1
Buffalo_Toda,train,train\Buffalo_Toda\6d7b6ad89ab54b9b.jpg,Dataset\Buffalo Breeds\Toda\Toda_108.jpg,6d7b6ad89ab54b9b13cc6839d8e4332936696f52b0d7053ced5e59469f5c7f15
Buffalo_Toda,train,train\Buffalo_Toda\b1859ca2e21ea177.jpg,Dataset\Buffalo Breeds\Toda\Toda_95.jpg,b1859ca2e21ea1770913d5e6b08f79f8df98d866bbeb9057c2ca9e53006a8207
Buffalo_Toda,train,train\Buffalo_Toda\e385df074ca34a5b.jpg,Dataset\Buffalo Breeds\Toda\Toda_60.jpg,e385df074ca34a5b318e8d3eaacd9a0d8ab3c54102bd02505fc46bd99a4a99e7
Buffalo_Toda,train,train\Buffalo_Toda\8a32a7e035edecaa.jpg,Dataset\Buffalo Breeds\Toda\Toda_64.jpg,8a32a7e035edecaa26e745e5db4b85c7b7e0aeb8e6b19b1ac0cf5f1e8f75d397
Buffalo_Toda,train,train\Buffalo_Toda\db35f4b0d4a2395f.jpg,Dataset\Buffalo Breeds\Toda\Toda_117.jpg,db35f4b0d4a2395fa4e0fd449a15695ca6d12d36bc44f65610d5a7fad6eb22bb
Buffalo_Toda,train,train\Buffalo_Toda\3d7fb9eb1d4de616.jpg,Dataset\Buffalo Breeds\Toda\Toda_73.jpg,3d7fb9eb1d4de6165c0c2d4e0e350d7a7f71d524a25bc434a671bde9822ce2d7
Buffalo_Toda,train,train\Buffalo_Toda\3561031ad27ec4e1.jpg,Dataset\Buffalo Breeds\Toda\Toda_8.jpg,3561031ad27ec4e1f088fc1657eec4e0b4c0e37d77c27e3630ca7824ff32ccfa
Buffalo_Toda,train,train\Buffalo_Toda\364f27dae6425524.jpg,Dataset\Buffalo Breeds\Toda\Toda_107.jpg,364f27dae6425524211caec6a2d0b458f87e53adf43a04786e08a4e4836a4b32
Buffalo_Toda,train,train\Buffalo_Toda\ef82d7e4314b293e.jpg,Dataset\Buffalo Breeds\Toda\Toda_83.jpg,ef82d7e4314b293e4f8eb9420d597f92a3efb1ff6b5c2b069311e894ccc501d9
Buffalo_Toda,train,train\Buffalo_Toda\8d607764b1c242c1.jpg,Dataset\Buffalo Breeds\Toda\Toda_41.jpg,8d607764b1c242c17bcc9142fc20095110edf8881bac43de67e57ea62186d179
Buffalo_Toda,train,train\Buffalo_Toda\32f1f6438799484a.jpg,Dataset\Buffalo Breeds\Toda\Toda_106.jpg,32f1f6438799484ab59b56349a123bc0ca54f192681eda8b12a041b6bb1fa9c1
Buffalo_Toda,train,train\Buffalo_Toda\ed2975d3e57f063d.jpg,Dataset\Buffalo Breeds\Toda\Toda_112.jpg,ed2975d3e57f063db9f74fe23504ed44fc9fea456e8a391d9d616b719d231988
Buffalo_Toda,train,train\Buffalo_Toda\afe3d0b3fbc77a0e.jpg,Dataset\Buffalo Breeds\Toda\Toda_93.jpg,afe3d0b3fbc77a0e8386ffc2f9f801588cb9fdb2948d1c6477245bce3919580e
Buffalo_Toda,train,train\Buffalo_Toda\e17801ab31d557f2.jpg,Dataset\Buffalo Breeds\Toda\Toda_2.jpg,e17801ab31d557f2e3a9449b220931ff81b72468cbc58e2b06a2b18649fb5c68
Buffalo_Toda,train,train\Buffalo_Toda\2aec0fd5e014768a.jpg,Dataset\Buffalo Breeds\Toda\Toda_89.jpg,2aec0fd5e014768aac3731f31b7d90aadc725957269d1a7a6e90db8f49cc6933
Buffalo_Toda,train,train\Buffalo_Toda\2c73dcae01505249.jpg,Dataset\Buffalo Breeds\Toda\Toda_120.jpg,2c73dcae01505249f84e0945cf4d832ec1826b32210f1aa688eb3b1a2cade3db
Buffalo_Toda,train,train\Buffalo_Toda\2abbf75642c1d73f.jpg,Dataset\Buffalo Breeds\Toda\Toda_33.jpg,2abbf75642c1d73fc1e5bf68228e34800c568353363ba6feebd4f0bb19218f89
Buffalo_Toda,train,train\Buffalo_Toda\43cadea582d60ad5.jpg,Dataset\Buffalo Breeds\Toda\Toda_46.jpg,43cadea582d60ad5c3dc7c711664af74dc37e018f072ef7ca4ad0ad8a6ba8fa0
Buffalo_Toda,train,train\Buffalo_Toda\46053b1379ae9585.jpg,Dataset\Buffalo Breeds\Toda\Toda_50.jpg,46053b1379ae95855a3962b5ade3fab9cc6ee0e9eff64c69acaaa422d935b16c
Buffalo_Toda,train,train\Buffalo_Toda\3e0923421d209791.jpg,Dataset\Buffalo Breeds\Toda\Toda_5.jpg,3e0923421d209791c438a43578208e3cd589c7336da443060f23d237e57a1c8d
Buffalo_Toda,train,train\Buffalo_Toda\94fd9044d635b708.jpg,Dataset\Buffalo Breeds\Toda\Toda_23.jpg,94fd9044d635b70890c16712ea43c5df9f2551d92c83492d726aa62a748bc81e
Buffalo_Toda,train,train\Buffalo_Toda\eee7ca322fb08369.jpg,Dataset\Buffalo Breeds\Toda\Toda_61.jpg,eee7ca322fb08369b811d43d98057486075f2c6965b0e6d3238bea097436304d
Buffalo_Toda,train,train\Buffalo_Toda\83f0dcd13fba5bd4.jpg,Dataset\Buffalo Breeds\Toda\Toda_94.jpg,83f0dcd13fba5bd40bd5f2561d15cc8f841224d75cf2bff4730a2db917419c27
Buffalo_Toda,train,train\Buffalo_Toda\f844898ab1b86d48.jpg,Dataset\Buffalo Breeds\Toda\Toda_111.jpg,f844898ab1b86d4828ea16952e810b39e5a9d95c04e04e988aefc6b3217ce030
Buffalo_Toda,train,train\Buffalo_Toda\8a37fbe04efeeb47.jpg,Dataset\Buffalo Breeds\Toda\Toda_51.jpg,8a37fbe04efeeb4767f01bbfae895451be83fd5ce276ea79b10b52d21dc22d09
Buffalo_Toda,train,train\Buffalo_Toda\a9e93b6891977236.jpg,Dataset\Buffalo Breeds\Toda\Toda_82.jpg,a9e93b689197723636a378ac99465105af3cf1b1557a50a08c27a59c0197a743
Buffalo_Toda,train,train\Buffalo_Toda\a7de152c0786778e.jpg,Dataset\Buffalo Breeds\Toda\Toda_69.jpg,a7de152c0786778e8fa66b27a6610f18a9b189b4d05c052800bcfe0c43863a1b
Buffalo_Toda,train,train\Buffalo_Toda\f183a55671e01e48.jpg,Dataset\Buffalo Breeds\Toda\Toda_91.jpg,f183a55671e01e48954389e0d5a6004c0eac3a36e8c5bb7e64e769629a22993e
Buffalo_Toda,train,train\Buffalo_Toda\9ddb179c61b73ff1.jpg,Dataset\Buffalo Breeds\Toda\Toda_76.jpg,9ddb179c61b73ff126d734088a567e1415134bf0be4ff02a9f6700305f6303f0
Buffalo_Toda,train,train\Buffalo_Toda\dad3d5b30bf1065d.jpg,Dataset\Buffalo Breeds\Toda\Toda_99.jpg,dad3d5b30bf1065d14c05e17c55c1484f74ff432b70e4ad64e3a822588a24462
Buffalo_Toda,train,train\Buffalo_Toda\46d7a10b22b50e69.jpg,Dataset\Buffalo Breeds\Toda\Toda_59.jpg,46d7a10b22b50e691bd2d78b5c238142818d13b89bc417b1f16aa0e297f5b197
Buffalo_Toda,train,train\Buffalo_Toda\daa5cb163b811c37.jpg,Dataset\Buffalo Breeds\Toda\Toda_104.jpg,daa5cb163b811c374fda1baae058ce1fb0b903a38b5c22883e32d5635dd760d7
Buffalo_Toda,train,train\Buffalo_Toda\c1e12a4fe03a3c26.jpg,Dataset\Buffalo Breeds\Toda\Toda_103.jpg,c1e12a4fe03a3c268b88a9dcb90be9155c98e87ba19ca4c6932563c94cb5e62b
Buffalo_Toda,train,train\Buffalo_Toda\f8af28cdba619b5a.jpg,Dataset\Buffalo Breeds\Toda\Toda_22.jpg,f8af28cdba619b5ac47d6dc54c69de2ec81b2b7a7752a831fe828bfa7e799857
Buffalo_Toda,train,train\Buffalo_Toda\d696a65ffd2b073c.jpg,Dataset\Buffalo Breeds\Toda\Toda_114.jpg,d696a65ffd2b073c8f569fd3a7684d4ed00be0504050fac688e707309ac23852
Buffalo_Toda,train,train\Buffalo_Toda\fedf6a385730aa0a.jpg,Dataset\Buffalo Breeds\Toda\Toda_57.jpg,fedf6a385730aa0afbf04120825d173b831cdbfbed52d5114d331e271a03276b
Buffalo_Toda,train,train\Buffalo_Toda\6a6e1bf5f8ae0a1f.jpg,Dataset\Buffalo Breeds\Toda\Toda_77.jpg,6a6e1bf5f8ae0a1fa60947c483114beca091d1425a5aae56a245f57163ee5c12
Buffalo_Toda,train,train\Buffalo_Toda\ce9f6b938a2fc093.jpg,Dataset\Buffalo Breeds\Toda\Toda_10.jpg,ce9f6b938a2fc09386a1b9eb6becd43933ae737e464ccb1310e9ee51319db8d1
Buffalo_Toda,train,train\Buffalo_Toda\72006decdea9e717.jpg,Dataset\Buffalo Breeds\Toda\Toda_26.jpg,72006decdea9e717756e7ab8525006e39d11e4f5a0b196f4de6c322ac6505d1f
Buffalo_Toda,train,train\Buffalo_Toda\87318fb7d48e867b.jpg,Dataset\Buffalo Breeds\Toda\Toda_12.jpg,87318fb7d48e867bcc8e24017ca7a168e0fc9cc5e07416178fceb6b0ec0b9703
Buffalo_Toda,train,train\Buffalo_Toda\7ce51b14226ff445.jpg,Dataset\Buffalo Breeds\Toda\Toda_36.jpg,7ce51b14226ff44507fcc80e5dd76ff41e2ee416364e18127eb4739cffe4cb31
Buffalo_Toda,train,train\Buffalo_Toda\32d29976af90773f.jpg,Dataset\Buffalo Breeds\Toda\Toda_16.jpg,32d29976af90773fd83f60514124f1a231f81ae8cb4cc0b61e3028293f96949c
Buffalo_Toda,train,train\Buffalo_Toda\d20915325203bf3f.jpg,Dataset\Buffalo Breeds\Toda\Toda_24.jpg,d20915325203bf3f3190a8507c92dfdb7764e47416743bea3d4fffdfc94eb01b
Cattle_Bargur,test,test\Cattle_Bargur\bb89ad2bae65423b.jpg,Dataset\Cattle Breeds\Bargur\Bargur_56.png,bb89ad2bae65423b593ff4956e359f1861d4918376ff1961728b4573137b27ea
Cattle_Bargur,test,test\Cattle_Bargur\2b0a0962ef1623a4.jpg,Dataset\Cattle Breeds\Bargur\Bargur_58.jpg,2b0a0962ef1623a42da02ccb05e967986bf592b7a8a90af5bdd2d0bd5dbe7690
Cattle_Bargur,test,test\Cattle_Bargur\3e8cf8d7b970dec1.jpg,Dataset\Cattle Breeds\Bargur\Bargur_57.jpg,3e8cf8d7b970dec1987034113661da9e56fca52d31d8a7eebfcc6d02924e45e8
Cattle_Bargur,test,test\Cattle_Bargur\914f089b7488477f.jpg,Dataset\Cattle Breeds\Bargur\Bargur_46.png,914f089b7488477f2ba3ceb2a01d0534eb1d49afe637f25c1524381cb430f771
Cattle_Bargur,test,test\Cattle_Bargur\f3df97ae4398c425.jpg,Dataset\Cattle Breeds\Bargur\Bargur_47.png,f3df97ae4398c4251c5548a959ada2093871e97693ec7cb6942aac48aefb2fd0
Cattle_Bargur,test,test\Cattle_Bargur\445911fe0c3fee10.jpg,Dataset\Cattle Breeds\Bargur\Bargur_94.jpg,445911fe0c3fee10d1436ecfd4a47e19a585479d79fabc210e014477bf539142
Cattle_Bargur,test,test\Cattle_Bargur\82e685428df1c2ce.jpg,Dataset\Cattle Breeds\Bargur\Bargur_22.png,82e685428df1c2ceb5b60e9303c3f9914960e54072fa91fe9af245b65baeaefe
Cattle_Bargur,test,test\Cattle_Bargur\98d33d1e00091182.jpg,Dataset\Cattle Breeds\Bargur\Bargur_93.jpg,98d33d1e00091182e229affebdb8841f52af261aeffb4ceddaf234ba7e24f79f
Cattle_Bargur,test,test\Cattle_Bargur\bf37d38feb0caf68.jpg,Dataset\Cattle Breeds\Bargur\Bargur_7.gif,bf37d38feb0caf68e00249e4ae14b46dcdccd541d59da243308e48cc67ca8d79
Cattle_Bargur,test,test\Cattle_Bargur\17e6b224b0cf67db.jpg,Dataset\Cattle Breeds\Bargur\Bargur_35.jpg,17e6b224b0cf67db7bbf9a205dafcbf6b8e46f17848f015af2dc1c2bac2de42c
Cattle_Bargur,test,test\Cattle_Bargur\dba24c313d70083a.jpg,Dataset\Cattle Breeds\Bargur\Bargur_52.jpg,dba24c313d70083af1f405ce8356f5699c0ed97bd26362d3b44b4edf7838c6d0
Cattle_Bargur,test,test\Cattle_Bargur\ad8f60fdfe2b36e1.jpg,Dataset\Cattle Breeds\Bargur\Bargur_55.jpg,ad8f60fdfe2b36e1a7f5848dea8a63cc06ed3be3e486d199a5cf3b60f19b9c70
Cattle_Bargur,test,test\Cattle_Bargur\b873ca6d487e8318.jpg,Dataset\Cattle Breeds\Bargur\Bargur_45.png,b873ca6d487e831856910bcde8b4c52225c2b13c8f110cef15bd61fdaa7dd5cd
Cattle_Bargur,test,test\Cattle_Bargur\e1aa90847f79623a.jpg,Dataset\Cattle Breeds\Bargur\Bargur_38.png,e1aa90847f79623ada6858e35cb6b41fa2b20ef3069f80d65d8dde4d574f37d5
Cattle_Bargur,val,val\Cattle_Bargur\67d4e1680783bc4a.jpg,Dataset\Cattle Breeds\Bargur\Bargur_74.png,67d4e1680783bc4abad820b76dbdb904f272c739d75ce4931bcfc083fcc92199
Cattle_Bargur,val,val\Cattle_Bargur\a95b7962cc4ddcd4.jpg,Dataset\Cattle Breeds\Bargur\Bargur_44.jpg,a95b7962cc4ddcd40eabc9c81fbd03a49eb17643f07673b421264dbe72b73386
Cattle_Bargur,val,val\Cattle_Bargur\747a83c28c60307b.jpg,Dataset\Cattle Breeds\Bargur\Bargur_40.png,747a83c28c60307bcbb06365b1dfb01627fb49be58230e429536dca1edc701a7
Cattle_Bargur,val,val\Cattle_Bargur\3cfa7224c7dca554.jpg,Dataset\Cattle Breeds\Bargur\Bargur_36.png,3cfa7224c7dca5541659d4a0df23ef33683d93cf9979ce61ebd062bec49e3ec7
Cattle_Bargur,val,val\Cattle_Bargur\bf43f3af977705f1.jpg,Dataset\Cattle Breeds\Bargur\Bargur_43.png,bf43f3af977705f1f3b6ed96d551d1b550b3216707bd92e5978f021b0e55a83d
Cattle_Bargur,val,val\Cattle_Bargur\54ffc6b1ef7a20d0.jpg,Dataset\Cattle Breeds\Bargur\Bargur_19.jpg,54ffc6b1ef7a20d073f586da71a764e1fe938ddce928af785f57756c527aba08
Cattle_Bargur,val,val\Cattle_Bargur\ff1850ef561a8080.jpg,Dataset\Cattle Breeds\Bargur\Bargur_14.png,ff1850ef561a8080da87ed6f33aa338108e9285c5f7381406d056a3d3e57fe81
Cattle_Bargur,val,val\Cattle_Bargur\6578fca698b0215d.jpg,Dataset\Cattle Breeds\Bargur\Bargur_26.png,6578fca698b0215dcc7a79fd492b8f96f2150e085e80141aa9bc45abcd82e61c
Cattle_Bargur,val,val\Cattle_Bargur\fab83bb66ce9ae7f.jpg,Dataset\Cattle Breeds\Bargur\Bargur_18.jpg,fab83bb66ce9ae7f2c7dbd26e27275c03aa5b5821cd98b83514ee34947cbf039
Cattle_Bargur,val,val\Cattle_Bargur\5409b824c2e8a84a.jpg,Dataset\Cattle Breeds\Bargur\Bargur_62.jpg,5409b824c2e8a84a486fc325e3c0afe83e783f30091b1383cbea1d9f2c94b9b3
Cattle_Bargur,val,val\Cattle_Bargur\c02a430e52e6e2d2.jpg,Dataset\Cattle Breeds\Bargur\Bargur_11.png,c02a430e52e6e2d2d09102d11f6588882f74656de82d759efcce9b1586c5de14
Cattle_Bargur,val,val\Cattle_Bargur\f428ca2c5f197926.jpg,Dataset\Cattle Breeds\Bargur\Bargur_53.jpg,f428ca2c5f1979269781d1940c261b57bcd76e02a863134ef7c7fccae2ac11da
Cattle_Bargur,val,val\Cattle_Bargur\3f7467835f5b2fc5.jpg,Dataset\Cattle Breeds\Bargur\Bargur_23.png,3f7467835f5b2fc557f93f9fa5027605a0510d1c20a380530d9eb06c2e8bcbf6
Cattle_Bargur,val,val\Cattle_Bargur\1dea3a5eeb1c8cc1.jpg,Dataset\Cattle Breeds\Bargur\Bargur_87.jpg,1dea3a5eeb1c8cc1ae2de2d907dff09792df590cdb76ae1ba9e4910d0c7bdd13
Cattle_Bargur,train,train\Cattle_Bargur\0619f49a8b5e3661.jpg,Dataset\Cattle Breeds\Bargur\Bargur_24.jpg,0619f49a8b5e3661895935c27e2369c8c1ee8cf6a05bdcf19d036b78a0639282
Cattle_Bargur,train,train\Cattle_Bargur\82ab6cd3116292d0.jpg,Dataset\Cattle Breeds\Bargur\Bargur_32.png,82ab6cd3116292d077c53bda5de180dff76e340111988aefa3318513fda4d15a
Cattle_Bargur,train,train\Cattle_Bargur\d1ddebbc383bd9a2.jpg,Dataset\Cattle Breeds\Bargur\Bargur_28.png,d1ddebbc383bd9a2b24c38253fe3076ff72eee346b11b4ea6819691fa6d3e643
Cattle_Bargur,train,train\Cattle_Bargur\4eaac38a401afe1f.jpg,Dataset\Cattle Breeds\Bargur\Bargur_71.jpg,4eaac38a401afe1f93563994a49ff9662bb9b878ec8bdc2da93c6e686b3f0525
Cattle_Bargur,train,train\Cattle_Bargur\ad74b6a7b97db152.jpg,Dataset\Cattle Breeds\Bargur\Bargur_21.jpg,ad74b6a7b97db15273a355d64bbfc9f4d5aa8781e59cf5c4411288e7ea7f93d6
Cattle_Bargur,train,train\Cattle_Bargur\86e7039046a6a7a0.jpg,Dataset\Cattle Breeds\Bargur\Bargur_84.jpg,86e7039046a6a7a019311afa5ef1c8d4be08962c43e53b2245ea54e2ba89bd38
Cattle_Bargur,train,train\Cattle_Bargur\ce9b995cf55687e2.jpg,Dataset\Cattle Breeds\Bargur\Bargur_59.jpg,ce9b995cf55687e206c79bd9255e989753cae66f95a6981f97892babb96165cc
Cattle_Bargur,train,train\Cattle_Bargur\e2dd73dd0e2b0636.jpg,Dataset\Cattle Breeds\Bargur\Bargur_51.png,e2dd73dd0e2b06360642c22a3a9a254da47b9f49b26375d261e7f041fab711cc
Cattle_Bargur,train,train\Cattle_Bargur\1d9f9e064b63c7a5.jpg,Dataset\Cattle Breeds\Bargur\Bargur_86.jpg,1d9f9e064b63c7a5544f5a9b9b94f2bba6a0eed78aeae07b23c5177f1fb622bb
Cattle_Bargur,train,train\Cattle_Bargur\f0350f244ee23020.jpg,Dataset\Cattle Breeds\Bargur\Bargur_10.png,f0350f244ee23020c8f87f43577ac808d03763185b0d64b6c8e89eba1f6dc685
Cattle_Bargur,train,train\Cattle_Bargur\f585d5c691e0343f.jpg,Dataset\Cattle Breeds\Bargur\Bargur_85.jpeg,f585d5c691e0343fd3a8a7a0ecd94de078344ab3ad68c836c068166f7857385f
Cattle_Bargur,train,train\Cattle_Bargur\b775af95f0bf75c9.jpg,Dataset\Cattle Breeds\Bargur\Bargur_54.png,b775af95f0bf75c9f82bdda5599ed0791e6f1444a36dbbbfdb589602cba7ece8
Cattle_Bargur,train,train\Cattle_Bargur\26b46051f9815726.jpg,Dataset\Cattle Breeds\Bargur\Bargur_17.png,26b46051f9815726688064ed0cdf7d882de1c751eac1f768b28feea1cc15538c
Cattle_Bargur,train,train\Cattle_Bargur\8550ef72c04e8d0b.jpg,Dataset\Cattle Breeds\Bargur\Bargur_5.jpg,8550ef72c04e8d0bea0c94e8ac5a3296061626b0cc8310721c5969e012a64382
Cattle_Bargur,train,train\Cattle_Bargur\3690ec50b28d1d3f.jpg,Dataset\Cattle Breeds\Bargur\Bargur_25.jpg,3690ec50b28d1d3f3429b4b3272a200a27ee7bf0d449c0f20ca07c70c367dea6
Cattle_Bargur,train,train\Cattle_Bargur\248eeb6e2b9a99a5.jpg,Dataset\Cattle Breeds\Bargur\Bargur_64.jpg,248eeb6e2b9a99a5552d6eb0dcc515c60fcb3937ac07f96cf355749d50579c98
Cattle_Bargur,train,train\Cattle_Bargur\5b8b89c64456c37d.jpg,Dataset\Cattle Breeds\Bargur\Bargur_78.jpg,5b8b89c64456c37d8e57885c33068fe47b96ec3febf1bed52c97a8502189879e
Cattle_Bargur,train,train\Cattle_Bargur\05d0258a52f866a0.jpg,Dataset\Cattle Breeds\Bargur\Bargur_82.png,05d0258a52f866a0c6973bd025f1600fd9086082617e77412867b3a8230e82bc
Cattle_Bargur,train,train\Cattle_Bargur\0f05249fe8afa8c0.jpg,Dataset\Cattle Breeds\Bargur\Bargur_9.png,0f05249fe8afa8c02509ed513fd315801c0c55776e73548638d0f4343a2e39cd
Cattle_Bargur,train,train\Cattle_Bargur\5a7a47c9840d0b7c.jpg,Dataset\Cattle Breeds\Bargur\Bargur_72.jpg,5a7a47c9840d0b7c8cc5826ae7825c3e4ade4102e645c2455254b5f7d002c121
Cattle_Bargur,train,train\Cattle_Bargur\67c4595b94389205.jpg,Dataset\Cattle Breeds\Bargur\Bargur_33.jpg,67c4595b94389205436e20a529f552f3c2ce16950323be43bc2c019fa6409578
Cattle_Bargur,train,train\Cattle_Bargur\7cf4300dc4d5eb9e.jpg,Dataset\Cattle Breeds\Bargur\Bargur_63.jpg,7cf4300dc4d5eb9e22db8ac8fbee88921919d9058d2e7af2060ee48d3f7e4540
Cattle_Bargur,train,train\Cattle_Bargur\a0e48772e5251bec.jpg,Dataset\Cattle Breeds\Bargur\Bargur_27.png,a0e48772e5251beca165c2a6209396a592056db4ee26a6cb74616eb75205f4b8
Cattle_Bargur,train,train\Cattle_Bargur\fcd1eb0a451f4d7c.jpg,Dataset\Cattle Breeds\Bargur\Bargur_39.png,fcd1eb0a451f4d7c11719b6e934f7383be10fd68e85ac216b156cae4fefa7144
Cattle_Bargur,train,train\Cattle_Bargur\4018c275c3b8027b.jpg,Dataset\Cattle Breeds\Bargur\Bargur_50.png,4018c275c3b8027be8c691c4c496b60d2e7d03fadcf246d0665749766282a02b
Cattle_Bargur,train,train\Cattle_Bargur\3da51864557c5c24.jpg,Dataset\Cattle Breeds\Bargur\Bargur_66.jpg,3da51864557c5c2425d05e286b7e2c1919c78b6820c9175961b04d9b838b1032
Cattle_Bargur,train,train\Cattle_Bargur\acf622a92f5ec1b5.jpg,Dataset\Cattle Breeds\Bargur\Bargur_92.jpg,acf622a92f5ec1b55232e21832b637d731e635ad613823c9d2cc0eac34f7822c
Cattle_Bargur,train,train\Cattle_Bargur\04257b12eb84e200.jpg,Dataset\Cattle Breeds\Bargur\Bargur_90.png,04257b12eb84e200c9883f28f24b7226f8186c4d1f6c99d1dd449e6672641102
Cattle_Bargur,train,train\Cattle_Bargur\aba05f99bfefe72d.jpg,Dataset\Cattle Breeds\Bargur\Bargur_6.png,aba05f99bfefe72d6f85ce1c1b81755b462762f9e0f9c86691d3d1e48c0ac86c
Cattle_Bargur,train,train\Cattle_Bargur\beb394e920777e51.jpg,Dataset\Cattle Breeds\Bargur\Bargur_16.png,beb394e920777e5196c2fc43e16ef7989abe76153b5f50a8597c26d6b067d3d9
Cattle_Bargur,train,train\Cattle_Bargur\19ee19bf667eb12d.jpg,Dataset\Cattle Breeds\Bargur\Bargur_49.jpg,19ee19bf667eb12db90e4c20e211cd0c3eade141105a9d42f736a85b64917362
Cattle_Bargur,train,train\Cattle_Bargur\3804e265cb751337.jpg,Dataset\Cattle Breeds\Bargur\Bargur_29.jpg,3804e265cb75133766b926c05413d547ead3c83fdcc50d73d2e227847802c44f
Cattle_Bargur,train,train\Cattle_Bargur\344efa21e9da1fad.jpg,Dataset\Cattle Breeds\Bargur\Bargur_3.JPG,344efa21e9da1fadd97b99137cc0f1eca3289cd0bc5e0fa43692fbd20e95cd6d
Cattle_Bargur,train,train\Cattle_Bargur\2d7e12ae7cbbfcd7.jpg,Dataset\Cattle Breeds\Bargur\Bargur_34.png,2d7e12ae7cbbfcd719daac8a1ccedb4584d45251d452baecbd2966729d3cf35b
Cattle_Bargur,train,train\Cattle_Bargur\9400156bfd07c8f1.jpg,Dataset\Cattle Breeds\Bargur\Bargur_76.jpg,9400156bfd07c8f10fff8af8fa56ee3f225e0787bb36d9c4d096a4d82ab487bc
Cattle_Bargur,train,train\Cattle_Bargur\b83ea6b7eb4a565c.jpg,Dataset\Cattle Breeds\Bargur\Bargur_75.jpg,b83ea6b7eb4a565c6d4360b4044813d545fa177fa1e3ef9970c1db4444b910df
Cattle_Bargur,train,train\Cattle_Bargur\005d4cfd4ab2512f.jpg,Dataset\Cattle Breeds\Bargur\Bargur_83.jpg,005d4cfd4ab2512f1f0a73d132d576468709fdee7235a645322bceda1caafe24
Cattle_Bargur,train,train\Cattle_Bargur\45c7e14f0e49962c.jpg,Dataset\Cattle Breeds\Bargur\Bargur_67.jpeg,45c7e14f0e49962cc50112c9edd428fb0b74b398de2227ab7f0709fde8711355
Cattle_Bargur,train,train\Cattle_Bargur\4794f58867ac0b64.jpg,Dataset\Cattle Breeds\Bargur\Bargur_88.jpg,4794f58867ac0b64419e2c11bdab5b8c08c79da8be9197972d5df08a359fcf6a
Cattle_Bargur,train,train\Cattle_Bargur\dce664c5ea20ea9f.jpg,Dataset\Cattle Breeds\Bargur\Bargur_31.png,dce664c5ea20ea9f626721afb9cb3fcf79311f53635754ccd5cf367354ca5d58
Cattle_Bargur,train,train\Cattle_Bargur\e2b6a2d5a79b1044.jpg,Dataset\Cattle Breeds\Bargur\Bargur_42.png,e2b6a2d5a79b1044b45187b79dead6d0a23c7e2b44198e3bfa29aed2123da0de
Cattle_Bargur,train,train\Cattle_Bargur\424fe3d7c830fb06.jpg,Dataset\Cattle Breeds\Bargur\Bargur_91.jpg,424fe3d7c830fb066f5101e5cd9c20654c0a86f504b573c9c5cd4a30287f01c7
Cattle_Bargur,train,train\Cattle_Bargur\d173bf5ae65b45e7.jpg,Dataset\Cattle Breeds\Bargur\Bargur_70.png,d173bf5ae65b45e7c11eccfc47a6b10af708fa94cb20a7b363e9a945dd8f1ed9
Cattle_Bargur,train,train\Cattle_Bargur\43cb368de8a212db.jpg,Dataset\Cattle Breeds\Bargur\Bargur_65.png,43cb368de8a212db05051280b7b94bb0a3a27c4ea7946b0728fd92806423f0f8
Cattle_Bargur,train,train\Cattle_Bargur\702295cf4b296330.jpg,Dataset\Cattle Breeds\Bargur\Bargur_30.png,702295cf4b296330e934e4a3e4dde64b2a1dad23d7d041d5dec2ef442657c4d6
Cattle_Bargur,train,train\Cattle_Bargur\9d1ca50fd47a6368.jpg,Dataset\Cattle Breeds\Bargur\Bargur_89.png,9d1ca50fd47a63683c6a62fc023b7d25d4a3f36aac97efa34972a4068c6f1658
Cattle_Bargur,train,train\Cattle_Bargur\c66fe97f50577238.jpg,Dataset\Cattle Breeds\Bargur\Bargur_81.jpg,c66fe97f5057723824192fa6bacf715dec03f72cf1a1e84271546b0e9a944234
Cattle_Bargur,train,train\Cattle_Bargur\b221aa22222ff3e8.jpg,Dataset\Cattle Breeds\Bargur\Bargur_95.png,b221aa22222ff3e8a994ba4ef3f5e516ef2a12ecf6a30cab540719d3b1414753
Cattle_Bargur,train,train\Cattle_Bargur\aae903f0b65e5ed5.jpg,Dataset\Cattle Breeds\Bargur\Bargur_12.png,aae903f0b65e5ed516eb4d8ba1656445241527eb54bfa0ed0b2e03bbdbbb416c
Cattle_Bargur,train,train\Cattle_Bargur\bf847878cea92903.jpg,Dataset\Cattle Breeds\Bargur\Bargur_79.jpg,bf847878cea92903cfa363b9d047ddd25c17b3484556964bfe68d33198f80855
Cattle_Bargur,train,train\Cattle_Bargur\944e923c0bc6fdbf.jpg,Dataset\Cattle Breeds\Bargur\Bargur_77.jpg,944e923c0bc6fdbffd53b673c6cd4714eb08e9c27a84233a9ff87f797082be0e
Cattle_Bargur,train,train\Cattle_Bargur\c2b5731cfc208991.jpg,Dataset\Cattle Breeds\Bargur\Bargur_37.png,c2b5731cfc208991ca46742de93a64b2abe9fbd1cbd76065fb5ed6614cd23b65
Cattle_Bargur,train,train\Cattle_Bargur\93d6c6a6f4d1a4d6.jpg,Dataset\Cattle Breeds\Bargur\Bargur_20.png,93d6c6a6f4d1a4d61b6d675dc384382c3aaa784a0ff4f29d764c770c1c4e7e38
Cattle_Bargur,train,train\Cattle_Bargur\1b29d723ef9abc5c.jpg,Dataset\Cattle Breeds\Bargur\Bargur_13.png,1b29d723ef9abc5c07a1581ffbaa07764a9adf87e9039b23cd2cc957218a0114
Cattle_Bargur,train,train\Cattle_Bargur\c242936e26bd7750.jpg,Dataset\Cattle Breeds\Bargur\Bargur_4.JPG,c242936e26bd77508e924007755af59830337765c70887a21733bdfcf854911e
Cattle_Bargur,train,train\Cattle_Bargur\4f0ff2606445e7f7.jpg,Dataset\Cattle Breeds\Bargur\Bargur_80.png,4f0ff2606445e7f7e3c547d7561930ed0365d02987deed031957f52efac2510c
Cattle_Bargur,train,train\Cattle_Bargur\66ef091a50a2ca8f.jpg,Dataset\Cattle Breeds\Bargur\Bargur_48.png,66ef091a50a2ca8f3f04e660643a8f34b19fb9ff924a71d4765e630fe424b2a7
Cattle_Bargur,train,train\Cattle_Bargur\a0232cf4ce21ff1e.jpg,Dataset\Cattle Breeds\Bargur\Bargur_60.jpg,a0232cf4ce21ff1eef6a800cc082fbc916a6243b159b643f78884a943160804e
Cattle_Bargur,train,train\Cattle_Bargur\afbf65913102dc44.jpg,Dataset\Cattle Breeds\Bargur\Bargur_15.png,afbf65913102dc44ef9dc72a8afeecc70585c1676ae8a96da06c1774e4c0db9f
Cattle_Bargur,train,train\Cattle_Bargur\1502ee98c3a9cb26.jpg,Dataset\Cattle Breeds\Bargur\Bargur_8.png,1502ee98c3a9cb2636054760fa36d202b22be16b542afa5ee5e4a65fb75c229f
Cattle_Bargur,train,train\Cattle_Bargur\5357ee31ec01dfd5.jpg,Dataset\Cattle Breeds\Bargur\Bargur_2.JPG,5357ee31ec01dfd50f87b509bcb948c3d6d03f3f56382d6bdd86c44b30b0eb42
Cattle_Bargur,train,train\Cattle_Bargur\91700c9cbe81eecb.jpg,Dataset\Cattle Breeds\Bargur\Bargur_61.jpg,91700c9cbe81eecb7e5cf1489c9de75e256b448af0a14ab38f9557e0dd662212
Cattle_Bargur,train,train\Cattle_Bargur\08824feeee108c7f.jpg,Dataset\Cattle Breeds\Bargur\Bargur_68.jpg,08824feeee108c7f84ff8ebc2771f0c4bc4c80fc6b2ae8552462a1dbc234457b
Cattle_Bargur,train,train\Cattle_Bargur\d4439cfb579f1ad1.jpg,Dataset\Cattle Breeds\Bargur\Bargur_73.jpg,d4439cfb579f1ad1a73bd46d8d99687bc0fffd7f1a31d6984148cff3ce4534a0
Cattle_Bargur,train,train\Cattle_Bargur\f77ba6bb0bd0f564.jpg,Dataset\Cattle Breeds\Bargur\Bargur_69.jpg,f77ba6bb0bd0f5645cdef8be1ad5ea640577fb6287fe7697663dfaad6ace12c1
Cattle_Bargur,train,train\Cattle_Bargur\79941d9fb00cbe1a.jpg,Dataset\Cattle Breeds\Bargur\Bargur_41.png,79941d9fb00cbe1afe108ea69f925063beac453d483531df73a673ad553e0cd0
Cattle_Dangi,test,test\Cattle_Dangi\2e7f3e984f269d4e.jpg,Dataset\Cattle Breeds\Dangi\Dangi_15.jpg,2e7f3e984f269d4ec281607691d2732eed46cb936e77341ab3262f0bcf719836
Cattle_Dangi,test,test\Cattle_Dangi\ce256b99ed2b2afa.jpg,Dataset\Cattle Breeds\Dangi\Dangi_50.jpg,ce256b99ed2b2afa9c7251fda9fdbec6c211e8e6567a05d0fcb993a66e2e0323
Cattle_Dangi,test,test\Cattle_Dangi\10c6294fdc270ae5.jpg,Dataset\Cattle Breeds\Dangi\Dangi_24.jpg,10c6294fdc270ae57c43eafac5594d00b962e114e69471cd2b32929d3bb93136
Cattle_Dangi,test,test\Cattle_Dangi\5328ec7bf28a58a6.jpg,Dataset\Cattle Breeds\Dangi\Dangi_76.png,5328ec7bf28a58a6f4f22806fb04a28a32edbc3ca18737a907e90f3b7b201a9f
Cattle_Dangi,test,test\Cattle_Dangi\1d205ead453ad1dc.jpg,Dataset\Cattle Breeds\Dangi\Dangi_2.jpg,1d205ead453ad1dcffea9002e1152408e9fc886cc0092f264fb949e221249286
Cattle_Dangi,test,test\Cattle_Dangi\b1fa8125431ec0ff.jpg,Dataset\Cattle Breeds\Dangi\Dangi_14.jpg,b1fa8125431ec0ff672b153c7fa5e7973cc2b0f8d8572236dbfd8fb66c14be5a
Cattle_Dangi,test,test\Cattle_Dangi\ad6029f5e9a7ac41.jpg,Dataset\Cattle Breeds\Dangi\Dangi_12.jpg,ad6029f5e9a7ac41dd0f9f354031fe6b37e6486db932f12f65c9a91725b86c6d
Cattle_Dangi,test,test\Cattle_Dangi\d14400511b2467a0.jpg,Dataset\Cattle Breeds\Dangi\Dangi_11.jpg,d14400511b2467a0366855aca2b7cdd693dc4496772343870258e6e31d7789ea
Cattle_Dangi,test,test\Cattle_Dangi\cb4d721c2ecb51f2.jpg,Dataset\Cattle Breeds\Dangi\Dangi_78.png,cb4d721c2ecb51f234062c0b929a0e7b68aa42851ebbd28739055b19b93a6e03
Cattle_Dangi,test,test\Cattle_Dangi\a287a2d12e8f3608.jpg,Dataset\Cattle Breeds\Dangi\Dangi_46.jpg,a287a2d12e8f360873106696ce2b4d0e9f07e486f1cb19b22a51151faa85954e
Cattle_Dangi,test,test\Cattle_Dangi\82d90d2673f30ab6.jpg,Dataset\Cattle Breeds\Dangi\Dangi_68.png,82d90d2673f30ab6f474234a24847ea5c4fb0568826da33d939e4c654258f54b
Cattle_Dangi,test,test\Cattle_Dangi\376f100fbb68053f.jpg,Dataset\Cattle Breeds\Dangi\Dangi_56.png,376f100fbb68053f3e185869231c650220197469da684ba19699b970d3ac3d3f
Cattle_Dangi,val,val\Cattle_Dangi\ef193f9d5befebb1.jpg,Dataset\Cattle Breeds\Dangi\Dangi_16.jpg,ef193f9d5befebb19598fb036169d22ce0606cd8adaa4e30a7ff6017cc38980f
Cattle_Dangi,val,val\Cattle_Dangi\c4024aacd2ce578e.jpg,Dataset\Cattle Breeds\Dangi\Dangi_6.jpg,c4024aacd2ce578e4a3febc249f1e3993c84ea57615cb17ba8fdb38d556ef70c
Cattle_Dangi,val,val\Cattle_Dangi\6c845369e2e14895.jpg,Dataset\Cattle Breeds\Dangi\Dangi_5.png,6c845369e2e148952160bb9e4209feea6058e356e335c0b41b6077e7c1e42558
Cattle_Dangi,val,val\Cattle_Dangi\712182543397c832.jpg,Dataset\Cattle Breeds\Dangi\Dangi_63.png,712182543397c832e4b918cb1ab69ff4141dda734faa9ba8f50c853b1af2bb98
Cattle_Dangi,val,val\Cattle_Dangi\9e1fc759df2493cb.jpg,Dataset\Cattle Breeds\Dangi\Dangi_61.png,9e1fc759df2493cb75a437db14a655c812fe7b85c1588bbd2a2e4e1c84242e3b
Cattle_Dangi,val,val\Cattle_Dangi\bbd10d3414cb61cb.jpg,Dataset\Cattle Breeds\Dangi\Dangi_52.jpg,bbd10d3414cb61cb1117141a748656bab336490b9533f6469a0b5ac861b8e115
Cattle_Dangi,val,val\Cattle_Dangi\5772c85b292c9692.jpg,Dataset\Cattle Breeds\Dangi\Dangi_42.jpg,5772c85b292c96926e6a39b84196b1fb22b90e85b2996b12c4704362ff43475f
Cattle_Dangi,val,val\Cattle_Dangi\afa4cacb739339b0.jpg,Dataset\Cattle Breeds\Dangi\Dangi_13.jpg,afa4cacb739339b0fe86886073b7ece133bccdcbd8d8ce7116ef6690fc5947f0
Cattle_Dangi,val,val\Cattle_Dangi\b1b5a655fe16b5c2.jpg,Dataset\Cattle Breeds\Dangi\Dangi_45.jpg,b1b5a655fe16b5c2e40d8eb404fe46ebed712a0ad8e1a77ffd96f71f9f7afbf2
Cattle_Dangi,val,val\Cattle_Dangi\7b2d1d9b604af15f.jpg,Dataset\Cattle Breeds\Dangi\Dangi_32.jpg,7b2d1d9b604af15f30bfc280f05b6c8eb67b1e3515dca7427e1fbb7641454feb
Cattle_Dangi,val,val\Cattle_Dangi\22cf6f4b5d33e107.jpg,Dataset\Cattle Breeds\Dangi\Dangi_44.jpg,22cf6f4b5d33e107bae59134dc42a6c4b7025b6011fdbe3ffac9a21e3fb50471
Cattle_Dangi,val,val\Cattle_Dangi\7fb6754f54740ada.jpg,Dataset\Cattle Breeds\Dangi\Dangi_47.jpg,7fb6754f54740ada8971d740820987ff5b288534645ff021d3f82f93104d18a7
Cattle_Dangi,train,train\Cattle_Dangi\965daf9253321f4c.jpg,Dataset\Cattle Breeds\Dangi\Dangi_4.jpg,965daf9253321f4c04c0fed5edb13bd62e5a32d03a3efd04a156d12c8633f2c8
Cattle_Dangi,train,train\Cattle_Dangi\57be01a53a549ab5.jpg,Dataset\Cattle Breeds\Dangi\Dangi_30.jpg,57be01a53a549ab5d45836ed477465001a3cbaa4c2e125906c23892f83e20334
Cattle_Dangi,train,train\Cattle_Dangi\427f83ffaa6221d0.jpg,Dataset\Cattle Breeds\Dangi\Dangi_19.jpg,427f83ffaa6221d097f1e480d56ddf91b2478eff8068db63832284b32d202130
Cattle_Dangi,train,train\Cattle_Dangi\1a9e003972c2796f.jpg,Dataset\Cattle Breeds\Dangi\Dangi_10.jpeg,1a9e003972c2796f900cb339404503242082e94294bbce8c744a7b19420fc860
Cattle_Dangi,train,train\Cattle_Dangi\b53a171b85bf5c4f.jpg,Dataset\Cattle Breeds\Dangi\Dangi_21.jpg,b53a171b85bf5c4f22514e9a00416eb91001e6848b293259398132a01db59486
Cattle_Dangi,train,train\Cattle_Dangi\cdc51870ef6991a2.jpg,Dataset\Cattle Breeds\Dangi\Dangi_60.png,cdc51870ef6991a2843eeffac36c8418a455b3966086013739bf0200b6c27b3a
Cattle_Dangi,train,train\Cattle_Dangi\db551c76ccb58b7c.jpg,Dataset\Cattle Breeds\Dangi\Dangi_34.jpg,db551c76ccb58b7c0586d65e193f1504583b35709645a6ed5a6c3e29fdd3d941
Cattle_Dangi,train,train\Cattle_Dangi\7f2c706dcc06c0be.jpg,Dataset\Cattle Breeds\Dangi\Dangi_22.jpg,7f2c706dcc06c0be7f3a37be76e2def135d4f6e28f0b2275cc7c3435e5238cb0
Cattle_Dangi,train,train\Cattle_Dangi\2a139452217aecb3.jpg,Dataset\Cattle Breeds\Dangi\Dangi_53.jpg,2a139452217aecb32f799d2547ae201c832b55aa37427df1942c1d2170ec804b
Cattle_Dangi,train,train\Cattle_Dangi\3a50b1b5422f2efa.jpg,Dataset\Cattle Breeds\Dangi\Dangi_9.jpg,3a50b1b5422f2efa1104680c4a64681e62e39645729d99024f2464294ea61ae3
Cattle_Dangi,train,train\Cattle_Dangi\cfe8d0cd655d36fa.jpg,Dataset\Cattle Breeds\Dangi\Dangi_20.jpg,cfe8d0cd655d36fa45255684b0c9dcf74ff0df1d8f54ff418b8983c4ae63ae09
Cattle_Dangi,train,train\Cattle_Dangi\730126739081a54c.jpg,Dataset\Cattle Breeds\Dangi\Dangi_28.jpg,730126739081a54c104cefb8239344a3f807f66a2f1daf35ca95c070d48fb033
Cattle_Dangi,train,train\Cattle_Dangi\6eca9c34f76aa5e4.jpg,Dataset\Cattle Breeds\Dangi\Dangi_36.jpg,6eca9c34f76aa5e4dd6edc2a5854cd6a9ed80e1ba785b220ef07e818fd3b81bd
Cattle_Dangi,train,train\Cattle_Dangi\7519e10ba143dcb2.jpg,Dataset\Cattle Breeds\Dangi\Dangi_70.png,7519e10ba143dcb24193e5fb44aa49286747a16be9838e3cf7feefeef685e1b4
Cattle_Dangi,train,train\Cattle_Dangi\4bec9d435672dd6a.jpg,Dataset\Cattle Breeds\Dangi\Dangi_49.jpg,4bec9d435672dd6a4dec08a8db5fc6f7df0ea9665f85c2fe1c7dc08a72a23f56
Cattle_Dangi,train,train\Cattle_Dangi\e4d86edc83c52711.jpg,Dataset\Cattle Breeds\Dangi\Dangi_81.png,e4d86edc83c52711c1c881afbe8001066ee823fde3ba83258668e5ee33689712
Cattle_Dangi,train,train\Cattle_Dangi\5978bb16b12598b9.jpg,Dataset\Cattle Breeds\Dangi\Dangi_74.png,5978bb16b12598b92524647799b945bc9615149d1417026d302120a38ddeb317
Cattle_Dangi,train,train\Cattle_Dangi\5fea0ee93dc65679.jpg,Dataset\Cattle Breeds\Dangi\Dangi_3.jpg,5fea0ee93dc65679a9509d316e6ede5f6b2ac339904fc29d6d3cb76f3c501246
Cattle_Dangi,train,train\Cattle_Dangi\caa08d2353d3975d.jpg,Dataset\Cattle Breeds\Dangi\Dangi_37.jpg,caa08d2353d3975d2a915f155f3d3e692014e40bb1e05e34711d38b034c6cd98
Cattle_Dangi,train,train\Cattle_Dangi\e8c91cfc532f5a6e.jpg,Dataset\Cattle Breeds\Dangi\Dangi_79.png,e8c91cfc532f5a6e83996ec2b574879de2147af4c6e0c80f86517aedb8ebbe12
Cattle_Dangi,train,train\Cattle_Dangi\2b5e4702c3453317.jpg,Dataset\Cattle Breeds\Dangi\Dangi_35.jpg,2b5e4702c3453317b41b210b3d948d9664f8b37c345fc616a245819d6c74485f
Cattle_Dangi,train,train\Cattle_Dangi\63c4cf615d6f42e6.jpg,Dataset\Cattle Breeds\Dangi\Dangi_18.jpg,63c4cf615d6f42e63e62f0f75df50bfa7fd6a7724f6a87f15f817b9ef101256c
Cattle_Dangi,train,train\Cattle_Dangi\ba6719c63a8b369f.jpg,Dataset\Cattle Breeds\Dangi\Dangi_75.png,ba6719c63a8b369f010e80ae80c858f060dcefdc2c1ff88e762085f259a5517a
Cattle_Dangi,train,train\Cattle_Dangi\7863cac6a3173748.jpg,Dataset\Cattle Breeds\Dangi\Dangi_48.jpg,7863cac6a3173748e1b0bce444cedcd34123647730c2bb91b07c59f686918ff7
Cattle_Dangi,train,train\Cattle_Dangi\4b26b658dd08b5d0.jpg,Dataset\Cattle Breeds\Dangi\Dangi_66.png,4b26b658dd08b5d02188bfe8f742bc2ceabeca6b7ed4ccf5a5549978ea663273
Cattle_Dangi,train,train\Cattle_Dangi\8673a40623859966.jpg,Dataset\Cattle Breeds\Dangi\Dangi_80.png,8673a40623859966070bff7a1db593160e01724a973a08fd15286cc4793058c8
Cattle_Dangi,train,train\Cattle_Dangi\f94854397f490f14.jpg,Dataset\Cattle Breeds\Dangi\Dangi_82.png,f94854397f490f14978e7cada0d94f5fca3d3e7933f17fe9a2555959a8974de8
Cattle_Dangi,train,train\Cattle_Dangi\b8a03d4bf536a9dd.jpg,Dataset\Cattle Breeds\Dangi\Dangi_51.JPG,b8a03d4bf536a9dddb4467f4f9a3f71e0702a98908012cfdba5684241f97cba1
Cattle_Dangi,train,train\Cattle_Dangi\db8e741d90063eda.jpg,Dataset\Cattle Breeds\Dangi\Dangi_72.png,db8e741d90063eda5f9bbd0f61bbf47dec0e836e8271664bbbda96361d5c17a1
Cattle_Dangi,train,train\Cattle_Dangi\94325470454bd36d.jpg,Dataset\Cattle Breeds\Dangi\Dangi_1.jpg,94325470454bd36dbdee71aa79399f04defb6dfacf98f7962c0f2fbf0a8e43c4
Cattle_Dangi,train,train\Cattle_Dangi\ae427a846d4f737e.jpg,Dataset\Cattle Breeds\Dangi\Dangi_57.png,ae427a846d4f737e88e3d3df883d4e1bd03139d55313efd6af51a7c0ac4676ce
Cattle_Dangi,train,train\Cattle_Dangi\ac54b1a323dba2bd.jpg,Dataset\Cattle Breeds\Dangi\Dangi_7.jpeg,ac54b1a323dba2bd3bdc286f41dbf85f382a873ceb302545d33f5d83755b08a6
Cattle_Dangi,train,train\Cattle_Dangi\9bea42385985ff2a.jpg,Dataset\Cattle Breeds\Dangi\Dangi_39.jpg,9bea42385985ff2a006cda6f7c38e3f2b37c0ea543dd190236bb64a3f97348b6
Cattle_Dangi,train,train\Cattle_Dangi\880e07ec079a273e.jpg,Dataset\Cattle Breeds\Dangi\Dangi_77.png,880e07ec079a273e654d8329dc068871315d1415db26629ae7f50b3b3be701d6
Cattle_Dangi,train,train\Cattle_Dangi\ddaeb0438e3189df.jpg,Dataset\Cattle Breeds\Dangi\Dangi_29.jpg,ddaeb0438e3189df0b2946409e73437c7d8b06a1c8a1920aa3c3311862a8744d
Cattle_Dangi,train,train\Cattle_Dangi\c6710b16a6e226be.jpg,Dataset\Cattle Breeds\Dangi\Dangi_33.JPG,c6710b16a6e226be805a80589aa86e8d4dd03c1ce009325f434ab30dbb5666e9
Cattle_Dangi,train,train\Cattle_Dangi\4176b57ddc69f03b.jpg,Dataset\Cattle Breeds\Dangi\Dangi_59.png,4176b57ddc69f03bd369bd9829ec1673b50eab73fa0df407beb7dc65f7e3e648
Cattle_Dangi,train,train\Cattle_Dangi\1eb2b8078427f26c.jpg,Dataset\Cattle Breeds\Dangi\Dangi_55.png,1eb2b8078427f26c81d0981b8ad14fad386a0bc048f021f14e95ab8db7bcb6ea
Cattle_Dangi,train,train\Cattle_Dangi\d3e7cbfac51038cd.jpg,Dataset\Cattle Breeds\Dangi\Dangi_71.png,d3e7cbfac51038cdd46e7900b18ddd10c166a43df7121d60e5ded3799cec7347
Cattle_Dangi,train,train\Cattle_Dangi\8e36e322485a9b1d.jpg,Dataset\Cattle Breeds\Dangi\Dangi_41.jpg,8e36e322485a9b1df09a55ce303d970adf66024b3202ad355b3a39feba0f72bb
Cattle_Dangi,train,train\Cattle_Dangi\71b78913abbfee27.jpg,Dataset\Cattle Breeds\Dangi\Dangi_17.jpg,71b78913abbfee27d3ff553505691818c6d698d88a82e4fd87293db3d419257b
Cattle_Dangi,train,train\Cattle_Dangi\9419786b56c6735c.jpg,Dataset\Cattle Breeds\Dangi\Dangi_25.jpg,9419786b56c6735cf24dbe8ec893f1ecf680593733f4d8c69af1608c7b763204
Cattle_Dangi,train,train\Cattle_Dangi\43686b2cf25d38b4.jpg,Dataset\Cattle Breeds\Dangi\Dangi_8.jpg,43686b2cf25d38b4e68b9c9a651928fc0d6e3a0eb372e066bb73b2a67efef94c
Cattle_Dangi,train,train\Cattle_Dangi\5060defcc2885a9a.jpg,Dataset\Cattle Breeds\Dangi\Dangi_31.jpg,5060defcc2885a9adca449e4d12949eea8a111af46243247a88976c3b12ec620
Cattle_Dangi,train,train\Cattle_Dangi\d4324b69169af85e.jpg,Dataset\Cattle Breeds\Dangi\Dangi_54.png,d4324b69169af85eb743bd975d31ce977756e1b10378e81b387b3c52f74ac5a1
Cattle_Dangi,train,train\Cattle_Dangi\55fa303bce711f16.jpg,Dataset\Cattle Breeds\Dangi\Dangi_26.jpg,55fa303bce711f1606c067cfa97c6c6f30ef366f22a5a21e6f505ddecc40ff27
Cattle_Dangi,train,train\Cattle_Dangi\42ee486e4192d84d.jpg,Dataset\Cattle Breeds\Dangi\Dangi_73.png,42ee486e4192d84d73403b5ad48481213f38350854371fbf591826cc4b060ceb
Cattle_Dangi,train,train\Cattle_Dangi\9422a4cd6adfc7a5.jpg,Dataset\Cattle Breeds\Dangi\Dangi_62.png,9422a4cd6adfc7a56020c14921c2efc1b2f2bbf7b44d34652c5e22cc5a49f731
Cattle_Dangi,train,train\Cattle_Dangi\ce106affae15cfd6.jpg,Dataset\Cattle Breeds\Dangi\Dangi_38.jpg,ce106affae15cfd6918ad7a4f4cbb4d8755b28ce969129e1230337215586ed92
Cattle_Dangi,train,train\Cattle_Dangi\ec8a3e21ffde2be5.jpg,Dataset\Cattle Breeds\Dangi\Dangi_64.png,ec8a3e21ffde2be5b8d858467a849f8aff45e49b4898412fe4fdc1cbf3c7e581
Cattle_Dangi,train,train\Cattle_Dangi\405d6b5caf25a23f.jpg,Dataset\Cattle Breeds\Dangi\Dangi_65.png,405d6b5caf25a23f47a4fdf79cea2fdef6fcb87a5bb9197e78f2cd77811ac30a
Cattle_Dangi,train,train\Cattle_Dangi\a55ad28a75a95552.jpg,Dataset\Cattle Breeds\Dangi\Dangi_58.png,a55ad28a75a95552957e3a40bf381ca051315419eb858000d06b7a105723b135
Cattle_Dangi,train,train\Cattle_Dangi\3febd9dcd173269f.jpg,Dataset\Cattle Breeds\Dangi\Dangi_40.png,3febd9dcd173269fa1b4d37b95f8b9d881a5234d8cb4e90f1e21357574b88183
Cattle_Dangi,train,train\Cattle_Dangi\c818d5fd4726f5c0.jpg,Dataset\Cattle Breeds\Dangi\Dangi_69.png,c818d5fd4726f5c006657c68c65dcfd6cf3f6afac499151a9023f2ec3363846e
Cattle_Dangi,train,train\Cattle_Dangi\29562411669915e2.jpg,Dataset\Cattle Breeds\Dangi\Dangi_43.jpg,29562411669915e2b8031f6febe60b7d62d08f91f64b097456d182190d5952a6
Cattle_Dangi,train,train\Cattle_Dangi\75db0c5f207be8d5.jpg,Dataset\Cattle Breeds\Dangi\Dangi_67.png,75db0c5f207be8d5a63d79669cabfe306869b2566234739e3461e4130cf0f7b7
Cattle_Dangi,train,train\Cattle_Dangi\460a4426a2525a71.jpg,Dataset\Cattle Breeds\Dangi\Dangi_27.JPG,460a4426a2525a7151885a6a81b17525e01d7c054bf6a07c43b5f4202b7b65e2
Cattle_Dangi,train,train\Cattle_Dangi\eb50de3873efe2a0.jpg,Dataset\Cattle Breeds\Dangi\Dangi_23.jpg,eb50de3873efe2a0c7d0945df818c925a960202e5f8926bfa118cbf1446cb8eb
Cattle_Hallikar,test,test\Cattle_Hallikar\fb52d13d304103db.jpg,Dataset\Cattle Breeds\Hallikar\Hallikar_37.jpg,fb52d13d304103db30c0830d0e017eefc700074c640790a9847d411abe0f8518
Cattle_Hallikar,test,test\Cattle_Hallikar\4af6cfb28bad5502.jpg,Dataset\Cattle Breeds\Hallikar\Hallikar_62.jpg,4af6cfb28bad5502a8cd6982257f5bd161b2a56a9102352e675cce2a3089f7a2
Cattle_Hallikar,test,test\Cattle_Hallikar\211f9e0fb855d225.jpg,Dataset\Cattle Breeds\Hallikar\Hallikar_81.png,211f9e0fb855d225f26f11dc2927e161920eee7a2f0d2749ddf78bf68d7ea451
Cattle_Hallikar,test,test\Cattle_Hallikar\c77e5ac2848ff534.jpg,Dataset\Cattle Breeds\Hallikar\Hallikar_6.jpg,c77e5ac2848ff53410f6274a85b4eeb02dbd9974214b9f824681a265c764be16
Cattle_Hallikar,test,test\Cattle_Hallikar\dd74422fb1f270ce.jpg,Dataset\Cattle Breeds\Hallikar\Hallikar_40.jpeg,dd74422fb1f270cebdd2049b4a7b73f3dc23b4469c36a1a3e87b728bc9d5f225
Cattle_Hallikar,test,test\Cattle_Hallikar\249f704717b42706.jpg,Dataset\Cattle Breeds\Hallikar\Hallikar_68.png,249f704717b427065c7286fdc0e40816ab8e13a17b8f7734de9a06c602aff466
Cattle_Hallikar,test,test\Cattle_Hallikar\63027897f411faf1.jpg,Dataset\Cattle Breeds\Hallikar\Hallikar_98.jpg,63027897f411faf101a18c62f8a3455ac362231b5f8c5197efa375ad482d5a5c
Cattle_Hallikar,test,test\Cattle_Hallikar\af9d25f8cfa967cb.jpg,Dataset\Cattle Breeds\Hallikar\Hallikar_88.jpg,af9d25f8cfa967cb915c6f92181d4952c128a2bdcaf53f9e4d6caebd6c537b11
Cattle_Hallikar,test,test\Cattle_Hallikar\af5e01f1ade14ecb.jpg,Dataset\Cattle Breeds\Hallikar\Hallikar_85.jpg,af5e01f1ade14ecb7aa38e74eb2435f054339778641097b465db339826670f11
Cattle_Hallikar,test,test\Cattle_Hallikar\66b0e039b488024a.jpg,Dataset\Cattle Breeds\Hallikar\Hallikar_70.png,66b0e039b488024a6009297f5cef627fa36539e68bab3b4497024343e20e7b5b
Cattle_Hallikar,test,test\Cattle_Hallikar\f9b89d4ed597cac7.jpg,Dataset\Cattle Breeds\Hallikar\Hallikar_73.png,f9b89d4ed597cac71f26a9f4bf5c3ee8efdde29c19b1b68966daac1ee206d2cf
Cattle_Hallikar,val,val\Cattle_Hallikar\b7b3c4ff4141c3b7.jpg,Dataset\Cattle Breeds\Hallikar\Hallikar_54.png,b7b3c4ff4141c3b7c94531005dc9440e1f654dd011b7e8e1c3b57b7a8e8f4a5a
Cattle_Hallikar,val,val\Cattle_Hallikar\44988d4509c4a396.jpg,Dataset\Cattle Breeds\Hallikar\Hallikar_65.png,44988d4509c4a396b010ee6568d0d60bb17053de48132517160eacb66b6f15e0
Cattle_Hallikar,val,val\Cattle_Hallikar\025926bd1d3b1bcf.jpg,Dataset\Cattle Breeds\Hallikar\Hallikar_1.jpg,025926bd1d3b1bcf1644c5ed949182213e8fd018028d40a7d36b5660391aa5b2
Cattle_Hallikar,val,val\Cattle_Hallikar\636648eb1a37d4e0.jpg,Dataset\Cattle Breeds\Hallikar\Hallikar_78.png,636648eb1a37d4e0e747888599c8da8f8d0b5e912c72bf9cc06ff65d6e7cc630
Cattle_Hallikar,val,val\Cattle_Hallikar\7f4785b983632310.jpg,Dataset\Cattle Breeds\Hallikar\Hallikar_41.jpg,7f4785b983632310c692eb2c04ba2bf14af730421c9d2c91bd6525ae58977083
Cattle_Hallikar,val,val\Cattle_Hallikar\da86a976675139a9.jpg,Dataset\Cattle Breeds\Hallikar\Hallikar_53.png,da86a976675139a9cc7eea2a15c2206164c462d31e5e09eab68c6519c87a6562
Cattle_Hallikar,val,val\Cattle_Hallikar\5d1513eae14af107.jpg,Dataset\Cattle Breeds\Hallikar\Hallikar_3.jpg,5d1513eae14af107fb5d112e224c816004a67259411cf79279f1792ef40fe8c4
Cattle_Hallikar,val,val\Cattle_Hallikar\192af2276bc8e2d2.jpg,Dataset\Cattle Breeds\Hallikar\Hallikar_86.jpg,192af2276bc8e2d20910181edf889b3b36726c10319a2e6049fa31a2d8d3f01f
Cattle_Hallikar,val,val\Cattle_Hallikar\626ca81ff7ab0599.jpg,Dataset\Cattle Breeds\Hallikar\Hallikar_7.jpg,626ca81ff7ab05992464beea905794d4f1e73a519b1ac9ec85f44bc632963918
Cattle_Hallikar,val,val\Cattle_Hallikar\356fdd50fa04fbb9.jpg,Dataset\Cattle Breeds\Hallikar\Hallikar_90.png,356fdd50fa04fbb99bd2b69dc1c58e580827174439f080744201bdb9a3fe49e5
Cattle_Hallikar,val,val\Cattle_Hallikar\b4706efe7aaa8183.jpg,Dataset\Cattle Breeds\Hallikar\Hallikar_93.jpg,b4706efe7aaa818369c3c846411ecf5c6344789a7e7d51b9cbd9d78f72c0b005
Cattle_Hallikar,train,train\Cattle_Hallikar\96c1aa11c7ea5b0e.jpg,Dataset\Cattle Breeds\Hallikar\Hallikar_67.jpg,96c1aa11c7ea5b0ea5976d743e8a8ebc03ef850cb4e58ad21a8096d2d257795c
Cattle_Hallikar,train,train\Cattle_Hallikar\4a2eb93105349673.jpg,Dataset\Cattle Breeds\Hallikar\Hallikar_2.jpg,4a2eb9310534967311f2a070fb92fe1e1c996a7fc6efcd10b0c468c59f52ced5
Cattle_Hallikar,train,train\Cattle_Hallikar\c128977e20118a47.jpg,Dataset\Cattle Breeds\Hallikar\Hallikar_49.png,c128977e20118a4705863db542d8f66f749c3cf491143d49e5ef6d3cfd97604a
Cattle_Hallikar,train,train\Cattle_Hallikar\a5d0e16cbae66739.jpg,Dataset\Cattle Breeds\Hallikar\Hallikar_69.png,a5d0e16cbae66739040e400db26d400464e1ef22f7078e4df2406e4b90e2bf76
Cattle_Hallikar,train,train\Cattle_Hallikar\4b1501e50b6ead02.jpg,Dataset\Cattle Breeds\Hallikar\Hallikar_36.png,4b1501e50b6ead027fd81a9a3221cf729aeecb8937311a34ba6e40264140ba87
Cattle_Hallikar,train,train\Cattle_Hallikar\2bd95cc8c4f3a71a.jpg,Dataset\Cattle Breeds\Hallikar\Hallikar_8.png,2bd95cc8c4f3a71a3be07e94bd420c7875066e683d5885460e3f3a7f96f0e31b
Cattle_Hallikar,train,train\Cattle_Hallikar\affd33179554f045.jpg,Dataset\Cattle Breeds\Hallikar\Hallikar_96.jpg,affd33179554f045d85a8646d4810f2f34b49ba8fc2d635c240aee3081de3f2d
Cattle_Hallikar,train,train\Cattle_Hallikar\ba1ca787d139e420.jpg,Dataset\Cattle Breeds\Hallikar\Hallikar_61.png,ba1ca787d139e420f27bfa51adb7389b319c5a569e1aa4db8b6f2440a58af34f
Cattle_Hallikar,train,train\Cattle_Hallikar\7b0d4a8799e772c2.jpg,Dataset\Cattle Breeds\Hallikar\Hallikar_84.png,7b0d4a8799e772c22ced655abb461505ed939f17b96dd32172c4749390ddf1fa
Cattle_Hallikar,train,train\Cattle_Hallikar\9f1d6ea2238f6e81.jpg,Dataset\Cattle Breeds\Hallikar\Hallikar_34.png,9f1d6ea2238f6e819316e985b3b91c7409a8720d940c1e920a23300fe0444efe
Cattle_Hallikar,train,train\Cattle_Hallikar\25ca87dd00b55d26.jpg,Dataset\Cattle Breeds\Hallikar\Hallikar_55.png,25ca87dd00b55d26fab36dce54a8a7fea7547caae920d85b7bd48f3d99bfed08
Cattle_Hallikar,train,train\Cattle_Hallikar\0b95775ce50cf944.jpg,Dataset\Cattle Breeds\Hallikar\Hallikar_66.png,0b95775ce50cf944ac9681e12067b8e5cf6bf2047af832eaac929059b9c385ee
Cattle_Hallikar,train,train\Cattle_Hallikar\76818b66a505316a.jpg,Dataset\Cattle Breeds\Hallikar\Hallikar_9.jpg,76818b66a505316a59719131092b19c50d7a9490c1b1c4e2b267cd796d4973c0
Cattle_Hallikar,train,train\Cattle_Hallikar\4a6510cc1d621141.jpg,Dataset\Cattle Breeds\Hallikar\Hallikar_32.jpg,4a6510cc1d621141befca9a4f1273f488edfb328a6f2ccaadb69418ed648f525
Cattle_Hallikar,train,train\Cattle_Hallikar\016cb75a3bdd4bd8.jpg,Dataset\Cattle Breeds\Hallikar\Hallikar_83.jpg,016cb75a3bdd4bd8c53ec92f95934ec328a5ba6f3e6f1c5be7afe65868a77d58
Cattle_Hallikar,train,train\Cattle_Hallikar\463aef7d4a7ca27b.jpg,Dataset\Cattle Breeds\Hallikar\Hallikar_52.png,463aef7d4a7ca27bec9a82a0974f7e76f86416ef3287b44ac509d1168b1e0b0e
Cattle_Hallikar,train,train\Cattle_Hallikar\1c54b2f611f8253f.jpg,Dataset\Cattle Breeds\Hallikar\Hallikar_5.jpg,1c54b2f611f8253f464308c909269976b635b7911940e8d4be1d07da84ac8ee4
Cattle_Hallikar,train,train\Cattle_Hallikar\c4b208d8defd64d7.jpg,Dataset\Cattle Breeds\Hallikar\Hallikar_87.png,c4b208d8defd64d75b48ba93af19e06849e98863d730d49299280f568c92b04d
Cattle_Hallikar,train,train\Cattle_Hallikar\6ebab324bdd728d5.jpg,Dataset\Cattle Breeds\Hallikar\Hallikar_12.jpg,6ebab324bdd728d56df70dd589a3141b09e2dd2667a8e9af27151bb0949e7bb9
Cattle_Hallikar,train,train\Cattle_Hallikar\e00668bb67cc1e4d.jpg,Dataset\Cattle Breeds\Hallikar\Hallikar_48.png,e00668bb67cc1e4dd458f4ca41d41231d98dcd84d7902ebfec80f622d73b7395
Cattle_Hallikar,train,train\Cattle_Hallikar\a1d68d8233da3d9c.jpg,Dataset\Cattle Breeds\Hallikar\Hallikar_11.jpg,a1d68d8233da3d9cca35e92146fd5dc9798605c07952e4e4d0e72b86a8b530a2
Cattle_Hallikar,train,train\Cattle_Hallikar\78c82f05eadfb395.jpg,Dataset\Cattle Breeds\Hallikar\Hallikar_10.jpg,78c82f05eadfb395add0679b87b7bf9d70bdd849ebe1a36a94f4f6e0df83fdc5
Cattle_Hallikar,train,train\Cattle_Hallikar\8199b866765f0e8b.jpg,Dataset\Cattle Breeds\Hallikar\Hallikar_46.jpg,8199b866765f0e8ba9e0f6afeb12590a667ccf39630ed7cefaef018de0e571de
Cattle_Hallikar,train,train\Cattle_Hallikar\cc9338bde7ba49c9.jpg,Dataset\Cattle Breeds\Hallikar\Hallikar_76.png,cc9338bde7ba49c90e78f1640f6b3888aab6ff2e25dcff55a1b6901f6182987a
Cattle_Hallikar,train,train\Cattle_Hallikar\8b9855fed37334f6.jpg,Dataset\Cattle Breeds\Hallikar\Hallikar_97.jpg,8b9855fed37334f68bbc8ba5917574ce0623df5dbb06f9ad9b7525a176097f9a
Cattle_Hallikar,train,train\Cattle_Hallikar\18465b85f5b655bd.jpg,Dataset\Cattle Breeds\Hallikar\Hallikar_59.jpg,18465b85f5b655bdf57d1380157793235eb18e34e157964971fc8066cb1ad8d9
Cattle_Hallikar,train,train\Cattle_Hallikar\3f0db1ef61472c9c.jpg,Dataset\Cattle Breeds\Hallikar\Hallikar_82.png,3f0db1ef61472c9ce619c393dfed1dcc4d5ee498938395cc83df4657929244a4
Cattle_Hallikar,train,train\Cattle_Hallikar\640ad7f072555769.jpg,Dataset\Cattle Breeds\Hallikar\Hallikar_77.png,640ad7f072555769415407782c498003266a3d81a9eadadf9513d741509f6358
Cattle_Hallikar,train,train\Cattle_Hallikar\73fc571abf14e54a.jpg,Dataset\Cattle Breeds\Hallikar\Hallikar_89.png,73fc571abf14e54a23dbbdf9aac6daa8104a3b878aeb63ff22ecd5766e86c7a3
Cattle_Hallikar,train,train\Cattle_Hallikar\72fd5362289c4e8d.jpg,Dataset\Cattle Breeds\Hallikar\Hallikar_95.png,72fd5362289c4e8d2c042fc3c295dfb2870c79a51740c7d53b4d6b48acd35e58
Cattle_Hallikar,train,train\Cattle_Hallikar\056959104a054c4a.jpg,Dataset\Cattle Breeds\Hallikar\Hallikar_15.jpg,056959104a054c4a501e104d3bae437caa24ed9eb5ebc1c7e4e93a5dfc6ed2ac
Cattle_Hallikar,train,train\Cattle_Hallikar\ccb9d314a943ecad.jpg,Dataset\Cattle Breeds\Hallikar\Hallikar_58.png,ccb9d314a943ecad71634365b9ff5d3ccb25cb880cba2cb75a696d739a94ceaa
Cattle_Hallikar,train,train\Cattle_Hallikar\0e335846f4cdec0c.jpg,Dataset\Cattle Breeds\Hallikar\Hallikar_14.jpg,0e335846f4cdec0c63a8eab28847a2560d35cbbe89183e37865a78c13dc88e28
Cattle_Hallikar,train,train\Cattle_Hallikar\04508ed524ee50c7.jpg,Dataset\Cattle Breeds\Hallikar\Hallikar_79.png,04508ed524ee50c77bfcff21ac6a107a37ff2b3e493f8c387b61c28a86208287
Cattle_Hallikar,train,train\Cattle_Hallikar\1a89c812e8f31acf.jpg,Dataset\Cattle Breeds\Hallikar\Hallikar_39.png,1a89c812e8f31acf9d28548bc4b41ad90cef0d7372853e396b2723c1ca6f3228
Cattle_Hallikar,train,train\Cattle_Hallikar\53eee2a6b95a77a8.jpg,Dataset\Cattle Breeds\Hallikar\Hallikar_44.jpg,53eee2a6b95a77a8c5761befe53f17416c8fe0c68a5c8b91e65b203e0d7dd838
Cattle_Hallikar,train,train\Cattle_Hallikar\cd8349499d13dd38.jpg,Dataset\Cattle Breeds\Hallikar\Hallikar_99.jpg,cd8349499d13dd38a74421ac8eb8c931381816a87d330031c55f952bc0386d89
Cattle_Hallikar,train,train\Cattle_Hallikar\2eedeb8c14acb936.jpg,Dataset\Cattle Breeds\Hallikar\Hallikar_94.png,2eedeb8c14acb936b28b3fe2c47861c5792cd660786e964e6ebcb33b2ddb9c0b
Cattle_Hallikar,train,train\Cattle_Hallikar\fbba6781ae40f1cb.jpg,Dataset\Cattle Breeds\Hallikar\Hallikar_4.jpg,fbba6781ae40f1cbc08e666f6d7abce8314e91744003e4f04a36a93990ebc401
Cattle_Hallikar,train,train\Cattle_Hallikar\f750d767d194088e.jpg,Dataset\Cattle Breeds\Hallikar\Hallikar_92.png,f750d767d194088ed23f21a0fa37b744c8736354415a6e5a4858072b6b21da3a
Cattle_Hallikar,train,train\Cattle_Hallikar\5cc72bf31adcef32.jpg,Dataset\Cattle Breeds\Hallikar\Hallikar_71.png,5cc72bf31adcef329f22cbb3c8a78465632370990a48e4a4f7183399102466a5
Cattle_Hallikar,train,train\Cattle_Hallikar\b3414c4feb5647b8.jpg,Dataset\Cattle Breeds\Hallikar\Hallikar_13.jpg,b3414c4feb5647b854fd61402dda392af4f3880b675e04622bb250c5f08ca885
Cattle_Hallikar,train,train\Cattle_Hallikar\a27eebeef383514d.jpg,Dataset\Cattle Breeds\Hallikar\Hallikar_91.png,a27eebeef383514d1f28695545a329bd7843556212e082eca08ef43ba3c2f79c
Cattle_Hallikar,train,train\Cattle_Hallikar\8429bb09da20f297.jpg,Dataset\Cattle Breeds\Hallikar\Hallikar_72.png,8429bb09da20f297b60ae315617bfa447618467cc83eedcfd2794081f6c1688c
Cattle_Hallikar,train,train\Cattle_Hallikar\f59f61243ab62f51.jpg,Dataset\Cattle Breeds\Hallikar\Hallikar_8.jpg,f59f61243ab62f51fdfa24eecf95434099fa21a79bef4c49eb93011758c6fa3a
Cattle_Hallikar,train,train\Cattle_Hallikar\18d8575ee4ae109b.jpg,Dataset\Cattle Breeds\Hallikar\Hallikar_74.png,18d8575ee4ae109bb6784271d99bc0d4ce8fe7dcdb43ed2a49d2fd9d215dd697
Cattle_Hallikar,train,train\Cattle_Hallikar\8658c7528c53dc1b.jpg,Dataset\Cattle Breeds\Hallikar\Hallikar_33.png,8658c7528c53dc1b73b4beec4386ddd7c275d7378a510ee31b7d6b8aa56bbb77
Cattle_Hallikar,train,train\Cattle_Hallikar\a09555ccc6a655f0.jpg,Dataset\Cattle Breeds\Hallikar\Hallikar_80.png,a09555ccc6a655f0b495b0faa60e67f814e144a12de6070f581c2026faab48eb
Cattle_Hallikar,train,train\Cattle_Hallikar\bd7b6327a825ee87.jpg,Dataset\Cattle Breeds\Hallikar\Hallikar_75.png,bd7b6327a825ee87161da15016025d399a8b5cae0a282d4e7d6161f2398b5b27
Cattle_Hariana,test,test\Cattle_Hariana\cba82f863f80cce1.jpg,Dataset\Cattle Breeds\Hariana\Hariana_56.jpg,cba82f863f80cce131bdde3112616d1cf87b2686765f7bd1089b4aa6fdc2b60d
Cattle_Hariana,test,test\Cattle_Hariana\09b8712bc95a46f2.jpg,Dataset\Cattle Breeds\Hariana\Hariana_32.png,09b8712bc95a46f23a83a5d83800ccfda99da916fe53dd10e9f4147115564f3e
Cattle_Hariana,test,test\Cattle_Hariana\69e20b40af46a08e.jpg,Dataset\Cattle Breeds\Hariana\Hariana_77.jpg,69e20b40af46a08e98471d5066eb11338b8c7a40dbc315d1eef12b6db886991d
Cattle_Hariana,test,test\Cattle_Hariana\bb6f5d18d10432a3.jpg,Dataset\Cattle Breeds\Hariana\Hariana_73.jpg,bb6f5d18d10432a34f6d2770e93cdf1e30d8ba2a8d10981b686762950a2b6844
Cattle_Hariana,test,test\Cattle_Hariana\6d2a7fdfe22e3505.jpg,Dataset\Cattle Breeds\Hariana\Hariana_127.png,6d2a7fdfe22e350518a5c0e73c811c8f5614fdb066772640d9ada17cc1f5b021
Cattle_Hariana,test,test\Cattle_Hariana\fc85db7a9ed7cb92.jpg,Dataset\Cattle Breeds\Hariana\Hariana_106.jpg,fc85db7a9ed7cb92482a6714eb39f481a91ca1336f9a0a7a45bb6e43a42e65af
Cattle_Hariana,test,test\Cattle_Hariana\76c54674396255f7.jpg,Dataset\Cattle Breeds\Hariana\Hariana_67.jpg,76c54674396255f7add42030e0b8822f60063fce590b9089f798be387e393e9e
Cattle_Hariana,test,test\Cattle_Hariana\7574a13ce5e23c03.jpg,Dataset\Cattle Breeds\Hariana\Hariana_123.jpg,7574a13ce5e23c033f0643d1a977cc615d0a899875ca95720a41ce95e856f4e6
Cattle_Hariana,test,test\Cattle_Hariana\81c9cdaf0105534f.jpg,Dataset\Cattle Breeds\Hariana\Hariana_70.jpg,81c9cdaf0105534f80b1cc6165bb90554a2a05690e7cd6a20d40c928431dcd27
Cattle_Hariana,test,test\Cattle_Hariana\3bc300539028197b.jpg,Dataset\Cattle Breeds\Hariana\Hariana_78.png,3bc300539028197b38ed8b4be9570be6e9bd8d2f4546e15a769ef0ce5d2069f7
Cattle_Hariana,test,test\Cattle_Hariana\83f40f25256e514b.jpg,Dataset\Cattle Breeds\Hariana\Hariana_65.png,83f40f25256e514bdd22ea7c75b17a3d9cad08d125c9383b67b27ec9e5981d99
Cattle_Hariana,test,test\Cattle_Hariana\1ef30539e636e83d.jpg,Dataset\Cattle Breeds\Hariana\Hariana_8.jpg,1ef30539e636e83db8f443003c0364dc8d1a37d458bc6e3f1f6c24b3f3e0462f
Cattle_Hariana,test,test\Cattle_Hariana\151cdf26505d7c8a.jpg,Dataset\Cattle Breeds\Hariana\Hariana_129.jpg,151cdf26505d7c8a2882d0958d2be6826e3f7621b476408a911d652ff27d0ea4
Cattle_Hariana,test,test\Cattle_Hariana\b3a91c537932879b.jpg,Dataset\Cattle Breeds\Hariana\Hariana_122.jpg,b3a91c537932879b259b59d8c041f3174c0aa7594deba8a36c169c550ada1465
Cattle_Hariana,test,test\Cattle_Hariana\e699158c4619ef12.jpg,Dataset\Cattle Breeds\Hariana\Hariana_44.png,e699158c4619ef12d3426005d95823ef1622c8af56047ff699902d07ad2ba426
Cattle_Hariana,test,test\Cattle_Hariana\848dc4f78e72673e.jpg,Dataset\Cattle Breeds\Hariana\Hariana_34.png,848dc4f78e72673eb2ef874ac65bb6f85a906d16b7745b649453ca3b7f6bff5f
Cattle_Hariana,test,test\Cattle_Hariana\104d663662f8d9aa.jpg,Dataset\Cattle Breeds\Hariana\Hariana_91.png,104d663662f8d9aa390bc35dcf508a890ea4fa3fb993419fd16698be40d53540
Cattle_Hariana,test,test\Cattle_Hariana\a5a0d7090a9701c3.jpg,Dataset\Cattle Breeds\Hariana\Hariana_94.png,a5a0d7090a9701c38d56b82dc8cf2effeb85751ce4be30206f5ba99a098c4526
Cattle_Hariana,test,test\Cattle_Hariana\5c1eb9191fb1a2a8.jpg,Dataset\Cattle Breeds\Hariana\Hariana_85.jpg,5c1eb9191fb1a2a86b8f68a012745d8d4fbe7e601897d34a2b7dffdcd86db806
Cattle_Hariana,val,val\Cattle_Hariana\f12d0945c888e7c2.jpg,Dataset\Cattle Breeds\Hariana\Hariana_82.png,f12d0945c888e7c2d0ad2c46333445f1de07a110536fe684d0ceb45fd1bdd9cd
Cattle_Hariana,val,val\Cattle_Hariana\a80d14135a774ee9.jpg,Dataset\Cattle Breeds\Hariana\Hariana_117.jpg,a80d14135a774ee9ea39b438949d096211241890b02133a32c3dbbd9f1bfaa02
Cattle_Hariana,val,val\Cattle_Hariana\c6a80cd4104380f4.jpg,Dataset\Cattle Breeds\Hariana\Hariana_64.jpeg,c6a80cd4104380f4a7e4b0c54dbdc8734fa9051767ea037e291ab9f428b6e8d3
Cattle_Hariana,val,val\Cattle_Hariana\5f01085fabfbabf5.jpg,Dataset\Cattle Breeds\Hariana\Hariana_16.jpg,5f01085fabfbabf5ad206d333fad85ec15931408febf7493a97677ffb34f1c91
Cattle_Hariana,val,val\Cattle_Hariana\ab0efcd408cc6019.jpg,Dataset\Cattle Breeds\Hariana\Hariana_108.jpg,ab0efcd408cc60195965613690b538b3af7be55031f9c145533dcefbe2fc7ddc
Cattle_Hariana,val,val\Cattle_Hariana\9fcb25cb7f430998.jpg,Dataset\Cattle Breeds\Hariana\Hariana_58.jpg,9fcb25cb7f430998b44e8ad18ea2d795ab1d24ed586ab0abca8a99921940835a
Cattle_Hariana,val,val\Cattle_Hariana\0073cce2700e8837.jpg,Dataset\Cattle Breeds\Hariana\Hariana_116.jpg,0073cce2700e88372fdae1905cfe22528b466eeefb6e34df2d636ae626d2378a
Cattle_Hariana,val,val\Cattle_Hariana\c489901cf7bfff0b.jpg,Dataset\Cattle Breeds\Hariana\Hariana_55.jpg,c489901cf7bfff0bda6c5c7543356cc64ac60bbd0a9fb876b73e96ae25912a93
Cattle_Hariana,val,val\Cattle_Hariana\b7f2bc6f2b6f45ba.jpg,Dataset\Cattle Breeds\Hariana\Hariana_112.png,b7f2bc6f2b6f45ba3613c177d8464bf0959b9945f8986ab12fe063b00f2d15a9
Cattle_Hariana,val,val\Cattle_Hariana\c9e5302b684b3195.jpg,Dataset\Cattle Breeds\Hariana\Hariana_7.png,c9e5302b684b3195fb1bcace4234345b6263ccdf5209e1346b85da9d142a2a54
Cattle_Hariana,val,val\Cattle_Hariana\d5d2f6117cafa0b3.jpg,Dataset\Cattle Breeds\Hariana\Hariana_3.JPG,d5d2f6117cafa0b31b6cd14c1a4f63ac5be560c52b71f618821064af3ab922df
Cattle_Hariana,val,val\Cattle_Hariana\f149af9ff8e3a8c2.jpg,Dataset\Cattle Breeds\Hariana\Hariana_101.png,f149af9ff8e3a8c2a927711735cff647558fbefb54be181410792be633e615c9
Cattle_Hariana,val,val\Cattle_Hariana\6976c04c958c23f8.jpg,Dataset\Cattle Breeds\Hariana\Hariana_87.png,6976c04c958c23f8e5f2b65d17a3ca32cedb53aabc0d924bc52ca37c9048e646
Cattle_Hariana,val,val\Cattle_Hariana\42e2e0bd2ee696b5.jpg,Dataset\Cattle Breeds\Hariana\Hariana_62.jpeg,42e2e0bd2ee696b5f7233f97a1547edc19a0426410a4e7cbd760e68674c221ad
Cattle_Hariana,val,val\Cattle_Hariana\c9fb1423b54c22ee.jpg,Dataset\Cattle Breeds\Hariana\Hariana_96.jpg,c9fb1423b54c22ee6831dc11c1360162ceb5206db9db67318b53c38a5ac84973
Cattle_Hariana,val,val\Cattle_Hariana\39e674c11acef30d.jpg,Dataset\Cattle Breeds\Hariana\Hariana_18.jpg,39e674c11acef30deea829f50b90671f7879a6353d4f3684014a9131d051b141
Cattle_Hariana,val,val\Cattle_Hariana\537eb9d0bc51e600.jpg,Dataset\Cattle Breeds\Hariana\Hariana_45.jpg,537eb9d0bc51e6002f27efd2a39fb6d11382bb8826972ac0dc9e1ef8aa0ccfb9
Cattle_Hariana,val,val\Cattle_Hariana\dc789e6e24d19e5b.jpg,Dataset\Cattle Breeds\Hariana\Hariana_92.png,dc789e6e24d19e5b54a2e49f25f4454df9bbce8a56b24e6f3bcd4c003e79afb0
Cattle_Hariana,val,val\Cattle_Hariana\eb1f4f7ad10edb98.jpg,Dataset\Cattle Breeds\Hariana\Hariana_4.JPG,eb1f4f7ad10edb98bc95a9f421b1e9e199ce5bcf57f38be62dc3c801b9821b72
Cattle_Hariana,train,train\Cattle_Hariana\a2d5bcb83c8d3b98.jpg,Dataset\Cattle Breeds\Hariana\Hariana_42.jpg,a2d5bcb83c8d3b98486b6c105ff7900ee7ecbf21e00d90be2e7fd1fc6a210cfa
Cattle_Hariana,train,train\Cattle_Hariana\7cc462c2893fa909.jpg,Dataset\Cattle Breeds\Hariana\Hariana_1.JPG,7cc462c2893fa909550d4062c6e1cc45176ebd04557934d7909329d277034992
Cattle_Hariana,train,train\Cattle_Hariana\1f8632f627295ca5.jpg,Dataset\Cattle Breeds\Hariana\Hariana_20.png,1f8632f627295ca5606a306fcd5583edb9cb69e42e6fc8c0b55285af827211a1
Cattle_Hariana,train,train\Cattle_Hariana\422509c250e0ae59.jpg,Dataset\Cattle Breeds\Hariana\Hariana_63.jpg,422509c250e0ae598988757571744d4ffdcf6d9788d090d6cbbc811aa61d8a98
Cattle_Hariana,train,train\Cattle_Hariana\557b617a844ac027.jpg,Dataset\Cattle Breeds\Hariana\Hariana_12.png,557b617a844ac027790bea2ddb2df0d4ae52ff06945c26637ad416be340d40bb
Cattle_Hariana,train,train\Cattle_Hariana\4bd68a6f7864ed12.jpg,Dataset\Cattle Breeds\Hariana\Hariana_93.jpg,4bd68a6f7864ed121b3ebd9e118180bc909785f3baace91d0ffe92bd4f02d5e9
Cattle_Hariana,train,train\Cattle_Hariana\79d5088cdc69b909.jpg,Dataset\Cattle Breeds\Hariana\Hariana_43.png,79d5088cdc69b909c26221d94edce60537fbe2f6f1d6d3452418ad89f56f2153
Cattle_Hariana,train,train\Cattle_Hariana\077a0a6b6ac66b6c.jpg,Dataset\Cattle Breeds\Hariana\Hariana_41.png,077a0a6b6ac66b6c2bfb0d174cc70e590e6f94fd12687591412511323f78dc76
Cattle_Hariana,train,train\Cattle_Hariana\48cfe54b35d7f83c.jpg,Dataset\Cattle Breeds\Hariana\Hariana_19.png,48cfe54b35d7f83c7bce51bad9eb8fa1b3c119329578bfa2422a35a35d3aaee0
Cattle_Hariana,train,train\Cattle_Hariana\3af92b74217813d6.jpg,Dataset\Cattle Breeds\Hariana\Hariana_111.png,3af92b74217813d605d0b49e5b8adf9363c5c252ef20f965bc1d3fc722573b5e
Cattle_Hariana,train,train\Cattle_Hariana\de5c6d0eb5aaa69f.jpg,Dataset\Cattle Breeds\Hariana\Hariana_9.jpg,de5c6d0eb5aaa69f565fa6ee889e366d9a81f74fcf6b02f1b37f5430a6b24cbf
Cattle_Hariana,train,train\Cattle_Hariana\26945b83549f882e.jpg,Dataset\Cattle Breeds\Hariana\Hariana_107.png,26945b83549f882e99041e731555e4df6067ffb90ddcc7a27d70c7c9b258a243
Cattle_Hariana,train,train\Cattle_Hariana\8e8adef366a1c767.jpg,Dataset\Cattle Breeds\Hariana\Hariana_51.jpg,8e8adef366a1c7670ba834df6ceb5cfb7e66a3ea04c2684e854a9d0f5c46327f
Cattle_Hariana,train,train\Cattle_Hariana\d4042d173f752a40.jpg,Dataset\Cattle Breeds\Hariana\Hariana_71.png,d4042d173f752a401c0d48f6c194936aaf07f5738ac2ad22f4732e77265ff6a2
Cattle_Hariana,train,train\Cattle_Hariana\29533e8c4c062d62.jpg,Dataset\Cattle Breeds\Hariana\Hariana_105.jpg,29533e8c4c062d627fb63b080b72f4992d11b2a701bb788a95ee6a14f70f5cbe
Cattle_Hariana,train,train\Cattle_Hariana\395cc722577135c8.jpg,Dataset\Cattle Breeds\Hariana\Hariana_37.png,395cc722577135c854616149191ffa3f9392e9e561a38a5e2d89c400177c860d
Cattle_Hariana,train,train\Cattle_Hariana\98575553e34adb19.jpg,Dataset\Cattle Breeds\Hariana\Hariana_40.png,98575553e34adb193aa1cba7b331240f30636296d3dcfe84c8dfe7b4ab8f9289
Cattle_Hariana,train,train\Cattle_Hariana\aa1d591b92fcf510.jpg,Dataset\Cattle Breeds\Hariana\Hariana_30.png,aa1d591b92fcf5105700200bdca8f328dc0dd94ce5177437c8a6e005ac23bef1
Cattle_Hariana,train,train\Cattle_Hariana\d84aff4cc7e6399a.jpg,Dataset\Cattle Breeds\Hariana\Hariana_23.jpg,d84aff4cc7e6399a2e9030ffc88c0d416421006d26e73b716a04cdd5fe15780d
Cattle_Hariana,train,train\Cattle_Hariana\d31ef9b05caca9d6.jpg,Dataset\Cattle Breeds\Hariana\Hariana_115.jpg,d31ef9b05caca9d62a593a4fef7fd58e5185782fb14b2e7d87b96b4d345a8ed2
Cattle_Hariana,train,train\Cattle_Hariana\78b19bdd6baee350.jpg,Dataset\Cattle Breeds\Hariana\Hariana_27.jpg,78b19bdd6baee350a75758090cb8eb3f7470464d14d07b88656890493307b97f
Cattle_Hariana,train,train\Cattle_Hariana\1cf2e22121711f29.jpg,Dataset\Cattle Breeds\Hariana\Hariana_90.png,1cf2e22121711f29e05abf1700077df2c907ec07ec8a0afc45e29f2495dfafab
Cattle_Hariana,train,train\Cattle_Hariana\f22ca53d8760e7d9.jpg,Dataset\Cattle Breeds\Hariana\Hariana_35.png,f22ca53d8760e7d9075af44772a6c3264961d8d0ae61b8ff958ddc61a918cb6b
Cattle_Hariana,train,train\Cattle_Hariana\2c056c483ae3c637.jpg,Dataset\Cattle Breeds\Hariana\Hariana_28.png,2c056c483ae3c6373fdb33ee727dbcd47356891192e0075e7e046b4a25fbe4af
Cattle_Hariana,train,train\Cattle_Hariana\22ab533d2d821e0e.jpg,Dataset\Cattle Breeds\Hariana\Hariana_98.jpg,22ab533d2d821e0e31630c2fef5f0c2916865b407e63ac519f6cf8f591ec39e6
Cattle_Hariana,train,train\Cattle_Hariana\14fb7a4f625edce8.jpg,Dataset\Cattle Breeds\Hariana\Hariana_60.jpg,14fb7a4f625edce88762ba229fef6e14fa3f5dbcc5830b04c5cff9fcb2019591
Cattle_Hariana,train,train\Cattle_Hariana\78103d3de705163e.jpg,Dataset\Cattle Breeds\Hariana\Hariana_118.jpg,78103d3de705163e747e839878db70d2bf23e1ff6805926556cf634a568607b2
Cattle_Hariana,train,train\Cattle_Hariana\84deb78ee0dd9075.jpg,Dataset\Cattle Breeds\Hariana\Hariana_13.png,84deb78ee0dd90753a3b115938c2d0cb4ac339623afe00843b706bfb7fdbc0b0
Cattle_Hariana,train,train\Cattle_Hariana\a0273ca4c09ead1e.jpg,Dataset\Cattle Breeds\Hariana\Hariana_99.jpg,a0273ca4c09ead1e9ff13dc05380428a99d810a25b817f82229e0a3e2b9a4811
Cattle_Hariana,train,train\Cattle_Hariana\ebcd03550745e9b7.jpg,Dataset\Cattle Breeds\Hariana\Hariana_5.jpg,ebcd03550745e9b7725d297f9cc7aa996a389180518cbc3baefbd7a55c578f1f
Cattle_Hariana,train,train\Cattle_Hariana\e8553a013cc406c6.jpg,Dataset\Cattle Breeds\Hariana\Hariana_49.jpg,e8553a013cc406c64990a57191e756f1508770f820f540780e08f85629d7abf0
Cattle_Hariana,train,train\Cattle_Hariana\061c6e34b61b5225.jpg,Dataset\Cattle Breeds\Hariana\Hariana_95.jpg,061c6e34b61b52251be9b6d9dced755fa1cc96c6afb7c7b2dca59b0c6366362b
Cattle_Hariana,train,train\Cattle_Hariana\7f09b2e910ab424f.jpg,Dataset\Cattle Breeds\Hariana\Hariana_119.jpg,7f09b2e910ab424f773623db7071c15f305f5d4b60051c5d49dae086205334d5
Cattle_Hariana,train,train\Cattle_Hariana\b0b9df516d904db0.jpg,Dataset\Cattle Breeds\Hariana\Hariana_29.jpg,b0b9df516d904db09b44b3a7a6dc33d37d825e88b4da0ba02af2cfb57513a834
Cattle_Hariana,train,train\Cattle_Hariana\b373e2bdf38eb3d9.jpg,Dataset\Cattle Breeds\Hariana\Hariana_17.png,b373e2bdf38eb3d9f6f30ad292dff110fa5d7d33d0146ae5910044e55a2fa8a4
Cattle_Hariana,train,train\Cattle_Hariana\fb0335a8097eb09f.jpg,Dataset\Cattle Breeds\Hariana\Hariana_83.jpg,fb0335a8097eb09f68dfce7f02a9b2ef56cc8d6f352adcbe019dc8e0958abfc8
Cattle_Hariana,train,train\Cattle_Hariana\c9fbafca5d688e2c.jpg,Dataset\Cattle Breeds\Hariana\Hariana_109.jpg,c9fbafca5d688e2c7d353e9aacda6ff624c9427d7066fbc3a771008ac94e6c18
Cattle_Hariana,train,train\Cattle_Hariana\44a9469ba6d69c5d.jpg,Dataset\Cattle Breeds\Hariana\Hariana_113.jpg,44a9469ba6d69c5d5da24756f7b5977a9a577bba99fc58b82918efe5ad1d9c54
Cattle_Hariana,train,train\Cattle_Hariana\6b71aaffedf10352.jpg,Dataset\Cattle Breeds\Hariana\Hariana_22.png,6b71aaffedf10352f9383d7e48310aa56d22602ef2f186776ef52d0c98140ecd
Cattle_Hariana,train,train\Cattle_Hariana\3399f33916c12593.jpg,Dataset\Cattle Breeds\Hariana\Hariana_48.jpg,3399f33916c1259349f5970839963c042df0030447e6cf55445931fa4414ce1c
Cattle_Hariana,train,train\Cattle_Hariana\6fcb96ccd13a3afa.jpg,Dataset\Cattle Breeds\Hariana\Hariana_102.png,6fcb96ccd13a3afa72628eb938fa3ac1c0fc50861b2dc5f492e9c9169e472ea7
Cattle_Hariana,train,train\Cattle_Hariana\0f1fad3a3bde10d1.jpg,Dataset\Cattle Breeds\Hariana\Hariana_31.png,0f1fad3a3bde10d1a9bf254b02adc3531c7fdcde5af467cf4a9b701a46cf93b3
Cattle_Hariana,train,train\Cattle_Hariana\17b5e8215c13212b.jpg,Dataset\Cattle Breeds\Hariana\Hariana_15.png,17b5e8215c13212bf4e01eb6ffe778a78f3c7ba059a4f3e9067bb0c3b141fa8c
Cattle_Hariana,train,train\Cattle_Hariana\162d732c13a1925e.jpg,Dataset\Cattle Breeds\Hariana\Hariana_103.jpg,162d732c13a1925e7a640833812167f8a227b3bda172319bcae434a70f070b36
Cattle_Hariana,train,train\Cattle_Hariana\783a34ce2db780d7.jpg,Dataset\Cattle Breeds\Hariana\Hariana_76.jpg,783a34ce2db780d79b74c18da9f974d29f8ba3381cd937fee6aeb21b07ce1b7e
Cattle_Hariana,train,train\Cattle_Hariana\644c1c2893911bc3.jpg,Dataset\Cattle Breeds\Hariana\Hariana_11.png,644c1c2893911bc38b754ce597e223174e1ac9ae28b7ff238f75e3ddf5fe8e0a
Cattle_Hariana,train,train\Cattle_Hariana\74f388f8379de14d.jpg,Dataset\Cattle Breeds\Hariana\Hariana_53.png,74f388f8379de14d961bd56d9c35a6178395e18a19af4cd7b13bc471baae1b8c
Cattle_Hariana,train,train\Cattle_Hariana\d7164bf76b92610b.jpg,Dataset\Cattle Breeds\Hariana\Hariana_114.jpg,d7164bf76b92610b200b9b8fac7fcf9d66dd1ea1ff928e24d35d03edbfe247b9
Cattle_Hariana,train,train\Cattle_Hariana\e826c41b2904ed0e.jpg,Dataset\Cattle Breeds\Hariana\Hariana_97.png,e826c41b2904ed0ed3f1d4f3715c77631197014855bef8858a278415bd120f69
Cattle_Hariana,train,train\Cattle_Hariana\bb979a372e684552.jpg,Dataset\Cattle Breeds\Hariana\Hariana_59.jpeg,bb979a372e6845528b62a4cf4c3bfb0e862fc5f9a21f7a50250a5a09427b294c
Cattle_Hariana,train,train\Cattle_Hariana\afa13f40a547eedd.jpg,Dataset\Cattle Breeds\Hariana\Hariana_128.jpg,afa13f40a547eedd67231660855cf45ff491aa73de8859ee941fd2170f06eb18
Cattle_Hariana,train,train\Cattle_Hariana\4a237619147a389a.jpg,Dataset\Cattle Breeds\Hariana\Hariana_52.jpg,4a237619147a389a660896d87ef0340ad1fab76a791691e2b4d05cd02fca0dbb
Cattle_Hariana,train,train\Cattle_Hariana\4e9de91524ea449b.jpg,Dataset\Cattle Breeds\Hariana\Hariana_120.png,4e9de91524ea449bf0e3d71b69b3f63c1ec6bd20fd6b70dd76ecd252e75c6be8
Cattle_Hariana,train,train\Cattle_Hariana\4d36633ce1e2510e.jpg,Dataset\Cattle Breeds\Hariana\Hariana_54.jpg,4d36633ce1e2510e3bf96448848b2c2d886278c3da898ba87cf4ad550fa274ba
Cattle_Hariana,train,train\Cattle_Hariana\d9535b3e1ddb5d67.jpg,Dataset\Cattle Breeds\Hariana\Hariana_124.jpg,d9535b3e1ddb5d67df7a7596765e0d116d3a04de8464195c7665de105c1263bd
Cattle_Hariana,train,train\Cattle_Hariana\d65c112118e27bb2.jpg,Dataset\Cattle Breeds\Hariana\Hariana_88.png,d65c112118e27bb26b7f8206bf93560fdecc304e5d386d429b3e5901ccbad819
Cattle_Hariana,train,train\Cattle_Hariana\9e24ecbae52ce997.jpg,Dataset\Cattle Breeds\Hariana\Hariana_75.jpg,9e24ecbae52ce997660afe689c17bffd53a826ee197b3133924579d44ea555a7
Cattle_Hariana,train,train\Cattle_Hariana\95ce1cb44458c02e.jpg,Dataset\Cattle Breeds\Hariana\Hariana_125.png,95ce1cb44458c02ebf1debfcf7c139e9eae895f4461ac717bd16b707d27ecde4
Cattle_Hariana,train,train\Cattle_Hariana\4db742a8abb23526.jpg,Dataset\Cattle Breeds\Hariana\Hariana_131.jpg,4db742a8abb23526822b668d94bdad41c4f64460ee9f3ad0c80949b6933439b1
Cattle_Hariana,train,train\Cattle_Hariana\591ae303d3ec9328.jpg,Dataset\Cattle Breeds\Hariana\Hariana_38.png,591ae303d3ec93285711b9b132c16b6d37da5e11ecc56a4b7abc4323cd8bef5a
Cattle_Hariana,train,train\Cattle_Hariana\71292e36e40f5bee.jpg,Dataset\Cattle Breeds\Hariana\Hariana_74.jpg,71292e36e40f5bee8890a8202d4c334b087f4aa90d7ab1804b8174cd3ce037c0
Cattle_Hariana,train,train\Cattle_Hariana\64636c7a58ea366f.jpg,Dataset\Cattle Breeds\Hariana\Hariana_50.jpg,64636c7a58ea366f71c80cead11bf51e25117bc044fc3b7181501d76b14417e6
Cattle_Hariana,train,train\Cattle_Hariana\fc97d320e1b2150a.jpg,Dataset\Cattle Breeds\Hariana\Hariana_104.png,fc97d320e1b2150ac2e6252f7be86de1af60eab35ce5a45b9948690e7c067668
Cattle_Hariana,train,train\Cattle_Hariana\6936128a8f689826.jpg,Dataset\Cattle Breeds\Hariana\Hariana_68.png,6936128a8f689826fc96fab0f2984cf1059740ce633fe64d4e757dcab3b59716
Cattle_Hariana,train,train\Cattle_Hariana\ad604388f1deaa0b.jpg,Dataset\Cattle Breeds\Hariana\Hariana_72.jpg,ad604388f1deaa0b18df8ef2132eb92d832c4973b4c83a24865442c84d3897bc
Cattle_Hariana,train,train\Cattle_Hariana\14ce9df51da22043.jpg,Dataset\Cattle Breeds\Hariana\Hariana_6.jpg,14ce9df51da22043a41e50b20b6f48970f6f0f7c9d5fd6e192a2474060a30412
Cattle_Hariana,train,train\Cattle_Hariana\9e578447048a6474.jpg,Dataset\Cattle Breeds\Hariana\Hariana_46.jpg,9e578447048a6474b99fe46292697a174de2bf8c55e8fe53511f3def18b222cf
Cattle_Hariana,train,train\Cattle_Hariana\0bb3818e707ace4e.jpg,Dataset\Cattle Breeds\Hariana\Hariana_10.png,0bb3818e707ace4ef59eb6e1b93a792b4a339ebab4e864685c2647f69ad59fc4
Cattle_Hariana,train,train\Cattle_Hariana\3889ff2f9323571d.jpg,Dataset\Cattle Breeds\Hariana\Hariana_130.jpg,3889ff2f9323571d67a59ac7b6fdd0cd0bf40f86270118e73b8ebd6c5a5ba21f
Cattle_Hariana,train,train\Cattle_Hariana\72314a657f146312.jpg,Dataset\Cattle Breeds\Hariana\Hariana_26.png,72314a657f1463123e604b099aa2d5fceda7c17e2d2f2aba0773253f1b874c92
Cattle_Hariana,train,train\Cattle_Hariana\09c61f4a9637916c.jpg,Dataset\Cattle Breeds\Hariana\Hariana_57.jpg,09c61f4a9637916c9dd9bd77cea31f720d371bbeda203c770b63b49faef16027
Cattle_Hariana,train,train\Cattle_Hariana\59fcfffbfb8e8c10.jpg,Dataset\Cattle Breeds\Hariana\Hariana_79.jpg,59fcfffbfb8e8c10d1267f80bfdc7b43d1cb302b064db5d907b359b966091706
Cattle_Hariana,train,train\Cattle_Hariana\00c96ed561b8ebcd.jpg,Dataset\Cattle Breeds\Hariana\Hariana_100.jpg,00c96ed561b8ebcdd8eeb67934d3f005c41519bdf54149401b3faba6d64daf8e
Cattle_Hariana,train,train\Cattle_Hariana\e08581e10b135f50.jpg,Dataset\Cattle Breeds\Hariana\Hariana_86.png,e08581e10b135f50b3c8a13e783a2f419f1e3fc59a61d8381b2c6c2b0e34e037
Cattle_Hariana,train,train\Cattle_Hariana\c229807aaa5d8cb8.jpg,Dataset\Cattle Breeds\Hariana\Hariana_61.jpg,c229807aaa5d8cb8970d3ec51825bc4570257fc05f59c2265d8bb387431c050a
Cattle_Hariana,train,train\Cattle_Hariana\6a5483870a9f4148.jpg,Dataset\Cattle Breeds\Hariana\Hariana_133.jpg,6a5483870a9f4148f7caa212febb2c0840248133cc8c0e50511e765a6f4bc6e9
Cattle_Hariana,train,train\Cattle_Hariana\134c775f80af374d.jpg,Dataset\Cattle Breeds\Hariana\Hariana_89.jpg,134c775f80af374d3c80facb6700110323dea391fd4ae18ab2689039d218ac8f
Cattle_Hariana,train,train\Cattle_Hariana\26b14e9a982d8c0b.jpg,Dataset\Cattle Breeds\Hariana\Hariana_21.png,26b14e9a982d8c0bf24cfb3b3a56ac407eac3373ca02fadbe41d6f60a55b31a4
Cattle_Hariana,train,train\Cattle_Hariana\55b2a91d16d464f5.jpg,Dataset\Cattle Breeds\Hariana\Hariana_47.png,55b2a91d16d464f511abdffbb251bfe9e8ac90bc30c600ad52e8d526916be9cf
Cattle_Hariana,train,train\Cattle_Hariana\d8158ad1b1cfa91c.jpg,Dataset\Cattle Breeds\Hariana\Hariana_24.png,d8158ad1b1cfa91c3153b721e258b40b62f163de0f43e7b6ae1cc033b7ac43d3
Cattle_Hariana,train,train\Cattle_Hariana\b46acad129485300.jpg,Dataset\Cattle Breeds\Hariana\Hariana_126.jpg,b46acad1294853008a7d2ccb61fbe5fb618fe5db03238d3cbff271b027f4c601
Cattle_Hariana,train,train\Cattle_Hariana\6eab1ebe0a0ed7a9.jpg,Dataset\Cattle Breeds\Hariana\Hariana_110.png,6eab1ebe0a0ed7a9ecc16938540e1cd4cc4a1fde9789d122f067c7e3dce3ca40
Cattle_Hariana,train,train\Cattle_Hariana\ad73bbb58878d19f.jpg,Dataset\Cattle Breeds\Hariana\Hariana_36.png,ad73bbb58878d19fb26f17502f9009a6437bcae6d62443f9945f86d9701e4f4d
Cattle_Hariana,train,train\Cattle_Hariana\09cc26875e565b9c.jpg,Dataset\Cattle Breeds\Hariana\Hariana_81.jpg,09cc26875e565b9ccce454216a1c6ee603e434022e5228d95023a3774f6412aa
Cattle_Hariana,train,train\Cattle_Hariana\f758947dd998ed4b.jpg,Dataset\Cattle Breeds\Hariana\Hariana_25.png,f758947dd998ed4bbcf52843f0f26593f70d918a1c106d924612333df30bfe82
Cattle_Hariana,train,train\Cattle_Hariana\104470cda365f4ea.jpg,Dataset\Cattle Breeds\Hariana\Hariana_121.jpg,104470cda365f4eaa817fd434779dc2e04a3d77a1fc26c0aafd9dd6273663d6b
Cattle_Hariana,train,train\Cattle_Hariana\f6c9b5c20d53a758.jpg,Dataset\Cattle Breeds\Hariana\Hariana_14.png,f6c9b5c20d53a758a9e42af7f6f32bbb43b7e078b2f460cc97d7a54083fec9a0
Cattle_Hariana,train,train\Cattle_Hariana\3827b06c9bcb5043.jpg,Dataset\Cattle Breeds\Hariana\Hariana_80.jpg,3827b06c9bcb5043e93d42c1f6b1e9f0266f4641c75cee9650dd5b64754264a2
Cattle_Hariana,train,train\Cattle_Hariana\6a6aa1b1397757a0.jpg,Dataset\Cattle Breeds\Hariana\Hariana_33.jpg,6a6aa1b1397757a0be6b1966af61eb39824375af12547343f1839e065155682a
Cattle_Hariana,train,train\Cattle_Hariana\7d8932c9cbb57699.jpg,Dataset\Cattle Breeds\Hariana\Hariana_39.jpg,7d8932c9cbb57699dfc39751e8a13ca8d402809fc4169410e20c7b0122ccdca6
Cattle_Kangayam,test,test\Cattle_Kangayam\84fa1752f86dc4bd.jpg,Dataset\Cattle Breeds\Kangayam\Kangayam_83.jpg,84fa1752f86dc4bd62cedbd805524c2d24238333775528bde21d1e40d8d0c557
Cattle_Kangayam,test,test\Cattle_Kangayam\d5e34c71609841f6.jpg,Dataset\Cattle Breeds\Kangayam\Kangayam_97.jpg,d5e34c71609841f6ae905ce72f9f685da6c0cdbcbcbccfed53ea4adf37f1d74c
Cattle_Kangayam,test,test\Cattle_Kangayam\dab154c3d954f5e3.jpg,Dataset\Cattle Breeds\Kangayam\Kangayam_31.jpg,dab154c3d954f5e33f0d60a3e4ac354fd1d133eb7b7fa3ea7353a3d246289ffe
Cattle_Kangayam,test,test\Cattle_Kangayam\0389b33df894ec9b.jpg,Dataset\Cattle Breeds\Kangayam\Kangayam_98.png,0389b33df894ec9be7117058abbad31414995a72802af3c137555b49ecdeec8f
Cattle_Kangayam,test,test\Cattle_Kangayam\567c0c774d3621a4.jpg,Dataset\Cattle Breeds\Kangayam\Kangayam_13.jpg,567c0c774d3621a450d72cd02793b4f48861b3dcf469a43fc53d54e419117248
Cattle_Kangayam,test,test\Cattle_Kangayam\53c3eedd29d38329.jpg,Dataset\Cattle Breeds\Kangayam\Kangayam_35.jpg,53c3eedd29d383291daaeadaeef6d3b14c079519d0a63220025f00f40d7fbdb6
Cattle_Kangayam,test,test\Cattle_Kangayam\ab376e02934a5d70.jpg,Dataset\Cattle Breeds\Kangayam\Kangayam_72.jpg,ab376e02934a5d70a3499a476604ca53a0f0ae509831c6a95876fd0066749b8b
Cattle_Kangayam,test,test\Cattle_Kangayam\00333b9e78d89dc0.jpg,Dataset\Cattle Breeds\Kangayam\Kangayam_49.jpg,00333b9e78d89dc01a1f241b54d2ab7cdde9f2594fdb78b5a2d2e6809d3f901f
Cattle_Kangayam,test,test\Cattle_Kangayam\2afb963d82607667.jpg,Dataset\Cattle Breeds\Kangayam\Kangayam_76.jpg,2afb963d82607667347df555987fc446f38873eddf84c546ece7f1a80f947b71
Cattle_Kangayam,test,test\Cattle_Kangayam\d57eeeabfc6bc3a0.jpg,Dataset\Cattle Breeds\Kangayam\Kangayam_38.jpg,d57eeeabfc6bc3a0ec5ba25c27faefeb31cc683585ee1a59c2b6e6e7e0295585
Cattle_Kangayam,test,test\Cattle_Kangayam\e0568f14a3f62973.jpg,Dataset\Cattle Breeds\Kangayam\Kangayam_34.jpg,e0568f14a3f6297316beca92fdcd79306f98a3715ad8d13b64bc82360dd3498c
Cattle_Kangayam,test,test\Cattle_Kangayam\8b85ddcbbe54b022.jpg,Dataset\Cattle Breeds\Kangayam\Kangayam_48.jpg,8b85ddcbbe54b02264db96be2784b6ac0f0d8c5e605545e2aca44ca6ef924ed2
Cattle_Kangayam,test,test\Cattle_Kangayam\84e1ad659f671171.jpg,Dataset\Cattle Breeds\Kangayam\Kangayam_84.png,84e1ad659f67117155b6b31ffeadf08386ae0e07d98c5545d05af209fdbba59c
Cattle_Kangayam,test,test\Cattle_Kangayam\0a745fd041100661.jpg,Dataset\Cattle Breeds\Kangayam\Kangayam_32.jpg,0a745fd04110066198eeefc39506b027414d7633e5c18cf9ea926a85698c9f1b
Cattle_Kangayam,val,val\Cattle_Kangayam\d2bfdd6bc3f4a2f3.jpg,Dataset\Cattle Breeds\Kangayam\Kangayam_91.jpg,d2bfdd6bc3f4a2f36ff3d7e181e212d79ba6a9bea8cf89080bc135e7380d7fed
Cattle_Kangayam,val,val\Cattle_Kangayam\d40a4aa5a36f9fa5.jpg,Dataset\Cattle Breeds\Kangayam\Kangayam_27.jpg,d40a4aa5a36f9fa5cd05ade883bee322abc34d098be5e5db1f3c0710ca544784
Cattle_Kangayam,val,val\Cattle_Kangayam\e654161c2132b219.jpg,Dataset\Cattle Breeds\Kangayam\Kangayam_56.png,e654161c2132b21947e9ee81263cdd975b6c5946c171ee9f29938562a7f1c3d2
Cattle_Kangayam,val,val\Cattle_Kangayam\36befbe9d6c1879a.jpg,Dataset\Cattle Breeds\Kangayam\Kangayam_81.png,36befbe9d6c1879a9d194242c1abb17510f31ced43c10c3cecd252affc78c8ed
Cattle_Kangayam,val,val\Cattle_Kangayam\be4dd0fd9ff051fc.jpg,Dataset\Cattle Breeds\Kangayam\Kangayam_37.jpg,be4dd0fd9ff051fc898dcca56178cafae44829b3a33bd022c9a947bf442be8a7
Cattle_Kangayam,val,val\Cattle_Kangayam\b57104e9cf335ab3.jpg,Dataset\Cattle Breeds\Kangayam\Kangayam_71.jpg,b57104e9cf335ab3ba666cdc388124803b9b41572c607bf0fcb9939ed53d2541
Cattle_Kangayam,val,val\Cattle_Kangayam\2905b5973e356724.jpg,Dataset\Cattle Breeds\Kangayam\Kangayam_92.jpg,2905b5973e3567248696a02491b18482d59e8c3a4e9aa7883a400a6ec042fb10
Cattle_Kangayam,val,val\Cattle_Kangayam\1e78ca0715397b86.jpg,Dataset\Cattle Breeds\Kangayam\Kangayam_51.jpg,1e78ca0715397b865551b5c05f1e5350142f8db7e3add90ec8b606a7c2cdb3b3
Cattle_Kangayam,val,val\Cattle_Kangayam\8191e6425b24123d.jpg,Dataset\Cattle Breeds\Kangayam\Kangayam_90.jpg,8191e6425b24123df37106e43293079cc1862f0814ff7efd40f11f32bba742c1
Cattle_Kangayam,val,val\Cattle_Kangayam\f354ca390adcb750.jpg,Dataset\Cattle Breeds\Kangayam\Kangayam_3.jpg,f354ca390adcb7506609b612b867bb68347f077825e21e8395273fd4726ab742
Cattle_Kangayam,val,val\Cattle_Kangayam\6b056135c6502d73.jpg,Dataset\Cattle Breeds\Kangayam\Kangayam_60.jpg,6b056135c6502d7380ca5fc21d2cdcc691eb21c34d3d5bf014b8ebf7c72efd1b
Cattle_Kangayam,val,val\Cattle_Kangayam\f5ba5de5a1eed28f.jpg,Dataset\Cattle Breeds\Kangayam\Kangayam_58.jpg,f5ba5de5a1eed28fe883f7cd72b3f9976e7b1f607b9074fa9fff2b309d8a9b5c
Cattle_Kangayam,val,val\Cattle_Kangayam\1d2645b6692f122a.jpg,Dataset\Cattle Breeds\Kangayam\Kangayam_45.jpg,1d2645b6692f122adbc789de3a03f3520f4b569cc8a4a70e328d8ceea3250081
Cattle_Kangayam,val,val\Cattle_Kangayam\e902b302b0cee476.jpg,Dataset\Cattle Breeds\Kangayam\Kangayam_12.jpg,e902b302b0cee47665638704dfa3a42e083bfcb902183290a38f7a3f63bb9488
Cattle_Kangayam,train,train\Cattle_Kangayam\518c1c1bcabfe968.jpg,Dataset\Cattle Breeds\Kangayam\Kangayam_39.jpg,518c1c1bcabfe9687c4119655838788c243a32b5968020ba983a4dda1fdd2f23
Cattle_Kangayam,train,train\Cattle_Kangayam\4a4ed2fe6ea08aa2.jpg,Dataset\Cattle Breeds\Kangayam\Kangayam_17.jpg,4a4ed2fe6ea08aa2699f5d1ccea652cdc6c6f0627d29b54e6b9c50c6be18faae
Cattle_Kangayam,train,train\Cattle_Kangayam\63edd8201e420cc3.jpg,Dataset\Cattle Breeds\Kangayam\Kangayam_25.jpg,63edd8201e420cc3a2871aa1cbb14399d2c4440a7453ddafaa9bc0bdab1019b3
Cattle_Kangayam,train,train\Cattle_Kangayam\61375fa133d2ac9b.jpg,Dataset\Cattle Breeds\Kangayam\Kangayam_68.jpg,61375fa133d2ac9b6b4ccdf1d36b820158aeac59aff5f38b5f49c67a45520d5a
Cattle_Kangayam,train,train\Cattle_Kangayam\5d97489d8b1d50a5.jpg,Dataset\Cattle Breeds\Kangayam\Kangayam_29.jpg,5d97489d8b1d50a5e0a36f97e8bbf83ce81d72ad9a0c0abb7e03158eafe97787
Cattle_Kangayam,train,train\Cattle_Kangayam\d9bead7f5a81babf.jpg,Dataset\Cattle Breeds\Kangayam\Kangayam_5.jpg,d9bead7f5a81babf27bcc21ca54a99b8b31f54ee5c6cdd02512e2fca09248f8f
Cattle_Kangayam,train,train\Cattle_Kangayam\46f6ff8f650cc46d.jpg,Dataset\Cattle Breeds\Kangayam\Kangayam_46.jpg,46f6ff8f650cc46ddb7b4a4751901ee16809c0bbcce0e1e2ddb1abadf54f96e7
Cattle_Kangayam,train,train\Cattle_Kangayam\b031d81cc97998d4.jpg,Dataset\Cattle Breeds\Kangayam\Kangayam_10.jpg,b031d81cc97998d46474c12ccf34c4fa2562962ab84a528dbaba035629dddef4
Cattle_Kangayam,train,train\Cattle_Kangayam\4ffc182f7493b403.jpg,Dataset\Cattle Breeds\Kangayam\Kangayam_79.jpg,4ffc182f7493b4039d834c7b1fb1d835586633efc032a5d9eb7f2583c8112777
Cattle_Kangayam,train,train\Cattle_Kangayam\b298a7a0b1e9843f.jpg,Dataset\Cattle Breeds\Kangayam\Kangayam_73.jpg,b298a7a0b1e9843fdebeef8c021ac395d9d99e57f6bb09f93bac6819282612f2
Cattle_Kangayam,train,train\Cattle_Kangayam\65d48c2dd00e29b8.jpg,Dataset\Cattle Breeds\Kangayam\Kangayam_23.jpg,65d48c2dd00e29b82e018cb78d4bc0ecc903bf9759549a8a43064fc828efdfd3
Cattle_Kangayam,train,train\Cattle_Kangayam\53494b67294fbeee.jpg,Dataset\Cattle Breeds\Kangayam\Kangayam_4.jpg,53494b67294fbeee175d2e41e518d40e140a6cacf097d8b41848e2b36ce52b46
Cattle_Kangayam,train,train\Cattle_Kangayam\62d31dd35e838f82.jpg,Dataset\Cattle Breeds\Kangayam\Kangayam_74.jpg,62d31dd35e838f829c80c2c49b56117cc467e490df1c89c99441acac6565f626
Cattle_Kangayam,train,train\Cattle_Kangayam\4084e8eef24c5945.jpg,Dataset\Cattle Breeds\Kangayam\Kangayam_8.jpg,4084e8eef24c594578c444ff625f6148baf17f4fc270218d27b36aabba6fdf76
Cattle_Kangayam,train,train\Cattle_Kangayam\6ebb106fff242f1c.jpg,Dataset\Cattle Breeds\Kangayam\Kangayam_24.jpg,6ebb106fff242f1cc87bae787f17755d463c3679f73d556b79349dc16bd54d27
Cattle_Kangayam,train,train\Cattle_Kangayam\7669b8c41a78cf5a.jpg,Dataset\Cattle Breeds\Kangayam\Kangayam_1.JPG,7669b8c41a78cf5a1a0bd1c69c3c9773843983c35ff5b893e677f53314af1ec0
Cattle_Kangayam,train,train\Cattle_Kangayam\a27e105249581f40.jpg,Dataset\Cattle Breeds\Kangayam\Kangayam_44.jpg,a27e105249581f40b92f45380e019ba807bb128dc09b93210bf269b5fee4f496
Cattle_Kangayam,train,train\Cattle_Kangayam\919da21179355134.jpg,Dataset\Cattle Breeds\Kangayam\Kangayam_16.jpg,919da21179355134298f36db4da6a92ac344600ac4919f955bb3c6ec5dc25290
Cattle_Kangayam,train,train\Cattle_Kangayam\e4e3b25d13268e97.jpg,Dataset\Cattle Breeds\Kangayam\Kangayam_69.jpg,e4e3b25d13268e9773979e5ba2b6b412d0a87d42046ce668ffa9c82e3fed5a78
Cattle_Kangayam,train,train\Cattle_Kangayam\525b1c5b3d4c5496.jpg,Dataset\Cattle Breeds\Kangayam\Kangayam_21.jpg,525b1c5b3d4c5496e93cf2df5a264d9594f273643fa36d1cbc39bb9fa57d80f7
Cattle_Kangayam,train,train\Cattle_Kangayam\f37d9c36b8ba1e82.jpg,Dataset\Cattle Breeds\Kangayam\Kangayam_64.jpg,f37d9c36b8ba1e82e816f3f955107ce6209c985494013306e645d63a4fac4170
Cattle_Kangayam,train,train\Cattle_Kangayam\40fb7c44dde81541.jpg,Dataset\Cattle Breeds\Kangayam\Kangayam_42.jpg,40fb7c44dde81541ce85c4151bc7cff1820fe83e4e575d854ec79244131cdb51
Cattle_Kangayam,train,train\Cattle_Kangayam\acade192a27a3a52.jpg,Dataset\Cattle Breeds\Kangayam\Kangayam_62.jpg,acade192a27a3a52df4a3ac44e39c1d15d6ae2f7861536ddc9357ad139a92588
Cattle_Kangayam,train,train\Cattle_Kangayam\216f332e05e034f3.jpg,Dataset\Cattle Breeds\Kangayam\Kangayam_80.jpg,216f332e05e034f33e336ed59d8bef0222dabd7b039044af9915b7640a15f104
Cattle_Kangayam,train,train\Cattle_Kangayam\6b2aac7811e454c6.jpg,Dataset\Cattle Breeds\Kangayam\Kangayam_55.jpg,6b2aac7811e454c6eed50d9f59035faacca1f202253cd95fe7d221eb82224242
Cattle_Kangayam,train,train\Cattle_Kangayam\941eed01c4721458.jpg,Dataset\Cattle Breeds\Kangayam\Kangayam_96.jpg,941eed01c47214582c9e3893a5641e589c0f0c55643fcc1c26e3788ffee18a78
Cattle_Kangayam,train,train\Cattle_Kangayam\3ab6ca1e53e0472f.jpg,Dataset\Cattle Breeds\Kangayam\Kangayam_89.jpg,3ab6ca1e53e0472f533cfd60f0759bd67adae86a820f32721623e3d5b92f78d7
Cattle_Kangayam,train,train\Cattle_Kangayam\43ce7bbe74b8a34d.jpg,Dataset\Cattle Breeds\Kangayam\Kangayam_20.jpg,43ce7bbe74b8a34d7a4a884b3496f3eae19c7dae583459bad2e7dacde1e810d4
Cattle_Kangayam,train,train\Cattle_Kangayam\11907bbfc0aa14c3.jpg,Dataset\Cattle Breeds\Kangayam\Kangayam_41.jpg,11907bbfc0aa14c37be41852d2d0a7c6df8409164ea1b19c73faa9abd7ee0d9a
Cattle_Kangayam,train,train\Cattle_Kangayam\7a511725631eb327.jpg,Dataset\Cattle Breeds\Kangayam\Kangayam_7.jpg,7a511725631eb32786fd55abe332523b0e072d4e2564af85c8c099e827d617d5
Cattle_Kangayam,train,train\Cattle_Kangayam\f576069061d44171.jpg,Dataset\Cattle Breeds\Kangayam\Kangayam_15.jpg,f576069061d44171ca6ec8aa3eada96af025f0df8e2583d40e6abfdd1d2f9baa
Cattle_Kangayam,train,train\Cattle_Kangayam\bf6c907bbb8dde1c.jpg,Dataset\Cattle Breeds\Kangayam\Kangayam_75.jpg,bf6c907bbb8dde1ce998e420e1e608fc493251d9f6e4c5a1fe52746497eb6210
Cattle_Kangayam,train,train\Cattle_Kangayam\30daec3eb9de742a.jpg,Dataset\Cattle Breeds\Kangayam\Kangayam_28.jpg,30daec3eb9de742a413b9c2a392b05ac1656cafda103bafcc445b830aed16330
Cattle_Kangayam,train,train\Cattle_Kangayam\8efd298e78c8fd90.jpg,Dataset\Cattle Breeds\Kangayam\Kangayam_78.jpg,8efd298e78c8fd90325d46da4d2fdd56478036b79ba7a785986ec222508feb65
Cattle_Kangayam,train,train\Cattle_Kangayam\95a9df6ac05683c9.jpg,Dataset\Cattle Breeds\Kangayam\Kangayam_101.jpg,95a9df6ac05683c963ee0a106a4c7ef74462104886cad5002bacb91ce0017307
Cattle_Kangayam,train,train\Cattle_Kangayam\44b9baf6e02e6cd4.jpg,Dataset\Cattle Breeds\Kangayam\Kangayam_100.jpg,44b9baf6e02e6cd4c82b8c7eff4d448910ca499ef12466a9d57745caef238c55
Cattle_Kangayam,train,train\Cattle_Kangayam\eb3ad098640649ca.jpg,Dataset\Cattle Breeds\Kangayam\Kangayam_87.jpg,eb3ad098640649caa09d496ae04d5f39b55012f83848eb444288b4b78366f78d
Cattle_Kangayam,train,train\Cattle_Kangayam\ae79e2b766176875.jpg,Dataset\Cattle Breeds\Kangayam\Kangayam_18.png,ae79e2b766176875891b2542bb9b00c261cddb3cc4a6dd37d4cc692ac643e775
Cattle_Kangayam,train,train\Cattle_Kangayam\df41af8395ab3ed8.jpg,Dataset\Cattle Breeds\Kangayam\Kangayam_66.jpg,df41af8395ab3ed881b999039770d4c73a59bf3ac5161a98967e653341725e51
Cattle_Kangayam,train,train\Cattle_Kangayam\c07338fe12187853.jpg,Dataset\Cattle Breeds\Kangayam\Kangayam_22.jpg,c07338fe121878531b0fb46b3aea2441eb206bca23628fc41674ff0c3cc6e8ec
Cattle_Kangayam,train,train\Cattle_Kangayam\3c782a46b467cebb.jpg,Dataset\Cattle Breeds\Kangayam\Kangayam_30.jpg,3c782a46b467cebb1260bb82d63429b40a4ee548cade80396a313aece0553607
Cattle_Kangayam,train,train\Cattle_Kangayam\76927ba9a5cc3bb2.jpg,Dataset\Cattle Breeds\Kangayam\Kangayam_95.jpg,76927ba9a5cc3bb2718da1f8498e4ac7a622cf26c3f5075f28a6a7c9658c0df8
Cattle_Kangayam,train,train\Cattle_Kangayam\66ffcc430f69a873.jpg,Dataset\Cattle Breeds\Kangayam\Kangayam_57.jpg,66ffcc430f69a87322569f11d40f3c278a09ce17b01bc2f95ce6cdfbce3d8ce4
Cattle_Kangayam,train,train\Cattle_Kangayam\e17e751874cf22f2.jpg,Dataset\Cattle Breeds\Kangayam\Kangayam_14.jpg,e17e751874cf22f2972e7999d8cde80e5b6a76faeab8df1ce64cadf77bf58a99
Cattle_Kangayam,train,train\Cattle_Kangayam\884754b0c6bd45a0.jpg,Dataset\Cattle Breeds\Kangayam\Kangayam_52.jpg,884754b0c6bd45a04bcd14d24bcacbc93e40efa3a2522481db76523a2766f468
Cattle_Kangayam,train,train\Cattle_Kangayam\34ddd9e95ce884f9.jpg,Dataset\Cattle Breeds\Kangayam\Kangayam_77.jpg,34ddd9e95ce884f951610d39f834b66201723235538e7a8da457ccb10a502a8b
Cattle_Kangayam,train,train\Cattle_Kangayam\2945d354fe15024e.jpg,Dataset\Cattle Breeds\Kangayam\Kangayam_88.png,2945d354fe15024e34f492fb6a18b0816c0145ffa17e3cb5bd51096cd4d0fdad
Cattle_Kangayam,train,train\Cattle_Kangayam\d78163447dd5b2d9.jpg,Dataset\Cattle Breeds\Kangayam\Kangayam_94.jpg,d78163447dd5b2d91b67101e0dab4503a09d0b3a5cb690cc9fb50ae7bb31ef03
Cattle_Kangayam,train,train\Cattle_Kangayam\fe01c3a67bb944b4.jpg,Dataset\Cattle Breeds\Kangayam\Kangayam_53.jpg,fe01c3a67bb944b4862263b6548b47b009f40c4d81fc380a248e197dc22774b9
Cattle_Kangayam,train,train\Cattle_Kangayam\bf28942707ac8533.jpg,Dataset\Cattle Breeds\Kangayam\Kangayam_36.jpg,bf28942707ac853350fa6f2916f53f5d7c48ec3ac4c42f1515595280cdfd9125
Cattle_Kangayam,train,train\Cattle_Kangayam\f0f12da028587127.jpg,Dataset\Cattle Breeds\Kangayam\Kangayam_86.png,f0f12da02858712788a66246896801721c3b0005e87233f9dc976934f1fdba16
Cattle_Kangayam,train,train\Cattle_Kangayam\5f98d360400820b5.jpg,Dataset\Cattle Breeds\Kangayam\Kangayam_63.jpg,5f98d360400820b517bc39a0f60059d2a0fad451ca9307d2b06a61f9062c143e
Cattle_Kangayam,train,train\Cattle_Kangayam\4bc159498f05cfa7.jpg,Dataset\Cattle Breeds\Kangayam\Kangayam_33.jpg,4bc159498f05cfa776ae4819f515414359dc1c27e2bc50111cd31965c8720fbd
Cattle_Kangayam,train,train\Cattle_Kangayam\93d8559be69c8442.jpg,Dataset\Cattle Breeds\Kangayam\Kangayam_54.jpg,93d8559be69c844232b9504bc80617707bdb8e3db0eeb2fdd91e43a7ea168040
Cattle_Kangayam,train,train\Cattle_Kangayam\130be273aed0a40f.jpg,Dataset\Cattle Breeds\Kangayam\Kangayam_11.jpg,130be273aed0a40ff5379b77d67965addc62189f26c723a45aa5573fb0f5bfa4
Cattle_Kangayam,train,train\Cattle_Kangayam\49b5c0835c95dac3.jpg,Dataset\Cattle Breeds\Kangayam\Kangayam_40.jpg,49b5c0835c95dac3bb8185bf323b03e5b17d2fe1c6d2475de102ec11ef0a685a
Cattle_Kangayam,train,train\Cattle_Kangayam\38de4fb86e8f883f.jpg,Dataset\Cattle Breeds\Kangayam\Kangayam_59.jpg,38de4fb86e8f883fdaa832bad928fa3454f091cf7d8db4edb2882646c47aad74
Cattle_Kangayam,train,train\Cattle_Kangayam\54d754af2fef5df3.jpg,Dataset\Cattle Breeds\Kangayam\Kangayam_85.png,54d754af2fef5df3bbab2a5954f719d80c72ae20b4f6feda891a87fbce950334
Cattle_Kangayam,train,train\Cattle_Kangayam\4df615194bfc0f15.jpg,Dataset\Cattle Breeds\Kangayam\Kangayam_70.jpg,4df615194bfc0f1533166fc9483e0bf7b05405d8fbceb9379deb70af94b70b79
Cattle_Kangayam,train,train\Cattle_Kangayam\272d104e58ad8e7a.jpg,Dataset\Cattle Breeds\Kangayam\Kangayam_2.jpg,272d104e58ad8e7ab5b6c2005f08ab6ee7e144bdbe4a2419d1135c644695d8f1
Cattle_Kangayam,train,train\Cattle_Kangayam\7543addcbc8d0c1b.jpg,Dataset\Cattle Breeds\Kangayam\Kangayam_9.jpg,7543addcbc8d0c1bf304caccc3dfb7d4342d28aaab2edc5998094eb5cd5f8512
Cattle_Kangayam,train,train\Cattle_Kangayam\e262762377600658.jpg,Dataset\Cattle Breeds\Kangayam\Kangayam_6.jpg,e26276237760065800b0ab036df37d85ee5ddf6c0ab34aae70c63301c1761f55
Cattle_Kangayam,train,train\Cattle_Kangayam\72ee3093c6605c8d.jpg,Dataset\Cattle Breeds\Kangayam\Kangayam_26.jpg,72ee3093c6605c8d5d236dce280c920081ef0795b2dbbbd1c1ad37cc1eb16d94
Cattle_Kangayam,train,train\Cattle_Kangayam\b352f1953fb10f22.jpg,Dataset\Cattle Breeds\Kangayam\Kangayam_82.png,b352f1953fb10f22a81226a70c76235fd0cc04096c4230df0f395bd9a87b3bd5
Cattle_Kankrej,test,test\Cattle_Kankrej\eca566bab6a6fa16.jpg,Dataset\Cattle Breeds\Kankrej\Kankrej_90.jpg,eca566bab6a6fa168b795e5bc41cd0e5aa1f0013f3777dbf3451552db0b70eda
Cattle_Kankrej,test,test\Cattle_Kankrej\016b8ffede090083.jpg,Dataset\Cattle Breeds\Kankrej\Kankrej_13.png,016b8ffede09008364e1e280bc9effbda17936904875fccb579d86cabe5ba7da
Cattle_Kankrej,test,test\Cattle_Kankrej\dbe97ea4067d5d71.jpg,Dataset\Cattle Breeds\Kankrej\Kankrej_2.JPG,dbe97ea4067d5d7131a676f045f16df8fe0454cc1b22210bd6d384ff0941773f
Cattle_Kankrej,test,test\Cattle_Kankrej\5fc51b1c8714419d.jpg,Dataset\Cattle Breeds\Kankrej\Kankrej_78.png,5fc51b1c8714419dc6bcbd6bf9a5269b19e510f95241e418f03a304d5c61ea52
Cattle_Kankrej,test,test\Cattle_Kankrej\940af96b9b96c58a.jpg,Dataset\Cattle Breeds\Kankrej\Kankrej_101.jpg,940af96b9b96c58a46c24f6773d9a50f237b030aeb01ec1110a11e47af7914ae
Cattle_Kankrej,test,test\Cattle_Kankrej\b39e0121807bda02.jpg,Dataset\Cattle Breeds\Kankrej\Kankrej_55.png,b39e0121807bda0259b66d73f45818c4082fc600ecf20c530babf9835e71f112
Cattle_Kankrej,test,test\Cattle_Kankrej\e83d003a83463fdc.jpg,Dataset\Cattle Breeds\Kankrej\Kankrej_98.jpg,e83d003a83463fdc0922e03e3ffe504679ba0bffe4cdf957a33a184d0ae6c1b5
Cattle_Kankrej,test,test\Cattle_Kankrej\a326c1201abe16bc.jpg,Dataset\Cattle Breeds\Kankrej\Kankrej_162.jpg,a326c1201abe16bc91b9aa50549886ac7c40170c907f732ae097238e4c953842
Cattle_Kankrej,test,test\Cattle_Kankrej\1d46812f26960873.jpg,Dataset\Cattle Breeds\Kankrej\Kankrej_157.jpg,1d46812f26960873f0c089ad66ce8cf65ae420bebd27b68744814eaa46f4eae7
Cattle_Kankrej,test,test\Cattle_Kankrej\e9016f868942a440.jpg,Dataset\Cattle Breeds\Kankrej\Kankrej_92.jpg,e9016f868942a44012804b5feeb4c006544616b271505274ada90368678aa95b
Cattle_Kankrej,test,test\Cattle_Kankrej\8b66f151d470bcd8.jpg,Dataset\Cattle Breeds\Kankrej\Kankrej_152.jpg,8b66f151d470bcd831ddcd610134dbda2fdc8ed108953fb7860be8ecc6e609ff
Cattle_Kankrej,test,test\Cattle_Kankrej\2c9f30b3ebc67972.jpg,Dataset\Cattle Breeds\Kankrej\Kankrej_171.png,2c9f30b3ebc67972d63d14ddac567d4664cb2f931209d1bdc17b7f4a8074606e
Cattle_Kankrej,test,test\Cattle_Kankrej\b82637f5af461445.jpg,Dataset\Cattle Breeds\Kankrej\Kankrej_153.jpg,b82637f5af4614454087546315553f22ea545d5b1e88d870f1a230c82c1e166e
Cattle_Kankrej,test,test\Cattle_Kankrej\1e362e8aa0005afc.jpg,Dataset\Cattle Breeds\Kankrej\Kankrej_17.jpg,1e362e8aa0005afc0140f6a70673eca87c284adb19ed52d055d131a69c5299dd
Cattle_Kankrej,test,test\Cattle_Kankrej\1ea63187ecff03de.jpg,Dataset\Cattle Breeds\Kankrej\Kankrej_81.png,1ea63187ecff03dee25c27265f3f5c210b22628e2913fe62314722bcebcc628d
Cattle_Kankrej,test,test\Cattle_Kankrej\4695398faecaaae1.jpg,Dataset\Cattle Breeds\Kankrej\Kankrej_137.jpg,4695398faecaaae17d04377ecfa0574e45f18b389ebadf98d374df6de4c21033
Cattle_Kankrej,test,test\Cattle_Kankrej\d9fca743c8c16f90.jpg,Dataset\Cattle Breeds\Kankrej\Kankrej_61.jpg,d9fca743c8c16f908c66ae6a4ffebd871d1ba2e3d9d4db6282f086f4fa2200f6
Cattle_Kankrej,test,test\Cattle_Kankrej\e0a1e1e8a8543c8c.jpg,Dataset\Cattle Breeds\Kankrej\Kankrej_43.jpg,e0a1e1e8a8543c8c98afb73890bb063825d549a9755fe85f3e8100ec5ccd1f39
Cattle_Kankrej,test,test\Cattle_Kankrej\16063dd21a7dbb9c.jpg,Dataset\Cattle Breeds\Kankrej\Kankrej_166.jpg,16063dd21a7dbb9cd9e28f0d1d0619984849272f4b581d9bc186e4fb923307b9
Cattle_Kankrej,test,test\Cattle_Kankrej\d65493d94cf14db6.jpg,Dataset\Cattle Breeds\Kankrej\Kankrej_147.jpg,d65493d94cf14db6f4a97fb6b1fdd81fb2e46d191768fbecb7bacc05b740cdea
Cattle_Kankrej,test,test\Cattle_Kankrej\8a970ca1249e21f9.jpg,Dataset\Cattle Breeds\Kankrej\Kankrej_33.png,8a970ca1249e21f9462df7a84ac900ce624f5634e614064f866cbaf180f9c09f
Cattle_Kankrej,test,test\Cattle_Kankrej\5e9ac186aa3e9cba.jpg,Dataset\Cattle Breeds\Kankrej\Kankrej_97.gif,5e9ac186aa3e9cbafab5acfdd70b0e2863f00a2bd1156dc10d33bfe1cd232491
Cattle_Kankrej,test,test\Cattle_Kankrej\e535d24dbca51bff.jpg,Dataset\Cattle Breeds\Kankrej\Kankrej_57.png,e535d24dbca51bff772563e9805e6ae8a03a9f0f985a52c94a060755a938df9c
Cattle_Kankrej,test,test\Cattle_Kankrej\e2f1254d5499ccf8.jpg,Dataset\Cattle Breeds\Kankrej\Kankrej_72.png,e2f1254d5499ccf8f5d1a74da43fad2d1a7b3e971ccc2104e6fe02af4642a420
Cattle_Kankrej,test,test\Cattle_Kankrej\a8199259c043592b.jpg,Dataset\Cattle Breeds\Kankrej\Kankrej_50.png,a8199259c043592bb0b023fdddb9ae51d2977e52b285fe1bd9c1be92520e70c5
Cattle_Kankrej,val,val\Cattle_Kankrej\510be34812614159.jpg,Dataset\Cattle Breeds\Kankrej\Kankrej_154.jpg,510be3481261415927050d9434e982f3a4364e11b0c53aec54ca0ee8044482e8
Cattle_Kankrej,val,val\Cattle_Kankrej\38bfd6a33ec9496e.jpg,Dataset\Cattle Breeds\Kankrej\Kankrej_86.png,38bfd6a33ec9496e4d0ec207532de9cdc5bba83b5aac74dafdf40bede38d60eb
Cattle_Kankrej,val,val\Cattle_Kankrej\04f755e327f7a30e.jpg,Dataset\Cattle Breeds\Kankrej\Kankrej_60.png,04f755e327f7a30e65c074c7239e671ac6ae7e1a71989f9da375cc113baaef07
Cattle_Kankrej,val,val\Cattle_Kankrej\b71567c36fb28176.jpg,Dataset\Cattle Breeds\Kankrej\Kankrej_155.jpg,b71567c36fb28176f83a4fb7e98e7810fd85181a1714ba91b1b4f1fefdc5cada
Cattle_Kankrej,val,val\Cattle_Kankrej\cceed6892b4cdb63.jpg,Dataset\Cattle Breeds\Kankrej\Kankrej_67.png,cceed6892b4cdb63ade2e15b7650af5cc0d173f16016bb0248a463a62f4b2b0c
Cattle_Kankrej,val,val\Cattle_Kankrej\02bfb5222040a9ad.jpg,Dataset\Cattle Breeds\Kankrej\Kankrej_169.jpg,02bfb5222040a9adde41bc384bea991252812416fa8d99b55c7d951363fb807b
Cattle_Kankrej,val,val\Cattle_Kankrej\d8ff8aa820f0504b.jpg,Dataset\Cattle Breeds\Kankrej\Kankrej_138.jpg,d8ff8aa820f0504bb3158cc19321273bdad98be75cdd4f16285c3facd1757dda
Cattle_Kankrej,val,val\Cattle_Kankrej\b14d66b2c81077a7.jpg,Dataset\Cattle Breeds\Kankrej\Kankrej_29.jpg,b14d66b2c81077a7e278a79c46ab1e02b6ba93285c53f89ae688a9cd336bfc75
Cattle_Kankrej,val,val\Cattle_Kankrej\04f1644d49a27734.jpg,Dataset\Cattle Breeds\Kankrej\Kankrej_18.png,04f1644d49a27734bd1e816f657f6f76f8ee3d4af26525e23ffde8bea13f242c
Cattle_Kankrej,val,val\Cattle_Kankrej\c71d9d2fa2bcc1b1.jpg,Dataset\Cattle Breeds\Kankrej\Kankrej_126.jpg,c71d9d2fa2bcc1b1f7e0f896b3ca0dcad461bad89eab4c90719e489a8de8e94a
Cattle_Kankrej,val,val\Cattle_Kankrej\6b643fa5bba02734.jpg,Dataset\Cattle Breeds\Kankrej\Kankrej_16.png,6b643fa5bba02734211f21ab15598653897381a155a73a5c654968f139453674
Cattle_Kankrej,val,val\Cattle_Kankrej\ce639ee40a8aeb27.jpg,Dataset\Cattle Breeds\Kankrej\Kankrej_170.jpg,ce639ee40a8aeb27a00c5fb0461bc010382b40a1681297744288f57c7356b890
Cattle_Kankrej,val,val\Cattle_Kankrej\8767a2e553308c6e.jpg,Dataset\Cattle Breeds\Kankrej\Kankrej_150.jpg,8767a2e553308c6ef5f84c196ad7476e6ec8e49853ec5d83300d1a03e62439bc
Cattle_Kankrej,val,val\Cattle_Kankrej\3c83c27030297a40.jpg,Dataset\Cattle Breeds\Kankrej\Kankrej_74.jpg,3c83c27030297a408876618b164857216440d9a250aae2f0ebb1749f41b9896a
Cattle_Kankrej,val,val\Cattle_Kankrej\d93e9099d7a923fe.jpg,Dataset\Cattle Breeds\Kankrej\Kankrej_176.jpg,d93e9099d7a923fea4deae226d34982ce03e0e62bf9c633bea0809ec13317870
Cattle_Kankrej,val,val\Cattle_Kankrej\1087f5f33d850e99.jpg,Dataset\Cattle Breeds\Kankrej\Kankrej_71.png,1087f5f33d850e990ee9d36c807be6c129b1ed3e62305e08f32b3ec8bc54c3be
Cattle_Kankrej,val,val\Cattle_Kankrej\51520294ae8f1a5c.jpg,Dataset\Cattle Breeds\Kankrej\Kankrej_144.jpg,51520294ae8f1a5c4647df10ed2842376bec76d1b90caf332f161ab809e03f89
Cattle_Kankrej,val,val\Cattle_Kankrej\a7bc4571283825ef.jpg,Dataset\Cattle Breeds\Kankrej\Kankrej_165.jpg,a7bc4571283825efa04ae505026133fe72847195b86dd272b80a7c67aa8482ba
Cattle_Kankrej,val,val\Cattle_Kankrej\ab44cf599abc0f5d.jpg,Dataset\Cattle Breeds\Kankrej\Kankrej_95.jpg,ab44cf599abc0f5d0c94d5a32ab4d227474c674a0d9b24b53a72c967ed5d4c5a
Cattle_Kankrej,val,val\Cattle_Kankrej\8bb71563687f95eb.jpg,Dataset\Cattle Breeds\Kankrej\Kankrej_28.jpg,8bb71563687f95eb2ea47ebdb1019f5421e417e766f14cec4cf5704149474824
Cattle_Kankrej,val,val\Cattle_Kankrej\6b82fe5a4071b20e.jpg,Dataset\Cattle Breeds\Kankrej\Kankrej_30.png,6b82fe5a4071b20e6b0b19787560cb3d25d6f86ca624679a826bde0cf49d046c
Cattle_Kankrej,val,val\Cattle_Kankrej\7665215938da244b.jpg,Dataset\Cattle Breeds\Kankrej\Kankrej_58.png,7665215938da244ba6d2efe913d8030be41daf9ab4704c00ece985514b24b2c2
Cattle_Kankrej,val,val\Cattle_Kankrej\6d593b458ef6a544.jpg,Dataset\Cattle Breeds\Kankrej\Kankrej_13.jpg,6d593b458ef6a544e44a58ec191863d9516741fe429317d7fb5fa1f29be02efa
Cattle_Kankrej,val,val\Cattle_Kankrej\5ec477ad19446c8b.jpg,Dataset\Cattle Breeds\Kankrej\Kankrej_79.jpg,5ec477ad19446c8b1c14cd7ad561217597de26d505e384fd8eb49a9a049db4ca
Cattle_Kankrej,val,val\Cattle_Kankrej\3b3f2b4b663bde6a.jpg,Dataset\Cattle Breeds\Kankrej\Kankrej_133.jpg,3b3f2b4b663bde6ad2b45ea1c9497a03d67d303662f67ac9b85d40a2a1e89d33
Cattle_Kankrej,train,train\Cattle_Kankrej\79634ebd5220a18a.jpg,Dataset\Cattle Breeds\Kankrej\Kankrej_7.jpeg,79634ebd5220a18a4bc309097018f25e6123c178ec7e4ef632602c69eba03964
Cattle_Kankrej,train,train\Cattle_Kankrej\65733b3e7ea59454.jpg,Dataset\Cattle Breeds\Kankrej\Kankrej_63.jpg,65733b3e7ea594544635b4c8f415bfce72af969ab60677eb2f16fd1b9bd80c02
Cattle_Kankrej,train,train\Cattle_Kankrej\3e16ad4d6eb22980.jpg,Dataset\Cattle Breeds\Kankrej\Kankrej_14.jpg,3e16ad4d6eb229806928e804a0e28642db0eedd72f016febfbbbc1aba836519b
Cattle_Kankrej,train,train\Cattle_Kankrej\3ae939e569c8ff5c.jpg,Dataset\Cattle Breeds\Kankrej\Kankrej_160.jpg,3ae939e569c8ff5c59baeb8009fe66aea8ed573872f66de27965288d12a58af8
Cattle_Kankrej,train,train\Cattle_Kankrej\38f92d020ba7b4e5.jpg,Dataset\Cattle Breeds\Kankrej\Kankrej_109.jpg,38f92d020ba7b4e5dfe3d4f485ecf926de8aa6bcccdf8871fc46c76db2219b13
Cattle_Kankrej,train,train\Cattle_Kankrej\3f4fe33dcdd276d4.jpg,Dataset\Cattle Breeds\Kankrej\Kankrej_10.jpg,3f4fe33dcdd276d4c696ce6b1e23acf429fa5dfdee4fffbb44dadd72afeb24fa
Cattle_Kankrej,train,train\Cattle_Kankrej\3f83c1f087029085.jpg,Dataset\Cattle Breeds\Kankrej\Kankrej_146.jpg,3f83c1f08702908592482421be2f7440dfce6f263d25ee76173691c64cd0a9ed
Cattle_Kankrej,train,train\Cattle_Kankrej\a455238a31dca633.jpg,Dataset\Cattle Breeds\Kankrej\Kankrej_21.png,a455238a31dca633108c8e7adf33e419276e46b28f31cbbf30ac002bdff18088
Cattle_Kankrej,train,train\Cattle_Kankrej\c79ca8d1e3dda27a.jpg,Dataset\Cattle Breeds\Kankrej\Kankrej_116.jpg,c79ca8d1e3dda27a86171dd297648099210d337b04514eaf2c72da39f23e0a67
Cattle_Kankrej,train,train\Cattle_Kankrej\11947e27548bd59a.jpg,Dataset\Cattle Breeds\Kankrej\Kankrej_105.jpg,11947e27548bd59a93d07eada33d6ebdc064e8aef2d1910ebb882e8769c2ff04
Cattle_Kankrej,train,train\Cattle_Kankrej\ae253ea0360bb7fb.jpg,Dataset\Cattle Breeds\Kankrej\Kankrej_8.jpg,ae253ea0360bb7fb5707a7c68b963f7252f0ef526d4cb50663040a1759a5f4fb
Cattle_Kankrej,train,train\Cattle_Kankrej\c66bb8984436c4bc.jpg,Dataset\Cattle Breeds\Kankrej\Kankrej_59.png,c66bb8984436c4bc3db7a028ca2d8c874987f04e72ebcb746927ed41c6f5d28a
Cattle_Kankrej,train,train\Cattle_Kankrej\9b440ac2b8170abe.jpg,Dataset\Cattle Breeds\Kankrej\Kankrej_4.JPG,9b440ac2b8170abe5a48dd0b5ed53e14b03492bcaf280e0a1921a6b3474e56b0
Cattle_Kankrej,train,train\Cattle_Kankrej\515eac4a12d955d1.jpg,Dataset\Cattle Breeds\Kankrej\Kankrej_96.jpg,515eac4a12d955d1ebd4b13be535146693cb8706d5a97c8780e7b322a50174ca
Cattle_Kankrej,train,train\Cattle_Kankrej\52f7974dcd00fa1c.jpg,Dataset\Cattle Breeds\Kankrej\Kankrej_93.jpg,52f7974dcd00fa1cb9d076e03886ece86290c515ccc64e671350f798e0ba95df
Cattle_Kankrej,train,train\Cattle_Kankrej\8f652920177f4c8e.jpg,Dataset\Cattle Breeds\Kankrej\Kankrej_1.JPG,8f652920177f4c8e66d411e4c8b73b9a34b2ba8b3128aba07ff91a0b5f2a6b0f
Cattle_Kankrej,train,train\Cattle_Kankrej\e3d0b89ae0e31744.jpg,Dataset\Cattle Breeds\Kankrej\Kankrej_87.jpg,e3d0b89ae0e31744d9d54ebd0555df207780bd1cb18a81951c88d421435d1416
Cattle_Kankrej,train,train\Cattle_Kankrej\f530de272d0a6e4e.jpg,Dataset\Cattle Breeds\Kankrej\Kankrej_149.jpg,f530de272d0a6e4ede01b97ff80285fc743677619c0c089f067d4607655709c0
Cattle_Kankrej,train,train\Cattle_Kankrej\de290b22cccc5104.jpg,Dataset\Cattle Breeds\Kankrej\Kankrej_88.jpg,de290b22cccc5104e613d4e40e551d09615a590f400e12d41138e54eb732f296
Cattle_Kankrej,train,train\Cattle_Kankrej\133413c168a49c22.jpg,Dataset\Cattle Breeds\Kankrej\Kankrej_174.jpg,133413c168a49c226b9693f2bea3c5fa1c1be75477eb8efb36b285287ab8b03a
Cattle_Kankrej,train,train\Cattle_Kankrej\aad226ac79f7c009.jpg,Dataset\Cattle Breeds\Kankrej\Kankrej_130.jpg,aad226ac79f7c009d0d0c768be88fdc6337727b91521ad00d2fcae2e2bbbf8eb
Cattle_Kankrej,train,train\Cattle_Kankrej\d7685dbb13de6517.jpg,Dataset\Cattle Breeds\Kankrej\Kankrej_19.png,d7685dbb13de651723c3276da5caaab00621155d9404ab06d6f2d4f0954535d1
Cattle_Kankrej,train,train\Cattle_Kankrej\779a82ee9f331148.jpg,Dataset\Cattle Breeds\Kankrej\Kankrej_140.jpg,779a82ee9f3311480968d6093afef8988d2b77cd62e055018e91dde0feae683a
Cattle_Kankrej,train,train\Cattle_Kankrej\83a0ae68613bcc3b.jpg,Dataset\Cattle Breeds\Kankrej\Kankrej_103.jpg,83a0ae68613bcc3b532f64a692515d616360be197d4a41a1b766cce0b62f4a47
Cattle_Kankrej,train,train\Cattle_Kankrej\5bc226f039ec268f.jpg,Dataset\Cattle Breeds\Kankrej\Kankrej_68.jpg,5bc226f039ec268f84a141d5b209b4be6cf1be15cd43f2a02be96e4962166bb9
Cattle_Kankrej,train,train\Cattle_Kankrej\5020f7465b1dd332.jpg,Dataset\Cattle Breeds\Kankrej\Kankrej_94.png,5020f7465b1dd3326a91a41accb659fef44447d14c4eb2a9041b3df105f0cf6b
Cattle_Kankrej,train,train\Cattle_Kankrej\e328da9b78414886.jpg,Dataset\Cattle Breeds\Kankrej\Kankrej_39.jpg,e328da9b784148860567eada05574c00a6207aa8577c367cf314fbd3ed2c1792
Cattle_Kankrej,train,train\Cattle_Kankrej\04bec8b9f163c862.jpg,Dataset\Cattle Breeds\Kankrej\Kankrej_40.png,04bec8b9f163c862973820fb44891be04efb92985f2194b87e6ad15859064e9a
Cattle_Kankrej,train,train\Cattle_Kankrej\e610102fb9967851.jpg,Dataset\Cattle Breeds\Kankrej\Kankrej_31.png,e610102fb99678511ffb4ab8ae9407a61c3fe98584463c888172a5d6a0e8264f
Cattle_Kankrej,train,train\Cattle_Kankrej\93a244afc8b9ad13.jpg,Dataset\Cattle Breeds\Kankrej\Kankrej_141.jpg,93a244afc8b9ad13003e9d7a13caef7e96603bb784e6a1898a5709980f4d867c
Cattle_Kankrej,train,train\Cattle_Kankrej\178b31e96800ce89.jpg,Dataset\Cattle Breeds\Kankrej\Kankrej_123.png,178b31e96800ce89371844fa1f4d2cd17781e6da004d0b6a21edc92a0e9d48b6
Cattle_Kankrej,train,train\Cattle_Kankrej\70c10691d77e7927.jpg,Dataset\Cattle Breeds\Kankrej\Kankrej_52.jpg,70c10691d77e79271bf75a33694947760bb26420a6065077e68044e3d13a0191
Cattle_Kankrej,train,train\Cattle_Kankrej\bcfff81e95e0a300.jpg,Dataset\Cattle Breeds\Kankrej\Kankrej_46.png,bcfff81e95e0a300b5fed9080d0fd89b69821bc2ec0704852c5c189c750811e0
Cattle_Kankrej,train,train\Cattle_Kankrej\fa6a3a0fc777c9cc.jpg,Dataset\Cattle Breeds\Kankrej\Kankrej_15.jpg,fa6a3a0fc777c9cc323b7e78a8bb007968b24fd92a6790997417ec5948b3652c
Cattle_Kankrej,train,train\Cattle_Kankrej\78817a44a9920f9c.jpg,Dataset\Cattle Breeds\Kankrej\Kankrej_38.png,78817a44a9920f9c87e31c16416999f081ef3ed565f452930b6a577faca52387
Cattle_Kankrej,train,train\Cattle_Kankrej\339745bd864b3f4a.jpg,Dataset\Cattle Breeds\Kankrej\Kankrej_135.jpg,339745bd864b3f4a2fdb5ccace0a27214e4a45cfa0bb90c71e18e01a87c9c8c6
Cattle_Kankrej,train,train\Cattle_Kankrej\90a8b52182b9c909.jpg,Dataset\Cattle Breeds\Kankrej\Kankrej_164.png,90a8b52182b9c9090fb71717508c6f61728a00bb4da6432809283b9cf2e06544
Cattle_Kankrej,train,train\Cattle_Kankrej\0300e61319b81a24.jpg,Dataset\Cattle Breeds\Kankrej\Kankrej_24.png,0300e61319b81a24b58a90c99f4b8da215d68f9e8ea014e661287af3bc6ffaed
Cattle_Kankrej,train,train\Cattle_Kankrej\9c41e852b9975e44.jpg,Dataset\Cattle Breeds\Kankrej\Kankrej_128.jpg,9c41e852b9975e44655623cde19c4000063283fa76968150cbad4973db17154f
Cattle_Kankrej,train,train\Cattle_Kankrej\6e4d0c7379830ed9.jpg,Dataset\Cattle Breeds\Kankrej\Kankrej_99.jpeg,6e4d0c7379830ed98b0876f6ba688ad1eb4fef74033671ec79903c0a47f5ad2e
Cattle_Kankrej,train,train\Cattle_Kankrej\19d6c7f47ba8c1d6.jpg,Dataset\Cattle Breeds\Kankrej\Kankrej_167.jpg,19d6c7f47ba8c1d65bdb5986d9bebb49bc10fcbf57ac5098f8d17fd2dd5cdd3b
Cattle_Kankrej,train,train\Cattle_Kankrej\c89eae62b9043885.jpg,Dataset\Cattle Breeds\Kankrej\Kankrej_175.png,c89eae62b9043885ed1978f726703b3a8baa9dca7c8e9ceabc4c41c5cfc996dc
Cattle_Kankrej,train,train\Cattle_Kankrej\7e59af4d0433e693.jpg,Dataset\Cattle Breeds\Kankrej\Kankrej_122.jpg,7e59af4d0433e693fbea1b4fd72f430639f2e5eb71d89a4bf80b388869c7b006
Cattle_Kankrej,train,train\Cattle_Kankrej\d918215949d5bf14.jpg,Dataset\Cattle Breeds\Kankrej\Kankrej_84.jpg,d918215949d5bf14f98991e9e82d7b9f05831a1146f34ce93224bdf204baa55d
Cattle_Kankrej,train,train\Cattle_Kankrej\8f6276a602164850.jpg,Dataset\Cattle Breeds\Kankrej\Kankrej_64.png,8f6276a6021648500e04ac8a5b0ca6c16ab828bcc665bb49e49a6f8b5338b18e
Cattle_Kankrej,train,train\Cattle_Kankrej\58634847e1a69456.jpg,Dataset\Cattle Breeds\Kankrej\Kankrej_179.jpg,58634847e1a6945619ce4ea67fae6087bf092fad9437f779ae13c307bf7227b2
Cattle_Kankrej,train,train\Cattle_Kankrej\e7023918991da0d2.jpg,Dataset\Cattle Breeds\Kankrej\Kankrej_142.jpg,e7023918991da0d2744ef5e81aec6996a9609bdc259fbbf8357020bc68632fb2
Cattle_Kankrej,train,train\Cattle_Kankrej\aab45112d79b549f.jpg,Dataset\Cattle Breeds\Kankrej\Kankrej_11.jpg,aab45112d79b549f63d8e8f99bedd595b164eba9df52507f7efac06322f828fd
Cattle_Kankrej,train,train\Cattle_Kankrej\f61f40998462e333.jpg,Dataset\Cattle Breeds\Kankrej\Kankrej_32.png,f61f40998462e333d43c034a5d8c8554325facab2af3ffbddad411305a547a54
Cattle_Kankrej,train,train\Cattle_Kankrej\aa698f05bc6cee9e.jpg,Dataset\Cattle Breeds\Kankrej\Kankrej_158.jpg,aa698f05bc6cee9e5997f765779342e04fcb3f7262cf8ffda77467ddfa76a74a
Cattle_Kankrej,train,train\Cattle_Kankrej\b97a803d34c805f2.jpg,Dataset\Cattle Breeds\Kankrej\Kankrej_36.jpg,b97a803d34c805f2d08ae002f83d4686cf80b020ae54c6060ca7342a99f89aa3
Cattle_Kankrej,train,train\Cattle_Kankrej\50e1fa0c4ac64523.jpg,Dataset\Cattle Breeds\Kankrej\Kankrej_73.jpg,50e1fa0c4ac6452397a7c144d846ae1b92cc2a1e125d445b4366a0af6014df1d
Cattle_Kankrej,train,train\Cattle_Kankrej\bb716ec8eb28dce0.jpg,Dataset\Cattle Breeds\Kankrej\Kankrej_15.png,bb716ec8eb28dce04a538aeb5ea178220f5bbd3643295a1df827b2fd332feeb8
Cattle_Kankrej,train,train\Cattle_Kankrej\a57fe8e5f03f27da.jpg,Dataset\Cattle Breeds\Kankrej\Kankrej_156.jpg,a57fe8e5f03f27daa8f7d1892c90bfedbb0feaccf2c02399ee2a61a59978b2c2
Cattle_Kankrej,train,train\Cattle_Kankrej\88e5c564071a2c1d.jpg,Dataset\Cattle Breeds\Kankrej\Kankrej_124.jpg,88e5c564071a2c1dc92a5008c0b60d68f2caf9b0f466bb45f75bdceddae8fde9
Cattle_Kankrej,train,train\Cattle_Kankrej\f86c75986fe6fe46.jpg,Dataset\Cattle Breeds\Kankrej\Kankrej_25.jpg,f86c75986fe6fe465c9185249a8ad6b9b272e1e0bd3479be4a47a9d32a147dc5
Cattle_Kankrej,train,train\Cattle_Kankrej\eb46e76db59507dc.jpg,Dataset\Cattle Breeds\Kankrej\Kankrej_148.png,eb46e76db59507dcffe42bf68e473f846bcd39524d78157777309bbecec0feee
Cattle_Kankrej,train,train\Cattle_Kankrej\0682aa4a40704f45.jpg,Dataset\Cattle Breeds\Kankrej\Kankrej_47.png,0682aa4a40704f45e1e97d7c11b99942738a046518527c7a0ab24b3962d8b54d
Cattle_Kankrej,train,train\Cattle_Kankrej\9c54c1c73d7c23f5.jpg,Dataset\Cattle Breeds\Kankrej\Kankrej_5.jpg,9c54c1c73d7c23f59638352e9ebfa88d924d4db330cb2c5015c366f3b5985d09
Cattle_Kankrej,train,train\Cattle_Kankrej\683f1a6bd40e02ff.jpg,Dataset\Cattle Breeds\Kankrej\Kankrej_89.jpg,683f1a6bd40e02ff653fa95b7c0f1a25c1d25c62405c78f2881177387eb02d58
Cattle_Kankrej,train,train\Cattle_Kankrej\5673c4c95b35af19.jpg,Dataset\Cattle Breeds\Kankrej\Kankrej_111.jpg,5673c4c95b35af1907ba2673010b32e0c10d7b3983939bb289382cf3e7107ebf
Cattle_Kankrej,train,train\Cattle_Kankrej\bd57c0a56b859ece.jpg,Dataset\Cattle Breeds\Kankrej\Kankrej_173.jpeg,bd57c0a56b859ece3b54ccb8ae00883584fda594084fc780ef9883ff9a534c75
Cattle_Kankrej,train,train\Cattle_Kankrej\710d96ead90f7d1d.jpg,Dataset\Cattle Breeds\Kankrej\Kankrej_91.jpg,710d96ead90f7d1d3ac23618e9f3885b84580ab30b847e34707faa13d007cca4
Cattle_Kankrej,train,train\Cattle_Kankrej\46acf1f7df388c75.jpg,Dataset\Cattle Breeds\Kankrej\Kankrej_42.png,46acf1f7df388c75a6c6ac0acee389e7e824d2ffc083cabe3b5d76c7e3ff9c9f
Cattle_Kankrej,train,train\Cattle_Kankrej\d8880e115204c780.jpg,Dataset\Cattle Breeds\Kankrej\Kankrej_151.jpg,d8880e115204c780f6039bd6dcc5e062edd2e68ceb0686b97680e161d9a2dea7
Cattle_Kankrej,train,train\Cattle_Kankrej\7a4f057212f4b055.jpg,Dataset\Cattle Breeds\Kankrej\Kankrej_34.png,7a4f057212f4b055a916c81d34194d6bbb820c5ec2dbf228fa791c35e93b4bfe
Cattle_Kankrej,train,train\Cattle_Kankrej\ccd1f5b86f181909.jpg,Dataset\Cattle Breeds\Kankrej\Kankrej_65.png,ccd1f5b86f1819093f6db29d9e05a4374932f18c95d8fac217673bd565577f1a
Cattle_Kankrej,train,train\Cattle_Kankrej\a9c72af1cc21a716.jpg,Dataset\Cattle Breeds\Kankrej\Kankrej_121.jpg,a9c72af1cc21a716a85576422d9a0ffe88614f7340a353eeeb5acaef2cdcdf2a
Cattle_Kankrej,train,train\Cattle_Kankrej\e2221baeb5d0da99.jpg,Dataset\Cattle Breeds\Kankrej\Kankrej_77.png,e2221baeb5d0da9956c596d797ee71344d7b145ec2853df246d35861acdb6607
Cattle_Kankrej,train,train\Cattle_Kankrej\9caf5ce8d412d75c.jpg,Dataset\Cattle Breeds\Kankrej\Kankrej_6.jpg,9caf5ce8d412d75cef2c40ba8feae68668d99f9fc10eefa4e066ac07167e24a1
Cattle_Kankrej,train,train\Cattle_Kankrej\d070dd33fabbd2de.jpg,Dataset\Cattle Breeds\Kankrej\Kankrej_12.jpg,d070dd33fabbd2ded708ed57cf23b136638d4df9434b39e5676734cc0e85198b
Cattle_Kankrej,train,train\Cattle_Kankrej\5506fd61bfd096d4.jpg,Dataset\Cattle Breeds\Kankrej\Kankrej_7.jpg,5506fd61bfd096d4ddb8a27ec41bff6bb8ab0a5b9e46d4c533c3a16ed7732e34
Cattle_Kankrej,train,train\Cattle_Kankrej\4555ab7c1d91089c.jpg,Dataset\Cattle Breeds\Kankrej\Kankrej_120.jpg,4555ab7c1d91089ca179fa99183700eaf15fbab71de32f323ea838461ee1b491
Cattle_Kankrej,train,train\Cattle_Kankrej\f5e6f080276a7e8b.jpg,Dataset\Cattle Breeds\Kankrej\Kankrej_113.jpg,f5e6f080276a7e8b5f6a0f5b77ef07b74e1b1983fd7a4857ffe82085d293cbe9
Cattle_Kankrej,train,train\Cattle_Kankrej\0c06eae23a48f494.jpg,Dataset\Cattle Breeds\Kankrej\Kankrej_163.jpg,0c06eae23a48f494c4c205c6fea48a16abab34ad2ef579c086f95673f5fa04ec
Cattle_Kankrej,train,train\Cattle_Kankrej\d24012956806ba55.jpg,Dataset\Cattle Breeds\Kankrej\Kankrej_56.jpg,d24012956806ba551cc5174476d1c1c6868f3952badb4d1fb231d1842c225fcf
Cattle_Kankrej,train,train\Cattle_Kankrej\1876905bcac7aa19.jpg,Dataset\Cattle Breeds\Kankrej\Kankrej_27.png,1876905bcac7aa19fcae1f21a22d58a6213fcc174baa4c7faae3541ddca7f966
Cattle_Kankrej,train,train\Cattle_Kankrej\e131f02156eb4769.jpg,Dataset\Cattle Breeds\Kankrej\Kankrej_145.jpg,e131f02156eb47696d8a703da22b77a4e45026dc7bf0964081b17f0b577e1745
Cattle_Kankrej,train,train\Cattle_Kankrej\b646298ba191f768.jpg,Dataset\Cattle Breeds\Kankrej\Kankrej_35.png,b646298ba191f768bd8eb0f9952806dd6872395560cd96468f00e1ff74924329
Cattle_Kankrej,train,train\Cattle_Kankrej\c49e00d7da546119.jpg,Dataset\Cattle Breeds\Kankrej\Kankrej_168.jpg,c49e00d7da546119e2f8eb2a1b3d983a63b041455340d3638b8437621e54bb64
Cattle_Kankrej,train,train\Cattle_Kankrej\e05aaad5d7796ab4.jpg,Dataset\Cattle Breeds\Kankrej\Kankrej_69.jpg,e05aaad5d7796ab45ff008d3c45a4a348be8489d5c3b65af3a39c50bf4c6ea43
Cattle_Kankrej,train,train\Cattle_Kankrej\deb409bc65d49ff9.jpg,Dataset\Cattle Breeds\Kankrej\Kankrej_48.png,deb409bc65d49ff9181e33829e306b77d1bca1e4849e7f7774c5aa500277bd95
Cattle_Kankrej,train,train\Cattle_Kankrej\75fe0bec4deae553.jpg,Dataset\Cattle Breeds\Kankrej\Kankrej_20.png,75fe0bec4deae553dc2a4a7f3869e864e059129e96e87874c11dfecb72d61aa9
Cattle_Kankrej,train,train\Cattle_Kankrej\9b68fc7c68f72443.jpg,Dataset\Cattle Breeds\Kankrej\Kankrej_131.jpg,9b68fc7c68f7244325970b9d797c81f8639e9dd4573c74e6776c742a2e52217d
Cattle_Kankrej,train,train\Cattle_Kankrej\689693c45ddac7a6.jpg,Dataset\Cattle Breeds\Kankrej\Kankrej_45.png,689693c45ddac7a6317376bb9f15bb54d297f3b9b1c68fafe15ea6b0d7cb389e
Cattle_Kankrej,train,train\Cattle_Kankrej\166f4bd56abda179.jpg,Dataset\Cattle Breeds\Kankrej\Kankrej_41.jpg,166f4bd56abda1794057e1a10a5eb46d9ed31ad14f272b458d82f27c0aa713af
Cattle_Kankrej,train,train\Cattle_Kankrej\1da08f5f17d7892b.jpg,Dataset\Cattle Breeds\Kankrej\Kankrej_82.png,1da08f5f17d7892b6fd920f376c1a249ab5f2a5c8fc57cccd49737e849d3f936
Cattle_Kankrej,train,train\Cattle_Kankrej\736cdaeb6e535440.jpg,Dataset\Cattle Breeds\Kankrej\Kankrej_26.png,736cdaeb6e53544068e6d8dd92c68f09cbb565e9353604ee15ee0ec8b477a808
Cattle_Kankrej,train,train\Cattle_Kankrej\fe062078d05470eb.jpg,Dataset\Cattle Breeds\Kankrej\Kankrej_44.png,fe062078d05470eb691084c5075561d70aa99629c1dce9effc28ed47ad14c6b9
Cattle_Kankrej,train,train\Cattle_Kankrej\37ea1d4440984254.jpg,Dataset\Cattle Breeds\Kankrej\Kankrej_161.jpg,37ea1d4440984254214e8eeb2902b869b8dc0eab6bb43b536c58f2f57990620e
Cattle_Kankrej,train,train\Cattle_Kankrej\d19a5948140385c7.jpg,Dataset\Cattle Breeds\Kankrej\Kankrej_53.png,d19a5948140385c7bddc526c77ef72b229495ca149b0d3e143648b87ff835f86
Cattle_Kankrej,train,train\Cattle_Kankrej\e94a240e5c750bca.jpg,Dataset\Cattle Breeds\Kankrej\Kankrej_80.jpg,e94a240e5c750bca1eb14e1228405ca257511fc18c42be235ed5e8b0dd424292
Cattle_Kankrej,train,train\Cattle_Kankrej\9c1a48d2eea5178c.jpg,Dataset\Cattle Breeds\Kankrej\Kankrej_159.jpg,9c1a48d2eea5178cd53af985849cec064930c41fff24902be322a5276e1fb1ea
Cattle_Kankrej,train,train\Cattle_Kankrej\e80ecd6c842167ee.jpg,Dataset\Cattle Breeds\Kankrej\Kankrej_76.png,e80ecd6c842167ee469b5096bdd4b47ed300892f296faa91e50e5329f80895d7
Cattle_Kankrej,train,train\Cattle_Kankrej\999d6ba7eefcf95d.jpg,Dataset\Cattle Breeds\Kankrej\Kankrej_136.png,999d6ba7eefcf95d57550c7c6439118f7d53889e99fa2eec03d9ab8454a849a9
Cattle_Kankrej,train,train\Cattle_Kankrej\b50902aadd037239.jpg,Dataset\Cattle Breeds\Kankrej\Kankrej_132.jpg,b50902aadd037239a00744de07b2f38464986824aff4a7c66ddbc4b8683205d4
Cattle_Kankrej,train,train\Cattle_Kankrej\9b4589198fab505d.jpg,Dataset\Cattle Breeds\Kankrej\Kankrej_49.jpeg,9b4589198fab505d402bdc48d9d65653606c10da9f30b84d2de97b79a01fe196
Cattle_Kankrej,train,train\Cattle_Kankrej\efd4cc1453419307.jpg,Dataset\Cattle Breeds\Kankrej\Kankrej_66.png,efd4cc145341930728011a7703f38ee379680a5bd8ab3868464cea7e85890643
Cattle_Kankrej,train,train\Cattle_Kankrej\27bf485a54775154.jpg,Dataset\Cattle Breeds\Kankrej\Kankrej_54.jpg,27bf485a5477515494082ae875e074f5656006961ec3d4d6179b89160d15348c
Cattle_Kankrej,train,train\Cattle_Kankrej\7ebd34a7767e7298.jpg,Dataset\Cattle Breeds\Kankrej\Kankrej_177.jpg,7ebd34a7767e72981f568bd8d358a1c7a00db64067a82c5d409521c5ca5007f9
Cattle_Kankrej,train,train\Cattle_Kankrej\8389de8d0248e417.jpg,Dataset\Cattle Breeds\Kankrej\Kankrej_70.jpg,8389de8d0248e417fefac1206003272dce1b566ff25f10f832cc296c106dae30
Cattle_Kankrej,train,train\Cattle_Kankrej\6f46ffa98140f58a.jpg,Dataset\Cattle Breeds\Kankrej\Kankrej_37.jpg,6f46ffa98140f58a9d48267cbed54d42a89dcda4432a94de3f972531afb6d05a
Cattle_Kankrej,train,train\Cattle_Kankrej\65b4053d43942a9a.jpg,Dataset\Cattle Breeds\Kankrej\Kankrej_23.jpg,65b4053d43942a9ae0d3a81c7ad1c9cf3efe8b934a1107ab91bd2e383921cd79
Cattle_Kankrej,train,train\Cattle_Kankrej\4df2bc36c1bd2088.jpg,Dataset\Cattle Breeds\Kankrej\Kankrej_75.png,4df2bc36c1bd20884d69a7313fa2527c42dfe720cc584aebcda67132e635b2f8
Cattle_Kankrej,train,train\Cattle_Kankrej\607b12829848e6f0.jpg,Dataset\Cattle Breeds\Kankrej\Kankrej_83.jpg,607b12829848e6f003453666da92b12642cee6910a1149fccd54d44924af09d5
Cattle_Kankrej,train,train\Cattle_Kankrej\3e6b70e2e958eea6.jpg,Dataset\Cattle Breeds\Kankrej\Kankrej_172.jpg,3e6b70e2e958eea6519e7c29ac98f2dd5369c0ac1c46992a93229c7126d82099
Cattle_Kankrej,train,train\Cattle_Kankrej\f7caf55aac381985.jpg,Dataset\Cattle Breeds\Kankrej\Kankrej_139.jpg,f7caf55aac38198578f20176e844498ca2d2fcd7c7800fd2762b3967d6069cf7
Cattle_Kankrej,train,train\Cattle_Kankrej\c1ce288856676d91.jpg,Dataset\Cattle Breeds\Kankrej\Kankrej_125.jpg,c1ce288856676d9178689a7421e9b8dab48d08c6bc2eb7bd23d356439383924c
Cattle_Kankrej,train,train\Cattle_Kankrej\5b33cf01dcbf6b8c.jpg,Dataset\Cattle Breeds\Kankrej\Kankrej_143.jpg,5b33cf01dcbf6b8c64a3fcb9bf7db224ccfd64e97ad55873e0f335cb464cc181
Cattle_Kankrej,train,train\Cattle_Kankrej\eeb6292898a0462e.jpg,Dataset\Cattle Breeds\Kankrej\Kankrej_9.jpg,eeb6292898a0462ef51f21daacf5be059b62f85b63cc708cbc4064d4da7033fe
Cattle_Kankrej,train,train\Cattle_Kankrej\a7db951ca212aa02.jpg,Dataset\Cattle Breeds\Kankrej\Kankrej_22.jpg,a7db951ca212aa022bbb159ec2aea80c7fa886ae60db6ef5b1c1e4fe0b5855ed
Cattle_Kankrej,train,train\Cattle_Kankrej\da404244d2739af9.jpg,Dataset\Cattle Breeds\Kankrej\Kankrej_129.jpg,da404244d2739af9c832af46abaa04f97925363332638fa9011919b5e6d0fabd
Cattle_Kankrej,train,train\Cattle_Kankrej\f8041a913e98d94a.jpg,Dataset\Cattle Breeds\Kankrej\Kankrej_127.jpg,f8041a913e98d94a494f3e42f86e46c19dd16a541d8332c8ed1664f95b078cc8
Cattle_Kankrej,train,train\Cattle_Kankrej\64daf152dc544fca.jpg,Dataset\Cattle Breeds\Kankrej\Kankrej_51.png,64daf152dc544fcaf675a2823a685edca252fd069a37ad9d6550407fd4ed4023
Cattle_Kankrej,train,train\Cattle_Kankrej\f9680241a78bba35.jpg,Dataset\Cattle Breeds\Kankrej\Kankrej_62.png,f9680241a78bba35aca2cf0970d23bbbc70b5970e23ba1ffbe949b19bcbf8208
Cattle_Kankrej,train,train\Cattle_Kankrej\2ba502e3c7393a58.jpg,Dataset\Cattle Breeds\Kankrej\Kankrej_134.jpg,2ba502e3c7393a58413e14266159ef1e319237001cc7d054aaba4ae249a653ed
Cattle_Kasargod,test,test\Cattle_Kasargod\914afbe3c91902bc.jpg,Dataset\Cattle Breeds\Kasargod\Kasargod_30.jpg,914afbe3c91902bc3325b17d522ab1d2ce31e525fbfebbb7f46fe145dac78d7e
Cattle_Kasargod,test,test\Cattle_Kasargod\97ae0ecb9273d3dc.jpg,Dataset\Cattle Breeds\Kasargod\Kasargod_12.jpg,97ae0ecb9273d3dc38127c1fe1711a9d53c6f90a174c3363b29b38eb5e353cbf
Cattle_Kasargod,test,test\Cattle_Kasargod\aa32d23e242425fb.jpg,Dataset\Cattle Breeds\Kasargod\Kasargod_38.jpg,aa32d23e242425fb0665df92c80e6f1df4f58844cdf172cb9950048f28f90044
Cattle_Kasargod,test,test\Cattle_Kasargod\bb5fbf3fbc99186f.jpg,Dataset\Cattle Breeds\Kasargod\Kasargod_40.JPG,bb5fbf3fbc99186fccf9a5de712ecc6240c695ce8f5a9e651e2f538a831d2828
Cattle_Kasargod,test,test\Cattle_Kasargod\02c178b0323fa50d.jpg,Dataset\Cattle Breeds\Kasargod\Kasargod_84.png,02c178b0323fa50dcfabc43d44c3f7f4af71be7438aa0ac266ec6e0eec4d6304
Cattle_Kasargod,test,test\Cattle_Kasargod\3d92cd6f183a0bd4.jpg,Dataset\Cattle Breeds\Kasargod\Kasargod_17.jpg,3d92cd6f183a0bd4c98e638c600a5bbdd143821dbac6c7ccf2c5541954ddcbd4
Cattle_Kasargod,test,test\Cattle_Kasargod\7b18a5d760800a5f.jpg,Dataset\Cattle Breeds\Kasargod\Kasargod_25.jpg,7b18a5d760800a5fcd7449a5e6a9c67417bb0f0f57623e1486a46585dda3d197
Cattle_Kasargod,test,test\Cattle_Kasargod\525c6c7747ca52db.jpg,Dataset\Cattle Breeds\Kasargod\Kasargod_95.png,525c6c7747ca52db9ddeb543ba53f082790ed933f8ab24afb45d3344fb1aa78b
Cattle_Kasargod,test,test\Cattle_Kasargod\16de8ea2aac375fc.jpg,Dataset\Cattle Breeds\Kasargod\Kasargod_70.jpg,16de8ea2aac375fc76af6afc87ef8f573486283c4c4a567fefa81150984fe325
Cattle_Kasargod,test,test\Cattle_Kasargod\89bf65ba3cd6524f.jpg,Dataset\Cattle Breeds\Kasargod\Kasargod_35.jpg,89bf65ba3cd6524ffd46c172de6bb4b6e131fc58389e462c7b9538036a0d2afd
Cattle_Kasargod,test,test\Cattle_Kasargod\c72402ab99b68a72.jpg,Dataset\Cattle Breeds\Kasargod\Kasargod_2.jpg,c72402ab99b68a72f2f0d7d488dd5cb4ee966fde6ae133d47db4837cfee1c836
Cattle_Kasargod,test,test\Cattle_Kasargod\dc1b1cebe96adfdd.jpg,Dataset\Cattle Breeds\Kasargod\Kasargod_21.jpg,dc1b1cebe96adfdde5405cce70a9ac873bb2590cbdd52050b152089e16765f46
Cattle_Kasargod,test,test\Cattle_Kasargod\8a149479b95c9067.jpg,Dataset\Cattle Breeds\Kasargod\Kasargod_10.jpg,8a149479b95c9067b9f17c3842ad2a575e2080cd0ed3ed697e5a268a78db8357
Cattle_Kasargod,test,test\Cattle_Kasargod\2351f17e7cba094b.jpg,Dataset\Cattle Breeds\Kasargod\Kasargod_48.jpg,2351f17e7cba094bdc54b10bb71ade254a6a52d2a3c37926fa1469bd4e839ec6
Cattle_Kasargod,val,val\Cattle_Kasargod\8862440278d256b8.jpg,Dataset\Cattle Breeds\Kasargod\Kasargod_33.JPG,8862440278d256b8f78187e170ed6fc8ea4693c1ad71ce36f71d4f2877b76575
Cattle_Kasargod,val,val\Cattle_Kasargod\9b9030c32b6c5b91.jpg,Dataset\Cattle Breeds\Kasargod\Kasargod_49.JPG,9b9030c32b6c5b91975926a259e200874d25a764070910ad26648676c97749f3
Cattle_Kasargod,val,val\Cattle_Kasargod\1428a982cebf5dd5.jpg,Dataset\Cattle Breeds\Kasargod\Kasargod_94.png,1428a982cebf5dd5d4af481d360b9db59f756eb2fff7a3f5859d9ab3049ea17f
Cattle_Kasargod,val,val\Cattle_Kasargod\0af88631a97e7230.jpg,Dataset\Cattle Breeds\Kasargod\Kasargod_61.jpg,0af88631a97e7230e04bd8c8722cd75ea434c0c95e8df84343265ec460ca4dcf
Cattle_Kasargod,val,val\Cattle_Kasargod\278ee861396d3c14.jpg,Dataset\Cattle Breeds\Kasargod\Kasargod_89.png,278ee861396d3c1425e3bb2e61148ad499245753736a08193b1c55fa2a4298ea
Cattle_Kasargod,val,val\Cattle_Kasargod\2bf79e1f809c15ec.jpg,Dataset\Cattle Breeds\Kasargod\Kasargod_26.jpg,2bf79e1f809c15ec1922d5b35db084eb0949651f10295f270895c1f35b010e57
Cattle_Kasargod,val,val\Cattle_Kasargod\b0f5fc9c99fd48ca.jpg,Dataset\Cattle Breeds\Kasargod\Kasargod_90.png,b0f5fc9c99fd48caf59eff747c11d64e62959d115bbce690625694bf0e5142fb
Cattle_Kasargod,val,val\Cattle_Kasargod\543e04bbca9c3cfe.jpg,Dataset\Cattle Breeds\Kasargod\Kasargod_41.JPG,543e04bbca9c3cfe46f492019a3fd92bbe27d6cf54084146c544fd2a93d975c6
Cattle_Kasargod,val,val\Cattle_Kasargod\68cc3d960a011f73.jpg,Dataset\Cattle Breeds\Kasargod\Kasargod_58.png,68cc3d960a011f73c0bcde5021e38d20a4437de7db53fff4cf48731ec7e1e03a
Cattle_Kasargod,val,val\Cattle_Kasargod\49eed4ce4dbc700f.jpg,Dataset\Cattle Breeds\Kasargod\Kasargod_37.jpg,49eed4ce4dbc700fc8d3eb5d162098414ad65763258b0f26def58b7b3656ba8b
Cattle_Kasargod,val,val\Cattle_Kasargod\19398714a9be4bbc.jpg,Dataset\Cattle Breeds\Kasargod\Kasargod_71.jpg,19398714a9be4bbccdccd6194fb6f9d8712dc698bc8ed807521cc867a7f287df
Cattle_Kasargod,val,val\Cattle_Kasargod\12a4e31ba34997c0.jpg,Dataset\Cattle Breeds\Kasargod\Kasargod_28.jpg,12a4e31ba34997c081a45d43bb13801356b66963939485c923768894037682b4
Cattle_Kasargod,val,val\Cattle_Kasargod\a9fd334a1cc780f2.jpg,Dataset\Cattle Breeds\Kasargod\Kasargod_62.jpg,a9fd334a1cc780f2ce4ec95849c0dc65a1263fdeaebeb021369b3cd8b7291ef5
Cattle_Kasargod,val,val\Cattle_Kasargod\e0c7735b210624ee.jpg,Dataset\Cattle Breeds\Kasargod\Kasargod_31.jpg,e0c7735b210624ee4db72f07b939ec0f7b1b42038eb81f2e8bfc837147a765b0
Cattle_Kasargod,train,train\Cattle_Kasargod\b85242c1fc00bba2.jpg,Dataset\Cattle Breeds\Kasargod\Kasargod_86.png,b85242c1fc00bba202abd97f11b53768120aaa945c71242213972faffdb89722
Cattle_Kasargod,train,train\Cattle_Kasargod\4a9fa8eeab8d91e0.jpg,Dataset\Cattle Breeds\Kasargod\Kasargod_9.jpg,4a9fa8eeab8d91e015e26a88aa5c912cdf91dfe0351be93eb0a04d55264f47b7
Cattle_Kasargod,train,train\Cattle_Kasargod\a1b3e3171acb03ea.jpg,Dataset\Cattle Breeds\Kasargod\Kasargod_87.png,a1b3e3171acb03ea4b16512c7cfccdca144bf97ee3cf2c4b993cd417ad1af493
Cattle_Kasargod,train,train\Cattle_Kasargod\06c204885d2306f7.jpg,Dataset\Cattle Breeds\Kasargod\Kasargod_45.jpg,06c204885d2306f7e7cf83904734273b68c86347881cf665552b6a7f7a92b89c
Cattle_Kasargod,train,train\Cattle_Kasargod\d9020139b08ef328.jpg,Dataset\Cattle Breeds\Kasargod\Kasargod_91.png,d9020139b08ef328eea5b0b4ba8b3b12fe58143b63a2e4159fb5eedf8257072e
Cattle_Kasargod,train,train\Cattle_Kasargod\70fc200cb01a155d.jpg,Dataset\Cattle Breeds\Kasargod\Kasargod_42.jpg,70fc200cb01a155d8eb3468bb3103b9f76ca5d4861c4cfd5a0fecf3a4760d3eb
Cattle_Kasargod,train,train\Cattle_Kasargod\8e3b27e4e6f0d3ed.jpg,Dataset\Cattle Breeds\Kasargod\Kasargod_64.jpg,8e3b27e4e6f0d3ed0268f832566d13861d9175d46702c799b9d02f53557ec3b2
Cattle_Kasargod,train,train\Cattle_Kasargod\9913c820c8e4bec3.jpg,Dataset\Cattle Breeds\Kasargod\Kasargod_88.png,9913c820c8e4bec36bb0e5000164b761f1f910ede08ee2bce6a692f973b64230
Cattle_Kasargod,train,train\Cattle_Kasargod\de08c8aa08e280f5.jpg,Dataset\Cattle Breeds\Kasargod\Kasargod_8.png,de08c8aa08e280f589dda09b504a0f90c8b93baa925f9255060ce9371b7fcddc
Cattle_Kasargod,train,train\Cattle_Kasargod\9976cdcb2bec728c.jpg,Dataset\Cattle Breeds\Kasargod\Kasargod_44.jpg,9976cdcb2bec728cc59018858e1a7f2646880571eff421f6348a5bcfcd704973
Cattle_Kasargod,train,train\Cattle_Kasargod\f3449fb811b8e5f9.jpg,Dataset\Cattle Breeds\Kasargod\Kasargod_92.png,f3449fb811b8e5f921a1387ceb5cf9d7c42097d3f51a37faa962777c90c930a3
Cattle_Kasargod,train,train\Cattle_Kasargod\12c44fbc348c8d8e.jpg,Dataset\Cattle Breeds\Kasargod\Kasargod_20.jpeg,12c44fbc348c8d8ea241e0ddd0d78ac092fe1fee2ff21c130560e09a8c91e88b
Cattle_Kasargod,train,train\Cattle_Kasargod\af63a3d1060bef7f.jpg,Dataset\Cattle Breeds\Kasargod\Kasargod_5.jpg,af63a3d1060bef7f9951df913500d300956eae42ee79a8b8f53273be2306bc71
Cattle_Kasargod,train,train\Cattle_Kasargod\e304709f03c86394.jpg,Dataset\Cattle Breeds\Kasargod\Kasargod_65.jpg,e304709f03c86394d2f4230275bbe49e81ad85587bf93f7936cfd686988969ff
Cattle_Kasargod,train,train\Cattle_Kasargod\0161494fbde3f01a.jpg,Dataset\Cattle Breeds\Kasargod\Kasargod_16.jpg,0161494fbde3f01ae6170c322ebc2b63e93136e5d515e1e9f339a03cac334341
Cattle_Kasargod,train,train\Cattle_Kasargod\5c1e8ac67478e643.jpg,Dataset\Cattle Breeds\Kasargod\Kasargod_79.png,5c1e8ac67478e643840fc1c11e32527200ba28e9076eafe3f4c8a1a6e116993e
Cattle_Kasargod,train,train\Cattle_Kasargod\fd663fd6d0c3eab8.jpg,Dataset\Cattle Breeds\Kasargod\Kasargod_39.jpg,fd663fd6d0c3eab896c7e49ae6f546c7f45430acc73317a1d9939fc34b7370d3
Cattle_Kasargod,train,train\Cattle_Kasargod\3b68b5331d271dca.jpg,Dataset\Cattle Breeds\Kasargod\Kasargod_13.jpg,3b68b5331d271dca74a48ff066e998fa38a461590e32d97d31d0b6dfb303e51a
Cattle_Kasargod,train,train\Cattle_Kasargod\77266d6fe44e1fc0.jpg,Dataset\Cattle Breeds\Kasargod\Kasargod_19.jpg,77266d6fe44e1fc03c02e73a345f2292c05246c6cafa64c86ca6ab02be6d2f4f
Cattle_Kasargod,train,train\Cattle_Kasargod\8c024bf31c4dc216.jpg,Dataset\Cattle Breeds\Kasargod\Kasargod_54.jpg,8c024bf31c4dc21604a2cf97f8c868e95dbac4b4146445b939d2ba7b2286e365
Cattle_Kasargod,train,train\Cattle_Kasargod\0adb097c160cc335.jpg,Dataset\Cattle Breeds\Kasargod\Kasargod_73.jpg,0adb097c160cc3354f3fb34e8b848dc2c6c6153b761c33c60052887c70e438de
Cattle_Kasargod,train,train\Cattle_Kasargod\164690d5911a976d.jpg,Dataset\Cattle Breeds\Kasargod\Kasargod_7.jpg,164690d5911a976d03a590bc4dfaa6b099f2c5bdad2fe8f8d6acd9e8dd615e86
Cattle_Kasargod,train,train\Cattle_Kasargod\7ea7362babd8b90b.jpg,Dataset\Cattle Breeds\Kasargod\Kasargod_52.jpg,7ea7362babd8b90b181813fbd7b21b9e239d36a57d3058a7ab42a7449861b9a6
Cattle_Kasargod,train,train\Cattle_Kasargod\87824ee030a1b74e.jpg,Dataset\Cattle Breeds\Kasargod\Kasargod_27.jpg,87824ee030a1b74e171b4729053047c2566000d5c76746a9af78c6ad1e1a5283
Cattle_Kasargod,train,train\Cattle_Kasargod\88b199bff9fd4fef.jpg,Dataset\Cattle Breeds\Kasargod\Kasargod_82.png,88b199bff9fd4fef15ba43559a7010377b00f9e41e297fb7157761e22d816550
Cattle_Kasargod,train,train\Cattle_Kasargod\85f95e83d3a5d966.jpg,Dataset\Cattle Breeds\Kasargod\Kasargod_67.jpg,85f95e83d3a5d96618b34f452c2b445f6e4d22a5397d25b1c919d6934d37677a
Cattle_Kasargod,train,train\Cattle_Kasargod\f380d2d2ed96586d.jpg,Dataset\Cattle Breeds\Kasargod\Kasargod_4.jpg,f380d2d2ed96586db57f0a30a9300561fce3c25aefd17fcb87dd812a72f9cae4
Cattle_Kasargod,train,train\Cattle_Kasargod\e66b4ac9a54f1503.jpg,Dataset\Cattle Breeds\Kasargod\Kasargod_32.jpg,e66b4ac9a54f15032a179639c464a950c25e16632e32b5ca219b985b2b225e91
Cattle_Kasargod,train,train\Cattle_Kasargod\1d0e32dcd57e8bf5.jpg,Dataset\Cattle Breeds\Kasargod\Kasargod_74.jpg,1d0e32dcd57e8bf50f35e93ffa2a35101cc9c783da517c35aa1c04530c567b3c
Cattle_Kasargod,train,train\Cattle_Kasargod\d6e2b22b8fa300d8.jpg,Dataset\Cattle Breeds\Kasargod\Kasargod_66.jpg,d6e2b22b8fa300d826b930989cf288591f591761e430148fa52de79b3fa67b22
Cattle_Kasargod,train,train\Cattle_Kasargod\0e8807b81e9b706e.jpg,Dataset\Cattle Breeds\Kasargod\Kasargod_23.jpg,0e8807b81e9b706eb2900115bfc1257023e53fcd3d081c081e9b8dd198873c91
Cattle_Kasargod,train,train\Cattle_Kasargod\307b7e7343e17295.jpg,Dataset\Cattle Breeds\Kasargod\Kasargod_15.jpg,307b7e7343e17295d1eaaa3cb02fb75b6e7639903bdc16f479395d887277a1ca
Cattle_Kasargod,train,train\Cattle_Kasargod\f91c0bf7e14a0822.jpg,Dataset\Cattle Breeds\Kasargod\Kasargod_78.jpg,f91c0bf7e14a082292c81f8a3ee7bdac93650e7c94d586915651c634174b2636
Cattle_Kasargod,train,train\Cattle_Kasargod\aa896d02686ed59c.jpg,Dataset\Cattle Breeds\Kasargod\Kasargod_34.jpg,aa896d02686ed59c58d0f1d29cc717bca7dc8dcc65b3009c8a5053d989249ada
Cattle_Kasargod,train,train\Cattle_Kasargod\6720817e66f91946.jpg,Dataset\Cattle Breeds\Kasargod\Kasargod_83.png,6720817e66f91946fcfd6b01b51ceb73371adc1d167a56cc0b962744c7be0ae6
Cattle_Kasargod,train,train\Cattle_Kasargod\204b0e228b0b3a8d.jpg,Dataset\Cattle Breeds\Kasargod\Kasargod_51.jpg,204b0e228b0b3a8dc37858e14a0c8680e178ae9e3ec58241f3e120ecadd154f9
Cattle_Kasargod,train,train\Cattle_Kasargod\497e1a5af4edc9f6.jpg,Dataset\Cattle Breeds\Kasargod\Kasargod_80.png,497e1a5af4edc9f6fe4be153cd28c4747539f87728a308f3a4ecde4363c1a40c
Cattle_Kasargod,train,train\Cattle_Kasargod\1a2adcdb89fda9fb.jpg,Dataset\Cattle Breeds\Kasargod\Kasargod_29.jpg,1a2adcdb89fda9fb567cff99e42e7da097b817d8272b0ce58b1ced0a2ae89172
Cattle_Kasargod,train,train\Cattle_Kasargod\c06ac221c746d898.jpg,Dataset\Cattle Breeds\Kasargod\Kasargod_47.jpg,c06ac221c746d8984c2c7e3e369b33c81a729a2f5034d98cd3a869a11d7352cc
Cattle_Kasargod,train,train\Cattle_Kasargod\171e143f8da4426c.jpg,Dataset\Cattle Breeds\Kasargod\Kasargod_81.png,171e143f8da4426c96be90e88f25e0b0ffa81b867a63c48bd32b6bff86ef14b6
Cattle_Kasargod,train,train\Cattle_Kasargod\71bdf2b066ce213e.jpg,Dataset\Cattle Breeds\Kasargod\Kasargod_76.jpg,71bdf2b066ce213e3cd38ac45c3e9420870ab663486a596fd132cf83d501acd6
Cattle_Kasargod,train,train\Cattle_Kasargod\cff0b3236093fa91.jpg,Dataset\Cattle Breeds\Kasargod\Kasargod_22.JPG,cff0b3236093fa91dab2eb93dca7450136a670bf85297d439744292452ee2c7f
Cattle_Kasargod,train,train\Cattle_Kasargod\5038eb56a18c5df3.jpg,Dataset\Cattle Breeds\Kasargod\Kasargod_43.jpg,5038eb56a18c5df39dd9a906375f1b4c45221343fb8db596230157fe04cd94dd
Cattle_Kasargod,train,train\Cattle_Kasargod\7a4aab543f45c575.jpg,Dataset\Cattle Breeds\Kasargod\Kasargod_59.jpg,7a4aab543f45c575f311421e250e33554e0d5ae0904547df8a6ee73739467c08
Cattle_Kasargod,train,train\Cattle_Kasargod\631d0a3127c6968a.jpg,Dataset\Cattle Breeds\Kasargod\Kasargod_57.jpg,631d0a3127c6968adb6e9776c4ed6252320e8fef1ac0f41d0129e14269be0827
Cattle_Kasargod,train,train\Cattle_Kasargod\e882d40b7abc7490.jpg,Dataset\Cattle Breeds\Kasargod\Kasargod_6.jpg,e882d40b7abc74905451a7af837634daec5ec3648889f8f567d886edccca7e22
Cattle_Kasargod,train,train\Cattle_Kasargod\06c76a1cc26da6be.jpg,Dataset\Cattle Breeds\Kasargod\Kasargod_77.jpg,06c76a1cc26da6be4029ea4bcbc7edca50aa18dce60569261d4f763236423c94
Cattle_Kasargod,train,train\Cattle_Kasargod\db87f5b299543ea4.jpg,Dataset\Cattle Breeds\Kasargod\Kasargod_46.jpg,db87f5b299543ea43a97399a1ea32f248a1865a74d663a032e3903a653db23bb
Cattle_Kasargod,train,train\Cattle_Kasargod\1f77137ba4eecad0.jpg,Dataset\Cattle Breeds\Kasargod\Kasargod_85.png,1f77137ba4eecad02dca329553f5afab33b3d6504900c38fead89d01a1a2bf7b
Cattle_Kasargod,train,train\Cattle_Kasargod\8ce8f58862e08369.jpg,Dataset\Cattle Breeds\Kasargod\Kasargod_63.jpg,8ce8f58862e08369b07fff056fd4cea0fe9ad52f4e127ab2c75d3a5734ae1b94
Cattle_Kasargod,train,train\Cattle_Kasargod\738b8c3f3f8d8589.jpg,Dataset\Cattle Breeds\Kasargod\Kasargod_11.jpg,738b8c3f3f8d858955c381a1d54c77b20bef2fdf5dced3f3ab87c64307389394
Cattle_Kasargod,train,train\Cattle_Kasargod\8ff7129a5578b14e.jpg,Dataset\Cattle Breeds\Kasargod\Kasargod_93.png,8ff7129a5578b14ef5dd378ae3fbee8d16ed5c7fbfc810ac03a016234f3153ce
Cattle_Kasargod,train,train\Cattle_Kasargod\5d159c0bebe83c3b.jpg,Dataset\Cattle Breeds\Kasargod\Kasargod_14.jpg,5d159c0bebe83c3bbc08585eb939ce0782628fea3346b1fe1ab101e633eb7b52
Cattle_Kasargod,train,train\Cattle_Kasargod\f50bb2ecea238350.jpg,Dataset\Cattle Breeds\Kasargod\Kasargod_56.jpg,f50bb2ecea2383508e759b6b86dcca2d212ab88466216db55c3bfd4d26d78928
Cattle_Kasargod,train,train\Cattle_Kasargod\daf22db61362b7c2.jpg,Dataset\Cattle Breeds\Kasargod\Kasargod_18.jpg,daf22db61362b7c2c37a07096cf9fbb8e00a9ad67f1fc5f67d841a418c4f46c0
Cattle_Kasargod,train,train\Cattle_Kasargod\ca56c2caf5831458.jpg,Dataset\Cattle Breeds\Kasargod\Kasargod_50.jpg,ca56c2caf5831458b00a635339abfba1826ffefc4e5618b3b47e60e6f6d5c304
Cattle_Kasargod,train,train\Cattle_Kasargod\2d5e147223b05307.jpg,Dataset\Cattle Breeds\Kasargod\Kasargod_75.jpg,2d5e147223b053079b7e8cf2754f27a81aa23ba51d2379dd63fa96550932d1ef
Cattle_Kasargod,train,train\Cattle_Kasargod\76a1b24d8aa141e2.jpg,Dataset\Cattle Breeds\Kasargod\Kasargod_69.jpg,76a1b24d8aa141e2b0e2cc1a1d654b6646e62473cb02e856f5688a209226f39f
Cattle_Kasargod,train,train\Cattle_Kasargod\252b6c4356a769a0.jpg,Dataset\Cattle Breeds\Kasargod\Kasargod_36.jpg,252b6c4356a769a04a6bed042b13b3f379292ae7d5a20e04d2469a5c4c04f5de
Cattle_Kasargod,train,train\Cattle_Kasargod\3dc0c00364dbbb06.jpg,Dataset\Cattle Breeds\Kasargod\Kasargod_72.jpg,3dc0c00364dbbb0684711326bc21bff03b40eadfd711f1a720a14067d1ffe678
Cattle_Kasargod,train,train\Cattle_Kasargod\79472b504180d380.jpg,Dataset\Cattle Breeds\Kasargod\Kasargod_53.jpg,79472b504180d380c263d798e45e2bdb5e8ac28e6a4865c235ddd478a848cfeb
Cattle_Kasargod,train,train\Cattle_Kasargod\1060c52a96aecdc4.jpg,Dataset\Cattle Breeds\Kasargod\Kasargod_24.jpg,1060c52a96aecdc44e3f561f812ffdf18891810ec77fc302f020d028b2121a17
Cattle_Kasargod,train,train\Cattle_Kasargod\c05b5b0e5887abf3.jpg,Dataset\Cattle Breeds\Kasargod\Kasargod_3.jpg,c05b5b0e5887abf329c352bbf36241ddae6255b10c440122d5e0862b900632d0
Cattle_Kasargod,train,train\Cattle_Kasargod\03c967e3973355a5.jpg,Dataset\Cattle Breeds\Kasargod\Kasargod_60.jpg,03c967e3973355a567548d47176bf1f6b66710148d6c164ad5843eb8c33b6abd
Cattle_Kasargod,train,train\Cattle_Kasargod\e03acfd57ae13447.jpg,Dataset\Cattle Breeds\Kasargod\Kasargod_68.jpg,e03acfd57ae13447c506dcdc866fbe1682ddf8811faa9dae39800d30494643fc
Cattle_Kasargod,train,train\Cattle_Kasargod\4d4afabb857ac1d3.jpg,Dataset\Cattle Breeds\Kasargod\Kasargod_1.jpg,4d4afabb857ac1d307e38fee5d407ad29614a70554d5953b2f53d9eee483c4ab
Cattle_Kenkatha,test,test\Cattle_Kenkatha\0eefb1e6727930f4.jpg,Dataset\Cattle Breeds\Kenkatha\Kenkatha_52.jpg,0eefb1e6727930f42d37683b0e7f61e7b095c9a8a26fa644677a3d8285d2d3c9
Cattle_Kenkatha,test,test\Cattle_Kenkatha\fbc177ec635270d6.jpg,Dataset\Cattle Breeds\Kenkatha\Kenkatha_6.jpg,fbc177ec635270d6c8d8b8793b9a9b9726c1c4eec98f3588eb82f919b36bd53f
Cattle_Kenkatha,test,test\Cattle_Kenkatha\307b66289e745cbc.jpg,Dataset\Cattle Breeds\Kenkatha\Kenkatha_29.jpg,307b66289e745cbcb271da148e819aa300d2d13cde901ff91dce035f55c44160
Cattle_Kenkatha,test,test\Cattle_Kenkatha\29036c31eaabc918.jpg,Dataset\Cattle Breeds\Kenkatha\Kenkatha_36.png,29036c31eaabc9189680fb71b727e6dad1bfae38a20dd2303f76475e9192f025
Cattle_Kenkatha,test,test\Cattle_Kenkatha\9b2b77ff6b035c43.jpg,Dataset\Cattle Breeds\Kenkatha\Kenkatha_35.jpg,9b2b77ff6b035c43ff82ebef353438fa3740bc8007b7bfcd283c02f6d2164f9f
Cattle_Kenkatha,test,test\Cattle_Kenkatha\7f8278be4cb10a73.jpg,Dataset\Cattle Breeds\Kenkatha\Kenkatha_7.png,7f8278be4cb10a73823383df6763b3e13b822199e354d31b20ae8ea9e36f158a
Cattle_Kenkatha,test,test\Cattle_Kenkatha\1d2e48808f508d1a.jpg,Dataset\Cattle Breeds\Kenkatha\Kenkatha_18.png,1d2e48808f508d1afd33ef054c4caaff2ff5928f62c8e1f14ef0cfa82cfcd30b
Cattle_Kenkatha,test,test\Cattle_Kenkatha\3a32f77a1cddcc28.jpg,Dataset\Cattle Breeds\Kenkatha\Kenkatha_4.jpg,3a32f77a1cddcc289969d386aa1dc8303503fc0c5e8d84fe31327c99c61e9eb8
Cattle_Kenkatha,val,val\Cattle_Kenkatha\4b7376af33f483c4.jpg,Dataset\Cattle Breeds\Kenkatha\Kenkatha_1.jpeg,4b7376af33f483c45162d51c0af56828d8eb43d2ad34ee4c9af30d687697441c
Cattle_Kenkatha,val,val\Cattle_Kenkatha\44c0d275f74303e4.jpg,Dataset\Cattle Breeds\Kenkatha\Kenkatha_22.jpg,44c0d275f74303e475ad9ec0197b2fde3dfcfd7239313a65710e3a980a75841d
Cattle_Kenkatha,val,val\Cattle_Kenkatha\e14437e95d485a5b.jpg,Dataset\Cattle Breeds\Kenkatha\Kenkatha_20.JPG,e14437e95d485a5ba0fa2cf215c376ec79e9e7120dfa2bdb344aa6fee0d0145a
Cattle_Kenkatha,val,val\Cattle_Kenkatha\a14b2c1c0be5fab9.jpg,Dataset\Cattle Breeds\Kenkatha\Kenkatha_16.png,a14b2c1c0be5fab9d423f6a51e9c9432725afb465878350d337cca10a06ac852
Cattle_Kenkatha,val,val\Cattle_Kenkatha\38618abdd79532c1.jpg,Dataset\Cattle Breeds\Kenkatha\Kenkatha_55.jpg,38618abdd79532c13d57e18158a77492e30557182143ba45763e4c70ce308599
Cattle_Kenkatha,val,val\Cattle_Kenkatha\c7eff3abeefc5ae3.jpg,Dataset\Cattle Breeds\Kenkatha\Kenkatha_5.jpg,c7eff3abeefc5ae31cea2c2a0540e6187345182d248e7ba6da65e37f0e28ef8b
Cattle_Kenkatha,val,val\Cattle_Kenkatha\93290cbfd5677457.jpg,Dataset\Cattle Breeds\Kenkatha\Kenkatha_24.jpg,93290cbfd56774577ae060ea4072824450614e4d8cb9523df77dca0a12754764
Cattle_Kenkatha,val,val\Cattle_Kenkatha\1602db5610b77481.jpg,Dataset\Cattle Breeds\Kenkatha\Kenkatha_30.jpg,1602db5610b7748144b8f384a923c0b964c397373c69420ac48baaaaa7758d67
Cattle_Kenkatha,train,train\Cattle_Kenkatha\3ea5589465154a47.jpg,Dataset\Cattle Breeds\Kenkatha\Kenkatha_26.jpg,3ea5589465154a472755adb294928d0a135f5dddc9f25f7e4b74f700c62f31c4
Cattle_Kenkatha,train,train\Cattle_Kenkatha\4a6756daeb6fef89.jpg,Dataset\Cattle Breeds\Kenkatha\Kenkatha_48.JPG,4a6756daeb6fef89dc08905daad12956a50b3dcc11d2f6957a869177af606900
Cattle_Kenkatha,train,train\Cattle_Kenkatha\868e435a64533c3b.jpg,Dataset\Cattle Breeds\Kenkatha\Kenkatha_17.jpg,868e435a64533c3b3c5733d524e5c9beebc0180bccf2114ae14986a255381297
Cattle_Kenkatha,train,train\Cattle_Kenkatha\1add10e4ce2876ff.jpg,Dataset\Cattle Breeds\Kenkatha\Kenkatha_54.jpg,1add10e4ce2876ff673c685b805747837d6ab38c8c11f1fa939d29b8480d9810
Cattle_Kenkatha,train,train\Cattle_Kenkatha\43cabf8bb0d21abd.jpg,Dataset\Cattle Breeds\Kenkatha\Kenkatha_53.jpg,43cabf8bb0d21abd90fd8da6f0a3f2e887c7fc047c1047bd2cd4ee7c8cfd8544
Cattle_Kenkatha,train,train\Cattle_Kenkatha\c38b0442a14c6f89.jpg,Dataset\Cattle Breeds\Kenkatha\Kenkatha_42.jpg,c38b0442a14c6f8990a87ea1bf040fdec8321a7a0f02429df4786483f3254e12
Cattle_Kenkatha,train,train\Cattle_Kenkatha\06055171e3985de9.jpg,Dataset\Cattle Breeds\Kenkatha\Kenkatha_25.jpg,06055171e3985de9c2bb76cb99098650a72de786ae4165c3d706850c957461c7
Cattle_Kenkatha,train,train\Cattle_Kenkatha\ad4c8ad67e4dfaaf.jpg,Dataset\Cattle Breeds\Kenkatha\Kenkatha_51.jpg,ad4c8ad67e4dfaaf988016dcc56ad0dbd50f7e7292e6d6a33f4cefe9e983dfb7
Cattle_Kenkatha,train,train\Cattle_Kenkatha\43634c0c763f2ce0.jpg,Dataset\Cattle Breeds\Kenkatha\Kenkatha_31.jpg,43634c0c763f2ce0024befa81ce6bb9919b3c86b24485569a2864c8117364f91
Cattle_Kenkatha,train,train\Cattle_Kenkatha\e8b99f0395436e1c.jpg,Dataset\Cattle Breeds\Kenkatha\Kenkatha_2.jpg,e8b99f0395436e1c348da848e42649a24a1d5d6f89ab64a93d0d8526a1a8ce2d
Cattle_Kenkatha,train,train\Cattle_Kenkatha\d4308edd02fbdab5.jpg,Dataset\Cattle Breeds\Kenkatha\Kenkatha_34.JPG,d4308edd02fbdab5b0caf3dfb47142a78686f18aaa22dea4566007f2c4e38fbc
Cattle_Kenkatha,train,train\Cattle_Kenkatha\4795659c3c1bd542.jpg,Dataset\Cattle Breeds\Kenkatha\Kenkatha_8.jpg,4795659c3c1bd5428f0c73592bfd4f3cd277c21c981341d54b4fe0a8c75a4f3e
Cattle_Kenkatha,train,train\Cattle_Kenkatha\2c00b4d778e67e84.jpg,Dataset\Cattle Breeds\Kenkatha\Kenkatha_23.jpg,2c00b4d778e67e8441d62e7fcb2c143f793b10bc9a3abeb39672679df9c5d80c
Cattle_Kenkatha,train,train\Cattle_Kenkatha\ef586b56b87d8f4f.jpg,Dataset\Cattle Breeds\Kenkatha\Kenkatha_10.jpg,ef586b56b87d8f4ff341704d8b4845054b1c26298579e9340dd34d1f4127a68d
Cattle_Kenkatha,train,train\Cattle_Kenkatha\8959f71567c22299.jpg,Dataset\Cattle Breeds\Kenkatha\Kenkatha_41.jpg,8959f71567c222990f18eb035706de1d3c6d57b679c5f4cdc0d8769b32dc0950
Cattle_Kenkatha,train,train\Cattle_Kenkatha\e84c937c0e21eb2f.jpg,Dataset\Cattle Breeds\Kenkatha\Kenkatha_19.JPG,e84c937c0e21eb2fce0ba9f7773d0068b1994e458423307d2e632e54f229c268
Cattle_Kenkatha,train,train\Cattle_Kenkatha\828082a7ab60e0fc.jpg,Dataset\Cattle Breeds\Kenkatha\Kenkatha_50.jpg,828082a7ab60e0fc3ca0424ab24f4ee4faa05f29a9794b326fb80568703a77ba
Cattle_Kenkatha,train,train\Cattle_Kenkatha\da08cf3c360fff21.jpg,Dataset\Cattle Breeds\Kenkatha\Kenkatha_39.jpg,da08cf3c360fff21f5719ab9f895604717d5c8c72f2f466550b550927595b992
Cattle_Kenkatha,train,train\Cattle_Kenkatha\bfeec0da2bae5654.jpg,Dataset\Cattle Breeds\Kenkatha\Kenkatha_3.jpg,bfeec0da2bae56543e1b5d83f31cbc1531139b21ecf026c13cc198ed779e8c21
Cattle_Kenkatha,train,train\Cattle_Kenkatha\46f85cb2e2bf9cdf.jpg,Dataset\Cattle Breeds\Kenkatha\Kenkatha_21.jpeg,46f85cb2e2bf9cdfa33afde6a906657917f277f9d692d336b050469fdbe87741
Cattle_Kenkatha,train,train\Cattle_Kenkatha\8bc3ddbe1523bb1c.jpg,Dataset\Cattle Breeds\Kenkatha\Kenkatha_44.jpg,8bc3ddbe1523bb1c76dc8090d844a97600be38ba1872015526b8000015bac90b
Cattle_Kenkatha,train,train\Cattle_Kenkatha\95674abd79b9ebc8.jpg,Dataset\Cattle Breeds\Kenkatha\Kenkatha_37.jpg,95674abd79b9ebc8681ea29de14d9b44010319e55cc3b9681921a82d49f7ad58
Cattle_Kenkatha,train,train\Cattle_Kenkatha\f35bd5058d90012a.jpg,Dataset\Cattle Breeds\Kenkatha\Kenkatha_9.jpeg,f35bd5058d90012adcd39c04b6f5d7405beb1b02adac808bc8aae0c97ebd9326
Cattle_Kenkatha,train,train\Cattle_Kenkatha\70547b1eb7055244.jpg,Dataset\Cattle Breeds\Kenkatha\Kenkatha_43.jpg,70547b1eb7055244611072e89de4bc04e065c30285c2ad06e894ec9758f166f2
Cattle_Kenkatha,train,train\Cattle_Kenkatha\0e1480f2a7ea3d03.jpg,Dataset\Cattle Breeds\Kenkatha\Kenkatha_45.jpg,0e1480f2a7ea3d03166b9a14e0aee729ed6383b1dab2c5573c633cb6f8e8a461
Cattle_Kenkatha,train,train\Cattle_Kenkatha\1eb16403693fb84b.jpg,Dataset\Cattle Breeds\Kenkatha\Kenkatha_38.jpg,1eb16403693fb84ba4f9075dec6e2786e0fed95a53902ce15908ffdd428c0517
Cattle_Kenkatha,train,train\Cattle_Kenkatha\d06a3f86f2378c57.jpg,Dataset\Cattle Breeds\Kenkatha\Kenkatha_33.jpg,d06a3f86f2378c571bf5558af55b6b5027fcc18c9dd135eaf131e662a884e1e9
Cattle_Kenkatha,train,train\Cattle_Kenkatha\cf7b415725c488d8.jpg,Dataset\Cattle Breeds\Kenkatha\Kenkatha_40.jpg,cf7b415725c488d8b84e378727d6542b07f7438b0f6464889bc93cea5d14ef50
Cattle_Kenkatha,train,train\Cattle_Kenkatha\e12807b1259e8e6a.jpg,Dataset\Cattle Breeds\Kenkatha\Kenkatha_46.jpg,e12807b1259e8e6ae9d15a698e89fa588d74822cee2a33472d324bfae3fe5689
Cattle_Kenkatha,train,train\Cattle_Kenkatha\002ef33d6e8f1a71.jpg,Dataset\Cattle Breeds\Kenkatha\Kenkatha_47.jpg,002ef33d6e8f1a71d55d28a3507713a98194010a08c616ca47123cfe1a61e030
Cattle_Kenkatha,train,train\Cattle_Kenkatha\a7dba879bb8b11b5.jpg,Dataset\Cattle Breeds\Kenkatha\Kenkatha_15.jpg,a7dba879bb8b11b5684edd96388a3803f6dca2d9f6c2be239db4dfbbf7e444c5
Cattle_Kenkatha,train,train\Cattle_Kenkatha\e186c770723c7749.jpg,Dataset\Cattle Breeds\Kenkatha\Kenkatha_49.JPG,e186c770723c77493d8d33f0ebf088ebf10ca7e19ab6fef4552bb8b9c7a1e45c
Cattle_Kenkatha,train,train\Cattle_Kenkatha\229f8e28fb67cb6d.jpg,Dataset\Cattle Breeds\Kenkatha\Kenkatha_13.jpg,229f8e28fb67cb6d26c20da87af68fcaa24938a55b1957c66700bcb012f12137
Cattle_Kenkatha,train,train\Cattle_Kenkatha\37c52b8e35a2f9b1.jpg,Dataset\Cattle Breeds\Kenkatha\Kenkatha_28.jpg,37c52b8e35a2f9b1482465304e00fb2cca689dc86060b6af22035868ea1ee46c
Cattle_Kenkatha,train,train\Cattle_Kenkatha\fcef802f28def3f8.jpg,Dataset\Cattle Breeds\Kenkatha\Kenkatha_32.jpg,fcef802f28def3f86186c2befc99bb88c9f66c00a10a984e1c69aaf36cfbc266
Cattle_Kenkatha,train,train\Cattle_Kenkatha\21d888ba9cda5ff3.jpg,Dataset\Cattle Breeds\Kenkatha\Kenkatha_12.jpg,21d888ba9cda5ff3b6cd6649db601fee54b36d2042d6730c44aa1f9110fae360
Cattle_Kenkatha,train,train\Cattle_Kenkatha\c495a712bddf9e8a.jpg,Dataset\Cattle Breeds\Kenkatha\Kenkatha_11.png,c495a712bddf9e8a80defe8c504f714c01136eb86ff265ab39ed17e68e804005
Cattle_Khillari,test,test\Cattle_Khillari\ce10e32375e1d166.jpg,Dataset\Cattle Breeds\Khillari\Khillari_21.jpg,ce10e32375e1d1664ac7b32c1174d17c134bc59fc2ed1024b0777dc22a55d2d5
Cattle_Khillari,test,test\Cattle_Khillari\5aac1b2a4a34b7ba.jpg,Dataset\Cattle Breeds\Khillari\Khillari_2.JPG,5aac1b2a4a34b7ba8cafabf939f4b4a4fa1e95b6740a9ec4ffa613822d20090a
Cattle_Khillari,test,test\Cattle_Khillari\0b7a47495bcbd1a2.jpg,Dataset\Cattle Breeds\Khillari\Khillari_117.jpg,0b7a47495bcbd1a241068f40b57fc2a400c7b37bc0da4121680e070b7800bf6d
Cattle_Khillari,test,test\Cattle_Khillari\410fdd803b044533.jpg,Dataset\Cattle Breeds\Khillari\Khillari_101.jpg,410fdd803b0445330a76a4e9f49bdc88421a1ed51e2cffd5390d372f27421965
Cattle_Khillari,test,test\Cattle_Khillari\fe3aaa4096c39ba1.jpg,Dataset\Cattle Breeds\Khillari\Khillari_36.jpg,fe3aaa4096c39ba168a3d98773369952e52aaf2c35070c8a5fb6d115825faf45
Cattle_Khillari,test,test\Cattle_Khillari\10e7996e7f1b59b2.jpg,Dataset\Cattle Breeds\Khillari\Khillari_16.jpg,10e7996e7f1b59b27fc5dfacd1fce48e4adc4cfa66cf2353a2806f551efb99a2
Cattle_Khillari,test,test\Cattle_Khillari\5f045b85fe1f4368.jpg,Dataset\Cattle Breeds\Khillari\Khillari_1.JPG,5f045b85fe1f436868d209422fb801ed71df45b4c0db3cc55126d2410d37bcbe
Cattle_Khillari,test,test\Cattle_Khillari\212582b15e2f76a7.jpg,Dataset\Cattle Breeds\Khillari\Khillari_60.png,212582b15e2f76a756c0efed5c5ba0435ab5ae726ee59de0c827114c6e630b79
Cattle_Khillari,test,test\Cattle_Khillari\84383e2968754026.jpg,Dataset\Cattle Breeds\Khillari\Khillari_93.png,84383e29687540268d61d076b8d123966ce00bbbe056f73df1f6e3f7a960b129
Cattle_Khillari,test,test\Cattle_Khillari\d572d367c5d434d0.jpg,Dataset\Cattle Breeds\Khillari\Khillari_42.jpg,d572d367c5d434d0744ae4099d520a641577d45ccef3ae8764657a68b3734b0d
Cattle_Khillari,test,test\Cattle_Khillari\5e5d2d6085e43840.jpg,Dataset\Cattle Breeds\Khillari\Khillari_25.jpg,5e5d2d6085e43840ca81acf1b33bce91fbbc7dfa283f01e758f6a5d47ed8f1fc
Cattle_Khillari,test,test\Cattle_Khillari\2da453516f1b3aa7.jpg,Dataset\Cattle Breeds\Khillari\Khillari_23.jpg,2da453516f1b3aa763e402c2866b4456ce40c867482e3a89e1b3a218dc037747
Cattle_Khillari,test,test\Cattle_Khillari\ea6a144173953a59.jpg,Dataset\Cattle Breeds\Khillari\Khillari_26.png,ea6a144173953a593be9fe4dfa635dcc777d42735308810b408600d7dc85b47c
Cattle_Khillari,test,test\Cattle_Khillari\f392e660d795380a.jpg,Dataset\Cattle Breeds\Khillari\Khillari_105.jpg,f392e660d795380af956089541225854341642a86b9b0da8f1b0234a5e433ac7
Cattle_Khillari,test,test\Cattle_Khillari\124e5f73e86ac49f.jpg,Dataset\Cattle Breeds\Khillari\Khillari_8.jpg,124e5f73e86ac49f8ebe394b7f173dd64c2b831e5c1d93b4d951a821b9c5c48d
Cattle_Khillari,test,test\Cattle_Khillari\a45f7a2781011f33.jpg,Dataset\Cattle Breeds\Khillari\Khillari_10.jpg,a45f7a2781011f33bd24723bc42e4c77ee8cd0356ef3762653f6867770d84491
Cattle_Khillari,val,val\Cattle_Khillari\308ce6ec048d7eb5.jpg,Dataset\Cattle Breeds\Khillari\Khillari_48.png,308ce6ec048d7eb545c41e336f3a9d0b515c996beac6f61553fd81976a1535df
Cattle_Khillari,val,val\Cattle_Khillari\a22c5fa69b468309.jpg,Dataset\Cattle Breeds\Khillari\Khillari_53.jpg,a22c5fa69b4683091b2d51b708b945fed1fc3568ee1486d961320150e749f00c
Cattle_Khillari,val,val\Cattle_Khillari\76abf849e6bfa375.jpg,Dataset\Cattle Breeds\Khillari\Khillari_104.jpg,76abf849e6bfa375fdbdfefbdc3c83b2b863c6975fe48c725c2bf23aae6a733a
Cattle_Khillari,val,val\Cattle_Khillari\ff3438526217bf6d.jpg,Dataset\Cattle Breeds\Khillari\Khillari_103.jpg,ff3438526217bf6d6f94157c7f89f318bab81482a406fb694bc514feaeb32a92
Cattle_Khillari,val,val\Cattle_Khillari\873d9321bd859a37.jpg,Dataset\Cattle Breeds\Khillari\Khillari_110.jpg,873d9321bd859a37a18230e89c50d190990ef07051ce032868c159635cf591bb
Cattle_Khillari,val,val\Cattle_Khillari\facb185d6073e626.jpg,Dataset\Cattle Breeds\Khillari\Khillari_13.jpg,facb185d6073e6269d5fe8929b186f221e04a20ffbdab5930942f6e630ff2359
Cattle_Khillari,val,val\Cattle_Khillari\319db826838fb2d0.jpg,Dataset\Cattle Breeds\Khillari\Khillari_87.png,319db826838fb2d046cefcd91947a9bd0dcca544993b6b6aff3932774e5887bd
Cattle_Khillari,val,val\Cattle_Khillari\2b87d007e7e5218d.jpg,Dataset\Cattle Breeds\Khillari\Khillari_22.jpg,2b87d007e7e5218dd3321c54999aa44e54ccaee8bf05535b88051d3375976f1a
Cattle_Khillari,val,val\Cattle_Khillari\4cb98bf3d1494b81.jpg,Dataset\Cattle Breeds\Khillari\Khillari_41.jpg,4cb98bf3d1494b81444afd5749586835c97a1bc35adbe88ec216c04d27621c48
Cattle_Khillari,val,val\Cattle_Khillari\15d1f27ef040e219.jpg,Dataset\Cattle Breeds\Khillari\Khillari_73.png,15d1f27ef040e21914ee40811eea14efbfffaa1877e97c33f65cafee8520d892
Cattle_Khillari,val,val\Cattle_Khillari\91f3fbaf0fbd6b92.jpg,Dataset\Cattle Breeds\Khillari\Khillari_46.jpg,91f3fbaf0fbd6b921a9d3eb99343f22d69de63d1d5522ad7eef78184c5434ee1
Cattle_Khillari,val,val\Cattle_Khillari\a24a9ea0f49f53ec.jpg,Dataset\Cattle Breeds\Khillari\Khillari_50.jpg,a24a9ea0f49f53ec62a92d8950af5456cb935d7013b10198b6cb21939f230dae
Cattle_Khillari,val,val\Cattle_Khillari\8591c9328dd00f3b.jpg,Dataset\Cattle Breeds\Khillari\Khillari_57.png,8591c9328dd00f3b376bd6523d07db4ee81b7962b98574fb6cab0f7aedf1517e
Cattle_Khillari,val,val\Cattle_Khillari\92ca88e2dbea8341.jpg,Dataset\Cattle Breeds\Khillari\Khillari_30.jpg,92ca88e2dbea834103dcd3402acfc14d1d9f6fc854ff2a5f163262acb96b664a
Cattle_Khillari,val,val\Cattle_Khillari\ca5578f476a76ac0.jpg,Dataset\Cattle Breeds\Khillari\Khillari_51.jpg,ca5578f476a76ac0b3808b497fad0cb0d72e4d6b3ed89f9b28bfea0480fde8b8
Cattle_Khillari,val,val\Cattle_Khillari\d79aad2d9a05fde8.jpg,Dataset\Cattle Breeds\Khillari\Khillari_65.jpg,d79aad2d9a05fde8c4d2edce6ececc91913a2bbbcdd8f109aa463c32dde1227f
Cattle_Khillari,train,train\Cattle_Khillari\d94bf2905758f237.jpg,Dataset\Cattle Breeds\Khillari\Khillari_72.jpg,d94bf2905758f23702468e7ded62b64f7c373552a69aca37abf52afb518765c0
Cattle_Khillari,train,train\Cattle_Khillari\ebd91d99953fa103.jpg,Dataset\Cattle Breeds\Khillari\Khillari_20.jpg,ebd91d99953fa1037ee58745a1a7f4d3d0d711e3e519ae115d560fca0efc8287
Cattle_Khillari,train,train\Cattle_Khillari\a82f24fd14eeddf5.jpg,Dataset\Cattle Breeds\Khillari\Khillari_59.png,a82f24fd14eeddf5bc704709868fd590db33d5fb76441853399e58c56d9f3a83
Cattle_Khillari,train,train\Cattle_Khillari\6a69ce8ab121c8bd.jpg,Dataset\Cattle Breeds\Khillari\Khillari_64.jpg,6a69ce8ab121c8bdea0422192b4f534396f2d45b484adeb4bc94c674668894d3
Cattle_Khillari,train,train\Cattle_Khillari\6cf455686be81085.jpg,Dataset\Cattle Breeds\Khillari\Khillari_24.jpg,6cf455686be81085c009e51daf29d37140eee34d2c02c825c5dc74e63bbebadf
Cattle_Khillari,train,train\Cattle_Khillari\8c1fc96c4d6d6b55.jpg,Dataset\Cattle Breeds\Khillari\Khillari_111.jpg,8c1fc96c4d6d6b55761d1a642a6c740d2ed8c5a2a01f328b7d9448e6fbac92d9
Cattle_Khillari,train,train\Cattle_Khillari\436257ffe3b34bb5.jpg,Dataset\Cattle Breeds\Khillari\Khillari_31.jpg,436257ffe3b34bb51de7d648394b8ffcac8b13b9adc594e6ce12aba731c38dcb
Cattle_Khillari,train,train\Cattle_Khillari\6219ae18fbd89750.jpg,Dataset\Cattle Breeds\Khillari\Khillari_91.png,6219ae18fbd897502c690a33c29b319c57a73772b2b6ab108a7a8a9a5a5a5737
Cattle_Khillari,train,train\Cattle_Khillari\c6adc159c82e625b.jpg,Dataset\Cattle Breeds\Khillari\Khillari_86.png,c6adc159c82e625bf08721372930af33a2f72c123734791a5500092c5d929deb
Cattle_Khillari,train,train\Cattle_Khillari\42f73b797e68c215.jpg,Dataset\Cattle Breeds\Khillari\Khillari_38.jpg,42f73b797e68c21568c7238562a5cd89871e82a65d0d3641738346ee9f25cc4f
Cattle_Khillari,train,train\Cattle_Khillari\f1cb71b98104fcc6.jpg,Dataset\Cattle Breeds\Khillari\Khillari_112.png,f1cb71b98104fcc6f111cd4f79cda0158e25564d6a546f5a7498e0a19f28b3c6
Cattle_Khillari,train,train\Cattle_Khillari\f23e793eaaf3d0f0.jpg,Dataset\Cattle Breeds\Khillari\Khillari_67.jpg,f23e793eaaf3d0f0d48b22aff0418ae4559abe34bc0d22ed409f4299f01e54e1
Cattle_Khillari,train,train\Cattle_Khillari\4e552190304fb04a.jpg,Dataset\Cattle Breeds\Khillari\Khillari_17.jpg,4e552190304fb04aeb193e893a217da3ee59a2a0646ac9290b0eb551ee94a414
Cattle_Khillari,train,train\Cattle_Khillari\466a294c8c88701d.jpg,Dataset\Cattle Breeds\Khillari\Khillari_7.jpg,466a294c8c88701de4aa9076b1e08b29fd83e23bac7f7a056c86028475600e2c
Cattle_Khillari,train,train\Cattle_Khillari\e933727ba0b535a7.jpg,Dataset\Cattle Breeds\Khillari\Khillari_62.jpg,e933727ba0b535a74e01c364b7bdf5ebc8dbae429ea7bd5c25c497cd3f99162c
Cattle_Khillari,train,train\Cattle_Khillari\f854ec92487e0fcd.jpg,Dataset\Cattle Breeds\Khillari\Khillari_97.jpg,f854ec92487e0fcd82f237cb33ac02d33afe172ca3b2a6796f7c2cd78658800d
Cattle_Khillari,train,train\Cattle_Khillari\31aa6e05324e2273.jpg,Dataset\Cattle Breeds\Khillari\Khillari_43.jpg,31aa6e05324e2273ddea81a3c466ef39fde41236178c2b0dbd7b8b966f61d3f1
Cattle_Khillari,train,train\Cattle_Khillari\91ea461601b12117.jpg,Dataset\Cattle Breeds\Khillari\Khillari_49.jpg,91ea461601b12117aa7a1e8369d65f55a4897ce909caf8a7482775ff01245350
Cattle_Khillari,train,train\Cattle_Khillari\65dcd1ae6fde79a9.jpg,Dataset\Cattle Breeds\Khillari\Khillari_5.jpg,65dcd1ae6fde79a95327ef20584ce915ac86095194b2f2ce7f11afdae0f6023c
Cattle_Khillari,train,train\Cattle_Khillari\974919ae68bc3112.jpg,Dataset\Cattle Breeds\Khillari\Khillari_90.png,974919ae68bc3112512f9c0c8d3f67b5e4a4b23a1209c6b64b0b7e32ce833541
Cattle_Khillari,train,train\Cattle_Khillari\e190597e96e4e399.jpg,Dataset\Cattle Breeds\Khillari\Khillari_78.png,e190597e96e4e399a2c10ab4621a24e2be28eca9868fe2506c7a2ab3202062a6
Cattle_Khillari,train,train\Cattle_Khillari\417a5da1e7d6840b.jpg,Dataset\Cattle Breeds\Khillari\Khillari_83.jpg,417a5da1e7d6840b512aa3eab9915e4d66f4b04ada7b8a9f69264d34fc985104
Cattle_Khillari,train,train\Cattle_Khillari\ec1c30bcc9b1c0b6.jpg,Dataset\Cattle Breeds\Khillari\Khillari_89.jpg,ec1c30bcc9b1c0b6b30aae64e512329178b3cf0a057f3767581b32343b4b84ab
Cattle_Khillari,train,train\Cattle_Khillari\8d67904702d35488.jpg,Dataset\Cattle Breeds\Khillari\Khillari_80.png,8d67904702d35488bdaf7fcb89858614a5c7a6e0448d41c60dc796c16fe5aa4b
Cattle_Khillari,train,train\Cattle_Khillari\4f15c5f8d09cf61f.jpg,Dataset\Cattle Breeds\Khillari\Khillari_28.jpg,4f15c5f8d09cf61f4a6f6fdc8a6ad699a9be2277bb6621c49c6a25ff77ae1110
Cattle_Khillari,train,train\Cattle_Khillari\637740c251ea241d.jpg,Dataset\Cattle Breeds\Khillari\Khillari_106.jpg,637740c251ea241dc15de0d68d001ef7ec91f09e8f17ec3335a1455b1c9867d6
Cattle_Khillari,train,train\Cattle_Khillari\c1959d6849310849.jpg,Dataset\Cattle Breeds\Khillari\Khillari_99.jpg,c1959d6849310849f98150dbfb6b6772094d26e733faa69e4349b9da85e9e22f
Cattle_Khillari,train,train\Cattle_Khillari\b5c3c1fb09d5ba1d.jpg,Dataset\Cattle Breeds\Khillari\Khillari_4.png,b5c3c1fb09d5ba1dd9b17bed76c33f3f91296614199b680d2336a1f3c5f492f9
Cattle_Khillari,train,train\Cattle_Khillari\8c11ef10b757f00c.jpg,Dataset\Cattle Breeds\Khillari\Khillari_47.png,8c11ef10b757f00cf721fa8dbd1442aeed1903cf7ea4c061dc61332d7cb369ce
Cattle_Khillari,train,train\Cattle_Khillari\d6c373f20e94a7e1.jpg,Dataset\Cattle Breeds\Khillari\Khillari_12.jpg,d6c373f20e94a7e1fad1dd8f3da43939dbe789b3da6d8fffef815d1e9d524eb2
Cattle_Khillari,train,train\Cattle_Khillari\99eb158f77cd89a6.jpg,Dataset\Cattle Breeds\Khillari\Khillari_77.png,99eb158f77cd89a61a75cc6f4259a6d6cb742be0a0c1922dbd2bdc02fd567bf2
Cattle_Khillari,train,train\Cattle_Khillari\45b33d9da23ff85d.jpg,Dataset\Cattle Breeds\Khillari\Khillari_102.jpg,45b33d9da23ff85db3b1d98e7cd5bd65012027f3ff9722884a130aa94830829d
Cattle_Khillari,train,train\Cattle_Khillari\346c13c5f7b86e25.jpg,Dataset\Cattle Breeds\Khillari\Khillari_55.jpg,346c13c5f7b86e258f9448edeed34689a9ddb79c549f400aa25a6757ca2beee7
Cattle_Khillari,train,train\Cattle_Khillari\e63111a479ebee10.jpg,Dataset\Cattle Breeds\Khillari\Khillari_11.jpg,e63111a479ebee1023c6717be5de3e75df3cd1b6b021767fb59c49667be30129
Cattle_Khillari,train,train\Cattle_Khillari\0e32090da9db4d01.jpg,Dataset\Cattle Breeds\Khillari\Khillari_27.jpg,0e32090da9db4d013a433a00b30f29d231510fdba63b459df005f01d1f6439fb
Cattle_Khillari,train,train\Cattle_Khillari\bc02b6d0d53de11f.jpg,Dataset\Cattle Breeds\Khillari\Khillari_107.png,bc02b6d0d53de11fbfdf80512e16ed0f38f59e5c3d8912572975560dd3d84d1b
Cattle_Khillari,train,train\Cattle_Khillari\e0a2690684ed21b3.jpg,Dataset\Cattle Breeds\Khillari\Khillari_96.jpg,e0a2690684ed21b3bf030a5d900cad58e9830407aabbcdf1ca4d53d1f44823db
Cattle_Khillari,train,train\Cattle_Khillari\b6447a80f3749d11.jpg,Dataset\Cattle Breeds\Khillari\Khillari_114.jpg,b6447a80f3749d11c4091084aba5e470b20d9a2205d8cc4be22b6eae81d52fb2
Cattle_Khillari,train,train\Cattle_Khillari\d305c8462e92e475.jpg,Dataset\Cattle Breeds\Khillari\Khillari_19.png,d305c8462e92e475d57f4912fb23c32e73f385771273922da9bb1129df3feb4c
Cattle_Khillari,train,train\Cattle_Khillari\3ad93d3c3aef7128.jpg,Dataset\Cattle Breeds\Khillari\Khillari_15.png,3ad93d3c3aef712820858cb3dc07e787b9699c2d6ac41e49b8e8af6728d44309
Cattle_Khillari,train,train\Cattle_Khillari\2622928129054b1a.jpg,Dataset\Cattle Breeds\Khillari\Khillari_52.jpg,2622928129054b1a50a2bb8e8cc490cc86e6a7dea4e7d4831bc0dbe2c652aa77
Cattle_Khillari,train,train\Cattle_Khillari\0a08eddc1d64bad4.jpg,Dataset\Cattle Breeds\Khillari\Khillari_33.png,0a08eddc1d64bad4e2057a840d0d492f67176fee71f56f08bd1022e8e0e4ab06
Cattle_Khillari,train,train\Cattle_Khillari\b08bf409a1aac580.jpg,Dataset\Cattle Breeds\Khillari\Khillari_18.jpg,b08bf409a1aac580d83e43ee28eae5a57e67ff4a77dff3f61fa77e06bf3f2d86
Cattle_Khillari,train,train\Cattle_Khillari\483067efbf3e9b86.jpg,Dataset\Cattle Breeds\Khillari\Khillari_14.jpg,483067efbf3e9b86f9dd265da18c28db7837ce9be12e898a1cea0e886497f5b1
Cattle_Khillari,train,train\Cattle_Khillari\b8ac4051746dabd3.jpg,Dataset\Cattle Breeds\Khillari\Khillari_88.png,b8ac4051746dabd3a4b9c596e240576cc53557e21f1b2dd4e7149c61488fc71b
Cattle_Khillari,train,train\Cattle_Khillari\f3723c2b89c606ba.jpg,Dataset\Cattle Breeds\Khillari\Khillari_71.jpg,f3723c2b89c606baae247f90e29c6bdea48a568a2cf398dd179ebbc9c79cdfb0
Cattle_Khillari,train,train\Cattle_Khillari\f29af338657354ab.jpg,Dataset\Cattle Breeds\Khillari\Khillari_100.png,f29af338657354ab861a60784a2f7176d69973c45538e662b695a1f6e414d066
Cattle_Khillari,train,train\Cattle_Khillari\8470bb18176d0893.jpg,Dataset\Cattle Breeds\Khillari\Khillari_37.png,8470bb18176d0893d1f891b9e37a43fec29f3d8b484f264aa4171dd192c1e134
Cattle_Khillari,train,train\Cattle_Khillari\338fa962bacd40cc.jpg,Dataset\Cattle Breeds\Khillari\Khillari_56.jpg,338fa962bacd40cc924bfdb08afb9b0b6cfe228aef86513b61064dff51f9bf9f
Cattle_Khillari,train,train\Cattle_Khillari\5770091af128ec98.jpg,Dataset\Cattle Breeds\Khillari\Khillari_44.jpg,5770091af128ec989c06fb70f15cb2db71d845810a59b2e04b4be140d8bb1cfc
Cattle_Khillari,train,train\Cattle_Khillari\90689cb7f3c1dece.jpg,Dataset\Cattle Breeds\Khillari\Khillari_109.png,90689cb7f3c1dece740587eb1bc6fa96b96b6942929539b283017d8efc44551d
Cattle_Khillari,train,train\Cattle_Khillari\4f5b3db1bfd8207e.jpg,Dataset\Cattle Breeds\Khillari\Khillari_58.jpg,4f5b3db1bfd8207e255b8e2f59e528077a56a3409247bc55be059d6da197e827
Cattle_Khillari,train,train\Cattle_Khillari\d15257fef9020799.jpg,Dataset\Cattle Breeds\Khillari\Khillari_85.jpg,d15257fef9020799720259c5400b735d50b080331e7640b9001067cef326796e
Cattle_Khillari,train,train\Cattle_Khillari\2e0e7c1865641d94.jpg,Dataset\Cattle Breeds\Khillari\Khillari_95.jpg,2e0e7c1865641d94ddc122c6ea1dfda7b98fa6bde34718ba6f9efed7a5b395e4
Cattle_Khillari,train,train\Cattle_Khillari\87738300fc873851.jpg,Dataset\Cattle Breeds\Khillari\Khillari_74.png,87738300fc8738511259bafee5263242c43d70c04e1b2946ec2f2fd0b17dd178
Cattle_Khillari,train,train\Cattle_Khillari\c8e6ccdec5df5deb.jpg,Dataset\Cattle Breeds\Khillari\Khillari_39.jpg,c8e6ccdec5df5debac416f209ee67ded165cd8100d5f8f02c6606a43c35f002c
Cattle_Khillari,train,train\Cattle_Khillari\253741486adef630.jpg,Dataset\Cattle Breeds\Khillari\Khillari_63.png,253741486adef6307891f5fc035add70701b882d634a589d46c67207208cd003
Cattle_Khillari,train,train\Cattle_Khillari\217a1a63b83cc9f5.jpg,Dataset\Cattle Breeds\Khillari\Khillari_9.png,217a1a63b83cc9f580c59bf6e73174f263a3c3900602ae5559346eeb08306395
Cattle_Khillari,train,train\Cattle_Khillari\592b591d8ae4df1f.jpg,Dataset\Cattle Breeds\Khillari\Khillari_94.png,592b591d8ae4df1f19ffba44b7b8d4f187aa71ea41e855532aedd099e0abcdbc
Cattle_Khillari,train,train\Cattle_Khillari\c4fc26b12d42af12.jpg,Dataset\Cattle Breeds\Khillari\Khillari_82.png,c4fc26b12d42af12de6f520c5617059de34f0d9af4ae45dfbea405b9d0aa98b5
Cattle_Khillari,train,train\Cattle_Khillari\93a96440150ddfb9.jpg,Dataset\Cattle Breeds\Khillari\Khillari_68.jpg,93a96440150ddfb9bb80d875177d2ac6a3d83bc91cbc21f4a882d2aae5b68b6c
Cattle_Khillari,train,train\Cattle_Khillari\87fc912a2689dc18.jpg,Dataset\Cattle Breeds\Khillari\Khillari_113.jpg,87fc912a2689dc18852f826b984b737abb6c450f4ab93639c22ea7f9d7b650b1
Cattle_Khillari,train,train\Cattle_Khillari\7659c62e0fa0e177.jpg,Dataset\Cattle Breeds\Khillari\Khillari_40.jpg,7659c62e0fa0e17708ba994d8f4312b0364c1cbbb063faebb915c7472434bb26
Cattle_Khillari,train,train\Cattle_Khillari\8606ad0047fa69df.jpg,Dataset\Cattle Breeds\Khillari\Khillari_92.png,8606ad0047fa69dfe7e9b23cf81135e6edb956f04885bc842a211a4f048fb5c3
Cattle_Khillari,train,train\Cattle_Khillari\f0dadbda5e286d70.jpg,Dataset\Cattle Breeds\Khillari\Khillari_81.png,f0dadbda5e286d70f8f35f5ce2500da833439c89b9b9ca2af8704997894e7d11
Cattle_Khillari,train,train\Cattle_Khillari\761c85575cf5b3f2.jpg,Dataset\Cattle Breeds\Khillari\Khillari_75.jpg,761c85575cf5b3f258d200b3ce9d7c894e33a052315e09548adb41d6e9d9f52f
Cattle_Khillari,train,train\Cattle_Khillari\e9b1abfe683a5ba5.jpg,Dataset\Cattle Breeds\Khillari\Khillari_29.jpg,e9b1abfe683a5ba5e82374f39248a6476e9215698e901eb36fa7bc22ed8b4ce4
Cattle_Khillari,train,train\Cattle_Khillari\10ebc00e5df316a4.jpg,Dataset\Cattle Breeds\Khillari\Khillari_35.png,10ebc00e5df316a4b877afc4f6b3fe530c36de20c89a8fce57b84edd963f971b
Cattle_Khillari,train,train\Cattle_Khillari\093da34185486f20.jpg,Dataset\Cattle Breeds\Khillari\Khillari_115.png,093da34185486f2073d379bdd83f695517f9e338b13aa442edbfe2be4b37f26a
Cattle_Khillari,train,train\Cattle_Khillari\de58b066a2ae7d51.jpg,Dataset\Cattle Breeds\Khillari\Khillari_98.jpeg,de58b066a2ae7d51c781d17bbf23978556f256489dc584bc8a2111af216a1d29
Cattle_Khillari,train,train\Cattle_Khillari\eb50b936238c52db.jpg,Dataset\Cattle Breeds\Khillari\Khillari_66.jpg,eb50b936238c52dbfdcd3fdf0fc3ce89e936412f8fc7d728685ff3273c6040e7
Cattle_Khillari,train,train\Cattle_Khillari\0aa7478e256f2cc2.jpg,Dataset\Cattle Breeds\Khillari\Khillari_108.jpg,0aa7478e256f2cc2e2c70e5a8a66d6837c7caba6855d3c850c7a1613e3aa0cd0
Cattle_Khillari,train,train\Cattle_Khillari\a7206664a45d556b.jpg,Dataset\Cattle Breeds\Khillari\Khillari_32.jpg,a7206664a45d556b35be98c3deb57ad471ab1e6334fdf8608d21f7fd003170b8
Cattle_Khillari,train,train\Cattle_Khillari\ccd4d43f5248d0aa.jpg,Dataset\Cattle Breeds\Khillari\Khillari_116.png,ccd4d43f5248d0aa2a377cc5931d1995254d0708877f97f6f31850383070e289
Cattle_Khillari,train,train\Cattle_Khillari\f616c1cafb819e64.jpg,Dataset\Cattle Breeds\Khillari\Khillari_69.jpg,f616c1cafb819e643358e07fa8c3e892381981ef83d967af1f918cb82762565d
Cattle_Khillari,train,train\Cattle_Khillari\4f89c66592aa61f2.jpg,Dataset\Cattle Breeds\Khillari\Khillari_76.png,4f89c66592aa61f297ec7b65be6b0545f9fbb9c1cbd2fd646981e1863ecde195
Cattle_Khillari,train,train\Cattle_Khillari\12d0f733c529e6a2.jpg,Dataset\Cattle Breeds\Khillari\Khillari_84.jpg,12d0f733c529e6a2a837862d82761281cb4f3170508f208832410d6a7ae02950
Cattle_Krishna_Valley,test,test\Cattle_Krishna_Valley\15cb3aa4de4b28ab.jpg,Dataset\Cattle Breeds\Krishna_Valley\Krishna_Valley_84.jpg,15cb3aa4de4b28abdf3ac171086c94d57a1d2eeec77dfa9dde9267959c15bedc
Cattle_Krishna_Valley,test,test\Cattle_Krishna_Valley\b6d9ad7ac462d942.jpg,Dataset\Cattle Breeds\Krishna_Valley\Krishna_Valley_82.jpg,b6d9ad7ac462d9423d5d1bd5f2408dfe6e42aa9d00a69cbc67976b028e017265
Cattle_Krishna_Valley,test,test\Cattle_Krishna_Valley\3175979eda56d278.jpg,Dataset\Cattle Breeds\Krishna_Valley\Krishna_Valley_128.jpg,3175979eda56d278602ce976a77293d2a2dc880a05236c15144f9f05bf01ab2d
Cattle_Krishna_Valley,test,test\Cattle_Krishna_Valley\89f2899a51208cea.jpg,Dataset\Cattle Breeds\Krishna_Valley\Krishna_Valley_80.jpg,89f2899a51208ceab29c1e45528be00467e7402892cbb0e75b786261b0811777
Cattle_Krishna_Valley,test,test\Cattle_Krishna_Valley\661f48104a141782.jpg,Dataset\Cattle Breeds\Krishna_Valley\Krishna_Valley_16.jpg,661f48104a1417820593a388e32f394b1f65c14e889c69f3aed681ffe960635c
Cattle_Krishna_Valley,test,test\Cattle_Krishna_Valley\266dbe60ccfd341a.jpg,Dataset\Cattle Breeds\Krishna_Valley\Krishna_Valley_92.jpg,266dbe60ccfd341a0bea39a14c83da05686b053d0e224b821e53bf8eedc828f7
Cattle_Krishna_Valley,test,test\Cattle_Krishna_Valley\5f66f2cd0d72dd50.jpg,Dataset\Cattle Breeds\Krishna_Valley\Krishna_Valley_85.jpg,5f66f2cd0d72dd501861ec40f6a05edceecbb590e04f12ffc2aaee6406e47d10
Cattle_Krishna_Valley,test,test\Cattle_Krishna_Valley\c332cc0543212cc4.jpg,Dataset\Cattle Breeds\Krishna_Valley\Krishna_Valley_105.jpg,c332cc0543212cc4e002ca44695db899f155b10c95a2e50970cdabc4690da08e
Cattle_Krishna_Valley,test,test\Cattle_Krishna_Valley\83b22a5277cc6387.jpg,Dataset\Cattle Breeds\Krishna_Valley\Krishna_Valley_64.jpg,83b22a5277cc63871ac6a14edea88562c88aee049ef533f6dd7a4169c2c9da79
Cattle_Krishna_Valley,test,test\Cattle_Krishna_Valley\6453ac8589d41150.jpg,Dataset\Cattle Breeds\Krishna_Valley\Krishna_Valley_122.jpg,6453ac8589d41150a749a0a4d43a9009e1000e70d993312dde51925037524716
Cattle_Krishna_Valley,test,test\Cattle_Krishna_Valley\e8ecd7471bbeed0a.jpg,Dataset\Cattle Breeds\Krishna_Valley\Krishna_Valley_23.jpg,e8ecd7471bbeed0a1c8316a377959af788d992d8afd1473957a5314de7c36e15
Cattle_Krishna_Valley,test,test\Cattle_Krishna_Valley\4ce9cb4a52c5cec4.jpg,Dataset\Cattle Breeds\Krishna_Valley\Krishna_Valley_20.jpg,4ce9cb4a52c5cec47097ed4f64828f4e256c896ceca60387b921d221c662d576
Cattle_Krishna_Valley,test,test\Cattle_Krishna_Valley\2d73974495e3b4c7.jpg,Dataset\Cattle Breeds\Krishna_Valley\Krishna_Valley_17.jpg,2d73974495e3b4c7210ea1b05268da39f308b454666d5b65ecc504ae43c9a094
Cattle_Krishna_Valley,test,test\Cattle_Krishna_Valley\26cd8f6a386c81d4.jpg,Dataset\Cattle Breeds\Krishna_Valley\Krishna_Valley_71.jpg,26cd8f6a386c81d4a0edd27095ddc22311a64c71ad3e8cb9a788cb88ff95d88f
Cattle_Krishna_Valley,test,test\Cattle_Krishna_Valley\c23d55ab1b20518b.jpg,Dataset\Cattle Breeds\Krishna_Valley\Krishna_Valley_126.jpg,c23d55ab1b20518b74d760e7691b91c55d6a6f371dadc6b57ede961381d56683
Cattle_Krishna_Valley,test,test\Cattle_Krishna_Valley\0ecb796ee513526a.jpg,Dataset\Cattle Breeds\Krishna_Valley\Krishna_Valley_70.jpg,0ecb796ee513526a19fbe2b5d1b0cd403a9a008e865bae1afc4d4d8e1092bb40
Cattle_Krishna_Valley,test,test\Cattle_Krishna_Valley\82600452518f8303.jpg,Dataset\Cattle Breeds\Krishna_Valley\Krishna_Valley_60.jpg,82600452518f830342d3969916c25bc0a319d3c8dcf2f331d69f95edad5b3124
Cattle_Krishna_Valley,test,test\Cattle_Krishna_Valley\09faf95b5e33719a.jpg,Dataset\Cattle Breeds\Krishna_Valley\Krishna_Valley_4.jpg,09faf95b5e33719a063aedbc10bc4d722d9fa903a1d74bba3890e330cf5b01ea
Cattle_Krishna_Valley,test,test\Cattle_Krishna_Valley\09415bdeb3143134.jpg,Dataset\Cattle Breeds\Krishna_Valley\Krishna_Valley_107.jpg,09415bdeb3143134864d07e68516485e4678d2a29451d91f4083f718ee85ef75
Cattle_Krishna_Valley,test,test\Cattle_Krishna_Valley\206cfa738771179a.jpg,Dataset\Cattle Breeds\Krishna_Valley\Krishna_Valley_32.jpg,206cfa738771179a4ea59ff8b73345bebe4c0423dce51dad16b249499098de7a
Cattle_Krishna_Valley,val,val\Cattle_Krishna_Valley\94babc09cb9ff5d6.jpg,Dataset\Cattle Breeds\Krishna_Valley\Krishna_Valley_61.jpg,94babc09cb9ff5d6ba3272d61dbec1a4e3f6fd36b14dcba26e46192ba8ca7769
Cattle_Krishna_Valley,val,val\Cattle_Krishna_Valley\09103e032ecdac63.jpg,Dataset\Cattle Breeds\Krishna_Valley\Krishna_Valley_27.jpg,09103e032ecdac63eaba69b0f1150578181057f548c173264732a13ae1106c66
Cattle_Krishna_Valley,val,val\Cattle_Krishna_Valley\c9c5a6970c13ffe8.jpg,Dataset\Cattle Breeds\Krishna_Valley\Krishna_Valley_19.jpg,c9c5a6970c13ffe8c57b3ae5ce0ec7b86f266c2e07669ad691a2284c9807141b
Cattle_Krishna_Valley,val,val\Cattle_Krishna_Valley\70f22e469d8adb90.jpg,Dataset\Cattle Breeds\Krishna_Valley\Krishna_Valley_68.jpg,70f22e469d8adb90571892708ff4d33e94b10096f15e8ebd87fa959fc2f39e35
Cattle_Krishna_Valley,val,val\Cattle_Krishna_Valley\900b5ff4de7c723d.jpg,Dataset\Cattle Breeds\Krishna_Valley\Krishna_Valley_118.jpg,900b5ff4de7c723dc8001e871dcce317cac5c80be5b7ecdea3b85f4ca31b56f2
Cattle_Krishna_Valley,val,val\Cattle_Krishna_Valley\2b426234158755c1.jpg,Dataset\Cattle Breeds\Krishna_Valley\Krishna_Valley_53.jpg,2b426234158755c1e0caba93641bc464627cff4e2d3d4a07771ddfc07cd66309
Cattle_Krishna_Valley,val,val\Cattle_Krishna_Valley\7dd95ce060e1d2f2.jpg,Dataset\Cattle Breeds\Krishna_Valley\Krishna_Valley_97.jpg,7dd95ce060e1d2f2242acefecdfc1663e468ce0739bace3836ecc2f008779aec
Cattle_Krishna_Valley,val,val\Cattle_Krishna_Valley\f2b81d8738256731.jpg,Dataset\Cattle Breeds\Krishna_Valley\Krishna_Valley_46.jpg,f2b81d87382567311da0e21b426dac91dcccdc54820edd7d93e3a3631d8c58bd
Cattle_Krishna_Valley,val,val\Cattle_Krishna_Valley\633ea454fc333dc4.jpg,Dataset\Cattle Breeds\Krishna_Valley\Krishna_Valley_24.jpg,633ea454fc333dc41310131360ea533a6ea9ae1eec7b2aedeaf2321ca91a3bf1
Cattle_Krishna_Valley,val,val\Cattle_Krishna_Valley\3e2f1d271611e5eb.jpg,Dataset\Cattle Breeds\Krishna_Valley\Krishna_Valley_37.jpg,3e2f1d271611e5ebc1f9c0782aac95a5b32012e1d22c602ff11274980e929fdb
Cattle_Krishna_Valley,val,val\Cattle_Krishna_Valley\4ac8ea200234cb4e.jpg,Dataset\Cattle Breeds\Krishna_Valley\Krishna_Valley_123.jpg,4ac8ea200234cb4e9cb7599caacc1be30b32a876f467a05665bdd97f2374bc51
Cattle_Krishna_Valley,val,val\Cattle_Krishna_Valley\96a9ef77e19ff78a.jpg,Dataset\Cattle Breeds\Krishna_Valley\Krishna_Valley_11.jpg,96a9ef77e19ff78ab99c1e9867e2cc83639583c66d2fdff6a44b6450908054b7
Cattle_Krishna_Valley,val,val\Cattle_Krishna_Valley\35ad67875aaf0070.jpg,Dataset\Cattle Breeds\Krishna_Valley\Krishna_Valley_55.jpg,35ad67875aaf0070c63b2ba2a54ec19a1dbe057450b562c8ca077d7c5775a5da
Cattle_Krishna_Valley,val,val\Cattle_Krishna_Valley\ea8d4372ff58082f.jpg,Dataset\Cattle Breeds\Krishna_Valley\Krishna_Valley_135.jpg,ea8d4372ff58082fcd5625335ed8733bd30293550b843688e80f749dc9d50324
Cattle_Krishna_Valley,val,val\Cattle_Krishna_Valley\f469593f60caaf05.jpg,Dataset\Cattle Breeds\Krishna_Valley\Krishna_Valley_86.jpg,f469593f60caaf056965b852d3556da03edc85e781af6c1ceeb1ff18101cdc5c
Cattle_Krishna_Valley,val,val\Cattle_Krishna_Valley\6126e8c29f097b00.jpg,Dataset\Cattle Breeds\Krishna_Valley\Krishna_Valley_99.jpg,6126e8c29f097b00fc60e81d63cd522548944c6032525de675cfb8581f67b2af
Cattle_Krishna_Valley,val,val\Cattle_Krishna_Valley\9cfa4b7eab42b2b5.jpg,Dataset\Cattle Breeds\Krishna_Valley\Krishna_Valley_119.jpg,9cfa4b7eab42b2b507ad375262d329040bb64dec5179b21b6eee1795c7265936
Cattle_Krishna_Valley,val,val\Cattle_Krishna_Valley\0159e774cd0a1226.jpg,Dataset\Cattle Breeds\Krishna_Valley\Krishna_Valley_51.jpg,0159e774cd0a12267e79c6e22248d956f5a436e51380e0403a0e75ba01636f5c
Cattle_Krishna_Valley,val,val\Cattle_Krishna_Valley\368a7739854a6202.jpg,Dataset\Cattle Breeds\Krishna_Valley\Krishna_Valley_8.jpg,368a7739854a6202b9ffce711c77438c78fc4422cc7d5f6040f3a5ac93326176
Cattle_Krishna_Valley,val,val\Cattle_Krishna_Valley\67fc101ecb72692a.jpg,Dataset\Cattle Breeds\Krishna_Valley\Krishna_Valley_14.jpg,67fc101ecb72692ab3c9345d497ac06af1af4d7a10ca27ae46f7e77425e46004
Cattle_Krishna_Valley,train,train\Cattle_Krishna_Valley\c2e1a8b1e434ae50.jpg,Dataset\Cattle Breeds\Krishna_Valley\Krishna_Valley_67.jpg,c2e1a8b1e434ae50bce76b25d20bdfadf6ca68890e318275ab846c0f85d0386e
Cattle_Krishna_Valley,train,train\Cattle_Krishna_Valley\cbd1eadca13a2f4e.jpg,Dataset\Cattle Breeds\Krishna_Valley\Krishna_Valley_12.jpg,cbd1eadca13a2f4e418c3795266bda39aec7518b4fd15fb13e94840668b10ca9
Cattle_Krishna_Valley,train,train\Cattle_Krishna_Valley\4983bfb27f2fd049.jpg,Dataset\Cattle Breeds\Krishna_Valley\Krishna_Valley_90.jpg,4983bfb27f2fd0495fd442c5ec5ca7ff5cb28854a06d003f55720b9a7da669bf
Cattle_Krishna_Valley,train,train\Cattle_Krishna_Valley\cf1dde5c4e08812b.jpg,Dataset\Cattle Breeds\Krishna_Valley\Krishna_Valley_114.jpg,cf1dde5c4e08812b1f9e85fc1c9f15c388afb34a7f36c39b191866b0e6db2dba
Cattle_Krishna_Valley,train,train\Cattle_Krishna_Valley\5cad091c8d50592d.jpg,Dataset\Cattle Breeds\Krishna_Valley\Krishna_Valley_66.jpg,5cad091c8d50592d2060a3981ac074ca03e7d65874c86eccfef882f17753d746
Cattle_Krishna_Valley,train,train\Cattle_Krishna_Valley\28df10018d5f2024.jpg,Dataset\Cattle Breeds\Krishna_Valley\Krishna_Valley_88.jpg,28df10018d5f2024631ede9e7a3a3e49ca2cc8deda2d7631e715274ac63af380
Cattle_Krishna_Valley,train,train\Cattle_Krishna_Valley\c1deb5d82e2b8a0a.jpg,Dataset\Cattle Breeds\Krishna_Valley\Krishna_Valley_83.jpg,c1deb5d82e2b8a0aa38f6929098b3a238382a10a51a2f2364ba397cf53181038
Cattle_Krishna_Valley,train,train\Cattle_Krishna_Valley\55eba2c7820bb87d.jpg,Dataset\Cattle Breeds\Krishna_Valley\Krishna_Valley_43.jpg,55eba2c7820bb87d1a1f16d05a070504b6be98bb9e35319ffa7f3ca70c2efbcd
Cattle_Krishna_Valley,train,train\Cattle_Krishna_Valley\6cec80b4905f74c9.jpg,Dataset\Cattle Breeds\Krishna_Valley\Krishna_Valley_42.jpg,6cec80b4905f74c9cc04e60fb170c31b80814f000394f966359721afd41656eb
Cattle_Krishna_Valley,train,train\Cattle_Krishna_Valley\1ad8c2e9c94f97e8.jpg,Dataset\Cattle Breeds\Krishna_Valley\Krishna_Valley_121.jpg,1ad8c2e9c94f97e85cd4a54af6fae2d37bf78ac419d493751ebf61c0d2ecfc79
Cattle_Krishna_Valley,train,train\Cattle_Krishna_Valley\83d95baf5104c8ed.jpg,Dataset\Cattle Breeds\Krishna_Valley\Krishna_Valley_10.jpg,83d95baf5104c8ed4bde64948090a9d1933f17a9bde587f9a4440cd2c604090f
Cattle_Krishna_Valley,train,train\Cattle_Krishna_Valley\2706f118dad0a88a.jpg,Dataset\Cattle Breeds\Krishna_Valley\Krishna_Valley_131.jpg,2706f118dad0a88a5e8ab295ed43f5fb6f331d5fe40addc3f1e7031a753c18e0
Cattle_Krishna_Valley,train,train\Cattle_Krishna_Valley\a51c69f4eeccf3e5.jpg,Dataset\Cattle Breeds\Krishna_Valley\Krishna_Valley_44.jpg,a51c69f4eeccf3e5e9905d21243fc3db66189f5543ad717454f971a77d6cfb35
Cattle_Krishna_Valley,train,train\Cattle_Krishna_Valley\2e7c1e6ddc4b0a6e.jpg,Dataset\Cattle Breeds\Krishna_Valley\Krishna_Valley_91.jpg,2e7c1e6ddc4b0a6ee50517aeea114997c11e6948f0b0aade0e25d101d5fbcaa8
Cattle_Krishna_Valley,train,train\Cattle_Krishna_Valley\d88db67341f2abbd.jpg,Dataset\Cattle Breeds\Krishna_Valley\Krishna_Valley_62.jpg,d88db67341f2abbdc2d090f6115406939f1e58cbef7a3035cf1e2dde1157ad41
Cattle_Krishna_Valley,train,train\Cattle_Krishna_Valley\f76f66aedb6c0302.jpg,Dataset\Cattle Breeds\Krishna_Valley\Krishna_Valley_130.jpg,f76f66aedb6c0302961163451c9fa6feb88da555232868cc962f0d6df9535e6c
Cattle_Krishna_Valley,train,train\Cattle_Krishna_Valley\a656647e4da1ae53.jpg,Dataset\Cattle Breeds\Krishna_Valley\Krishna_Valley_30.jpg,a656647e4da1ae53ea1eb34d1c1cef29f928c0a42f8b196033a2a55e159cc469
Cattle_Krishna_Valley,train,train\Cattle_Krishna_Valley\e319b36200b6c9a7.jpg,Dataset\Cattle Breeds\Krishna_Valley\Krishna_Valley_75.jpg,e319b36200b6c9a7f9dd5b49149fa92af13883184111635bf46b1061d951f86a
Cattle_Krishna_Valley,train,train\Cattle_Krishna_Valley\38f0a93e7d190f31.jpg,Dataset\Cattle Breeds\Krishna_Valley\Krishna_Valley_45.jpg,38f0a93e7d190f31ec83b3b8d3f22296d0998cd50fe1061fc487dde6a79ef7a4
Cattle_Krishna_Valley,train,train\Cattle_Krishna_Valley\62d40b0dc464c03b.jpg,Dataset\Cattle Breeds\Krishna_Valley\Krishna_Valley_13.jpg,62d40b0dc464c03b75e2bcad3f4f6d85a8087b74f2819ad7117d7a047e6132bd
Cattle_Krishna_Valley,train,train\Cattle_Krishna_Valley\9e0b298d2b5be740.jpg,Dataset\Cattle Breeds\Krishna_Valley\Krishna_Valley_103.jpg,9e0b298d2b5be74074597ccb01851640b680c545818d0ee0eed49880d6bfae71
Cattle_Krishna_Valley,train,train\Cattle_Krishna_Valley\d42e639b76bb2567.jpg,Dataset\Cattle Breeds\Krishna_Valley\Krishna_Valley_33.jpg,d42e639b76bb2567a71a5e28803a993cbe55b2ebb75f0922598289b411884aee
Cattle_Krishna_Valley,train,train\Cattle_Krishna_Valley\6a0f6e09bf8adcc6.jpg,Dataset\Cattle Breeds\Krishna_Valley\Krishna_Valley_79.jpg,6a0f6e09bf8adcc621f976315e488b856af9a9e4e8174f9aff4acc3164452fce
Cattle_Krishna_Valley,train,train\Cattle_Krishna_Valley\5de3fe0e7a875e01.jpg,Dataset\Cattle Breeds\Krishna_Valley\Krishna_Valley_98.jpg,5de3fe0e7a875e01bc458440ed061b21c3e1b713a01bd43e6b84e579880feac0
Cattle_Krishna_Valley,train,train\Cattle_Krishna_Valley\47bb03ccac7e1090.jpg,Dataset\Cattle Breeds\Krishna_Valley\Krishna_Valley_5.jpg,47bb03ccac7e10903aaad3694c588c7687ba12d0d79b6daf9e60a9d5a24a6566
Cattle_Krishna_Valley,train,train\Cattle_Krishna_Valley\22dc389d93adc867.jpg,Dataset\Cattle Breeds\Krishna_Valley\Krishna_Valley_41.jpg,22dc389d93adc86737d5b077c2d8d017fdeef322ea849128501237ae20ddb700
Cattle_Krishna_Valley,train,train\Cattle_Krishna_Valley\94294b5a83f422b9.jpg,Dataset\Cattle Breeds\Krishna_Valley\Krishna_Valley_18.jpg,94294b5a83f422b940df49f8c08e3c037edb33df53f21cbebb7fb2c4e55d1873
Cattle_Krishna_Valley,train,train\Cattle_Krishna_Valley\19d84b3d0549b468.jpg,Dataset\Cattle Breeds\Krishna_Valley\Krishna_Valley_7.jpg,19d84b3d0549b4683c978308222347453cea63af9dd5d4b3a2ec9b947e9eec2f
Cattle_Krishna_Valley,train,train\Cattle_Krishna_Valley\0d92b3cf352cb599.jpg,Dataset\Cattle Breeds\Krishna_Valley\Krishna_Valley_57.jpg,0d92b3cf352cb5991837ecd6b3d954eaebaf4b200499192b1fd79c1054e6c4bf
Cattle_Krishna_Valley,train,train\Cattle_Krishna_Valley\b53cce3230a54a6a.jpg,Dataset\Cattle Breeds\Krishna_Valley\Krishna_Valley_133.jpg,b53cce3230a54a6a5ced0e0978712cac3a10c5de923379f5c859dbd7f3e19c71
Cattle_Krishna_Valley,train,train\Cattle_Krishna_Valley\cc78d33310246cb5.jpg,Dataset\Cattle Breeds\Krishna_Valley\Krishna_Valley_77.jpg,cc78d33310246cb598834b2ac4b0d66655c2578f1668c1d66b072f6f22f3266b
Cattle_Krishna_Valley,train,train\Cattle_Krishna_Valley\5642b1b0f5ac6cff.jpg,Dataset\Cattle Breeds\Krishna_Valley\Krishna_Valley_50.jpg,5642b1b0f5ac6cffe4646e3e3e35a5e1eb20dba9ae2211ed4b258470a8631f6c
Cattle_Krishna_Valley,train,train\Cattle_Krishna_Valley\0f69cd2d2cd2d933.jpg,Dataset\Cattle Breeds\Krishna_Valley\Krishna_Valley_36.jpg,0f69cd2d2cd2d9331161ccfd5bf16b869e76a2d74a6ca98e2c1b001b54ebefc5
Cattle_Krishna_Valley,train,train\Cattle_Krishna_Valley\708499f99cf73940.jpg,Dataset\Cattle Breeds\Krishna_Valley\Krishna_Valley_63.jpg,708499f99cf7394044423bae4febf554233439d3a81c5f024ce22ba7b9d0e849
Cattle_Krishna_Valley,train,train\Cattle_Krishna_Valley\b99a0f1abd673a9e.jpg,Dataset\Cattle Breeds\Krishna_Valley\Krishna_Valley_39.jpg,b99a0f1abd673a9e975a5de19b6b9c90a2d70c3677f0c39ae68ba31045676bb8
Cattle_Krishna_Valley,train,train\Cattle_Krishna_Valley\f635cec3c3ead1e9.jpg,Dataset\Cattle Breeds\Krishna_Valley\Krishna_Valley_34.jpg,f635cec3c3ead1e9ad962f9b5e8d23bb37c13ec96b441e50f3c8c3b8fe71ecf2
Cattle_Krishna_Valley,train,train\Cattle_Krishna_Valley\7051d5a6de13fc0d.jpg,Dataset\Cattle Breeds\Krishna_Valley\Krishna_Valley_56.jpg,7051d5a6de13fc0da0f413f3e698f6e0cc10e5fa3058b29ad8c31cac28ca7c55
Cattle_Krishna_Valley,train,train\Cattle_Krishna_Valley\5b9c4cb078e35a78.jpg,Dataset\Cattle Breeds\Krishna_Valley\Krishna_Valley_106.jpg,5b9c4cb078e35a788b535cb4c943e322b82ae18c37fdce630835b1c898ef252c
Cattle_Krishna_Valley,train,train\Cattle_Krishna_Valley\8dc7f6d84fe7b714.jpg,Dataset\Cattle Breeds\Krishna_Valley\Krishna_Valley_3.jpg,8dc7f6d84fe7b714843ebb099391a36695786f32ddf4495ea87b999a3b04a6d1
Cattle_Krishna_Valley,train,train\Cattle_Krishna_Valley\954e1566209babfe.jpg,Dataset\Cattle Breeds\Krishna_Valley\Krishna_Valley_49.jpg,954e1566209babfe6a0e771cb641a038fa0fd884ad690f792ceaa88cca3afe85
Cattle_Krishna_Valley,train,train\Cattle_Krishna_Valley\d2107087cc7cda87.jpg,Dataset\Cattle Breeds\Krishna_Valley\Krishna_Valley_25.jpg,d2107087cc7cda8706c564c860f2bbe76ba007dc37be0bd13c94a519fa1b5b7f
Cattle_Krishna_Valley,train,train\Cattle_Krishna_Valley\94fab6a76ce07d41.jpg,Dataset\Cattle Breeds\Krishna_Valley\Krishna_Valley_54.jpg,94fab6a76ce07d41388d72ef7b4065b887a9ad258c92ffea8ddae81a00d89791
Cattle_Krishna_Valley,train,train\Cattle_Krishna_Valley\039d9f23e03fd83a.jpg,Dataset\Cattle Breeds\Krishna_Valley\Krishna_Valley_94.jpg,039d9f23e03fd83a29507afe2eaffbedbe3f9e8845ea4730a2ec4e1325504703
Cattle_Krishna_Valley,train,train\Cattle_Krishna_Valley\78733b9e0b2ece27.jpg,Dataset\Cattle Breeds\Krishna_Valley\Krishna_Valley_113.jpg,78733b9e0b2ece27b786e9996687fbb4af34724e8fe0e53f0837613419f94480
Cattle_Krishna_Valley,train,train\Cattle_Krishna_Valley\8cf1290950734b4e.jpg,Dataset\Cattle Breeds\Krishna_Valley\Krishna_Valley_134.jpg,8cf1290950734b4e7f592834e7c0644400301175b13da535948607b02661ddae
Cattle_Krishna_Valley,train,train\Cattle_Krishna_Valley\ecd0f0777fa6b0f9.jpg,Dataset\Cattle Breeds\Krishna_Valley\Krishna_Valley_89.jpg,ecd0f0777fa6b0f92d644dd996d4d87234d8b822af64c41f5110dd784e4a808c
Cattle_Krishna_Valley,train,train\Cattle_Krishna_Valley\5cf492edc9dc0654.jpg,Dataset\Cattle Breeds\Krishna_Valley\Krishna_Valley_96.jpg,5cf492edc9dc0654cb4e924809756d7f8283f07b086827bfb04388ef869d3292
Cattle_Krishna_Valley,train,train\Cattle_Krishna_Valley\a4728f4afb3335e3.jpg,Dataset\Cattle Breeds\Krishna_Valley\Krishna_Valley_112.jpg,a4728f4afb3335e34207f360c106e3cc6b70217153027332e5caa3fddb679533
Cattle_Krishna_Valley,train,train\Cattle_Krishna_Valley\fb750edc9d1e6f9a.jpg,Dataset\Cattle Breeds\Krishna_Valley\Krishna_Valley_26.jpg,fb750edc9d1e6f9a450664008dcbd47e058b69f3483cdb89d7868e58e93f0e11
Cattle_Krishna_Valley,train,train\Cattle_Krishna_Valley\7cd5ade1b973b159.jpg,Dataset\Cattle Breeds\Krishna_Valley\Krishna_Valley_38.jpg,7cd5ade1b973b1591e8bb0370dff42e0b0adb513370d7d5633ccb618c012c89a
Cattle_Krishna_Valley,train,train\Cattle_Krishna_Valley\029cc161c9001601.jpg,Dataset\Cattle Breeds\Krishna_Valley\Krishna_Valley_47.jpg,029cc161c900160118e43e19b174a97ab3429645fc6fa7160ced685a646ba1dc
Cattle_Krishna_Valley,train,train\Cattle_Krishna_Valley\585b15ac935f15c2.jpg,Dataset\Cattle Breeds\Krishna_Valley\Krishna_Valley_40.jpg,585b15ac935f15c257e52da82a17b9a9e3aef8a8add3d74a98e7211985f7623f
Cattle_Krishna_Valley,train,train\Cattle_Krishna_Valley\0edde3548de4aab8.jpg,Dataset\Cattle Breeds\Krishna_Valley\Krishna_Valley_117.jpg,0edde3548de4aab8bc437ff9d71866eeee72003edfd8be7c26d5d3528d6804f6
Cattle_Krishna_Valley,train,train\Cattle_Krishna_Valley\04343997b94cedbc.jpg,Dataset\Cattle Breeds\Krishna_Valley\Krishna_Valley_124.jpg,04343997b94cedbcaa97fc9f9c0086f9c4afe37da240bc2f91d0c2111b860c59
Cattle_Krishna_Valley,train,train\Cattle_Krishna_Valley\a71df7933cf9280c.jpg,Dataset\Cattle Breeds\Krishna_Valley\Krishna_Valley_129.jpg,a71df7933cf9280cc9be796521b47ff1f0ea59d988beec028aaf36e59a4afed5
Cattle_Krishna_Valley,train,train\Cattle_Krishna_Valley\fc1788d92b6c83ae.jpg,Dataset\Cattle Breeds\Krishna_Valley\Krishna_Valley_100.jpg,fc1788d92b6c83aeb402e3af8a2dc4ea7d7518ced9c2f4fc36f63b9180df2d08
Cattle_Krishna_Valley,train,train\Cattle_Krishna_Valley\5304077e3260b6b9.jpg,Dataset\Cattle Breeds\Krishna_Valley\Krishna_Valley_87.jpg,5304077e3260b6b9c862623e6297917a6021ee95f3accc95ee797e975317cc22
Cattle_Krishna_Valley,train,train\Cattle_Krishna_Valley\4505af048a65b937.jpg,Dataset\Cattle Breeds\Krishna_Valley\Krishna_Valley_1.jpg,4505af048a65b937fbc090b63aa5f2fdf549bc5b67003c3210a2dbba25f9ca49
Cattle_Krishna_Valley,train,train\Cattle_Krishna_Valley\ffb055b12e5ebc45.jpg,Dataset\Cattle Breeds\Krishna_Valley\Krishna_Valley_48.jpg,ffb055b12e5ebc45b65031c8b472c2b2418024f7ad3b82ebdd3859f869a7f94a
Cattle_Krishna_Valley,train,train\Cattle_Krishna_Valley\f58ceab5e14d127a.jpg,Dataset\Cattle Breeds\Krishna_Valley\Krishna_Valley_29.jpg,f58ceab5e14d127a4e3257956ebc8594de8e0c1dfc71397bbc9b8741e51a8b8e
Cattle_Krishna_Valley,train,train\Cattle_Krishna_Valley\7029d05ddfa2c087.jpg,Dataset\Cattle Breeds\Krishna_Valley\Krishna_Valley_72.jpg,7029d05ddfa2c0878b1c3b11017d11557c8b5f8e3c845b4cae266c4c20b2d631
Cattle_Krishna_Valley,train,train\Cattle_Krishna_Valley\cda8b4a7176ea6c4.jpg,Dataset\Cattle Breeds\Krishna_Valley\Krishna_Valley_59.jpg,cda8b4a7176ea6c44aa3612bb0dbdeb5c159c8686ab9f068a2473c63bda68f3c
Cattle_Krishna_Valley,train,train\Cattle_Krishna_Valley\74915ebcc70f63de.jpg,Dataset\Cattle Breeds\Krishna_Valley\Krishna_Valley_65.jpg,74915ebcc70f63de8170fe7615599c1b5157d5c733523bb16e0081f079477845
Cattle_Krishna_Valley,train,train\Cattle_Krishna_Valley\c91127503451ad54.jpg,Dataset\Cattle Breeds\Krishna_Valley\Krishna_Valley_76.jpg,c91127503451ad54db5d59ef4cdf89a2a0fcb3820f078ba57adbcce6b0415a0f
Cattle_Krishna_Valley,train,train\Cattle_Krishna_Valley\a3dbcc69165efcb9.jpg,Dataset\Cattle Breeds\Krishna_Valley\Krishna_Valley_95.jpg,a3dbcc69165efcb99ce16f57244b36d42d68bae8c8e56e9e048195cebe34db46
Cattle_Krishna_Valley,train,train\Cattle_Krishna_Valley\c61ae2609cc572fe.jpg,Dataset\Cattle Breeds\Krishna_Valley\Krishna_Valley_31.jpg,c61ae2609cc572fe2cdf3d4d7c60a37c9aa61f831ea257cb19bdaeb322255ed6
Cattle_Krishna_Valley,train,train\Cattle_Krishna_Valley\f511ac7e6862b0c9.jpg,Dataset\Cattle Breeds\Krishna_Valley\Krishna_Valley_93.jpg,f511ac7e6862b0c9023f9c82fee4064ae34f2f76e7b948912a0f0109b8167d29
Cattle_Krishna_Valley,train,train\Cattle_Krishna_Valley\3eef049088208ad6.jpg,Dataset\Cattle Breeds\Krishna_Valley\Krishna_Valley_132.jpg,3eef049088208ad64eb1c76901d377aabfd0bd047f6cb50f1a67d70f1d6e3f7c
Cattle_Krishna_Valley,train,train\Cattle_Krishna_Valley\6a2109c71c05e8d0.jpg,Dataset\Cattle Breeds\Krishna_Valley\Krishna_Valley_102.jpg,6a2109c71c05e8d0ca1121e1bce313c8fbb5c9e0ef5894ea8534ed41acc4188d
Cattle_Krishna_Valley,train,train\Cattle_Krishna_Valley\6c4f8253472eb9aa.jpg,Dataset\Cattle Breeds\Krishna_Valley\Krishna_Valley_115.jpg,6c4f8253472eb9aa14edd82a6588e52d0b70eea735ca5214cdd87299b4b2f80d
Cattle_Krishna_Valley,train,train\Cattle_Krishna_Valley\81dfd289dfd2b1e6.jpg,Dataset\Cattle Breeds\Krishna_Valley\Krishna_Valley_116.jpg,81dfd289dfd2b1e6f1ca6c5e7c5c5d0a0ac5e643011659fab56e68e7af7fd621
Cattle_Krishna_Valley,train,train\Cattle_Krishna_Valley\f15c4654ba568f94.jpg,Dataset\Cattle Breeds\Krishna_Valley\Krishna_Valley_69.jpg,f15c4654ba568f9463c76dfe8dd5fcc3b84a959138888a09fd25d7d3a0e1c8fe
Cattle_Krishna_Valley,train,train\Cattle_Krishna_Valley\f49d8c7631fed019.jpg,Dataset\Cattle Breeds\Krishna_Valley\Krishna_Valley_15.jpg,f49d8c7631fed019009cb9f026d2bdbef1f2627e28062e75ea219e3cdeb96c8d
Cattle_Krishna_Valley,train,train\Cattle_Krishna_Valley\c18770e9dde39e63.jpg,Dataset\Cattle Breeds\Krishna_Valley\Krishna_Valley_52.jpg,c18770e9dde39e63f4ebf435dea444e5abc60d944d7583b2551990e63bf3b760
Cattle_Krishna_Valley,train,train\Cattle_Krishna_Valley\c2a0bc8a220fbe8f.jpg,Dataset\Cattle Breeds\Krishna_Valley\Krishna_Valley_6.jpg,c2a0bc8a220fbe8ff2dd1ad92f6e33c4375951b4857119e5acf9b35260a3e6f2
Cattle_Krishna_Valley,train,train\Cattle_Krishna_Valley\b29e4f7a33d01f64.jpg,Dataset\Cattle Breeds\Krishna_Valley\Krishna_Valley_74.jpg,b29e4f7a33d01f647c5aa5094151e8c61e7662eac1789095421d01c15eff25c1
Cattle_Krishna_Valley,train,train\Cattle_Krishna_Valley\b5c3f0625ac1e007.jpg,Dataset\Cattle Breeds\Krishna_Valley\Krishna_Valley_110.jpg,b5c3f0625ac1e0072bc3b1c771c70f0f08c1bcce5e5569353c2d4d134a8aaee6
Cattle_Krishna_Valley,train,train\Cattle_Krishna_Valley\d50f8911619fe290.jpg,Dataset\Cattle Breeds\Krishna_Valley\Krishna_Valley_136.jpg,d50f8911619fe29004189c7bbd2e47e045f693aad9b7e553e4c9307db0f41926
Cattle_Krishna_Valley,train,train\Cattle_Krishna_Valley\a80c010e4b4a96cb.jpg,Dataset\Cattle Breeds\Krishna_Valley\Krishna_Valley_101.jpg,a80c010e4b4a96cb9db989f69baa75fece463df24613e1af2fd9d7bda686f30b
Cattle_Krishna_Valley,train,train\Cattle_Krishna_Valley\c5a6ab4986c395c8.jpg,Dataset\Cattle Breeds\Krishna_Valley\Krishna_Valley_125.jpg,c5a6ab4986c395c8e48545871c8c375111b7aca06f3babc7accdb9061998f68f
Cattle_Krishna_Valley,train,train\Cattle_Krishna_Valley\f6e49c40206cf910.jpg,Dataset\Cattle Breeds\Krishna_Valley\Krishna_Valley_9.jpg,f6e49c40206cf9102f6feba14288584925ae6f80d0f809ba694a67eba478b83b
Cattle_Krishna_Valley,train,train\Cattle_Krishna_Valley\cda7f628ac36cde1.jpg,Dataset\Cattle Breeds\Krishna_Valley\Krishna_Valley_109.jpg,cda7f628ac36cde1e71bbc9cdfbcf6f6cfb7b25a90372de3cb10e2b775555963
Cattle_Krishna_Valley,train,train\Cattle_Krishna_Valley\0c064ee9b748c184.jpg,Dataset\Cattle Breeds\Krishna_Valley\Krishna_Valley_21.jpg,0c064ee9b748c184a8e40ac4d57e524378b241e9669cb87af40a6d56116e4315
Cattle_Krishna_Valley,train,train\Cattle_Krishna_Valley\262c3559b0773630.jpg,Dataset\Cattle Breeds\Krishna_Valley\Krishna_Valley_127.jpg,262c3559b0773630bcd57867756015033686fe7741c97e3e834f32088b0a188e
Cattle_Krishna_Valley,train,train\Cattle_Krishna_Valley\6b3e648101db5e74.jpg,Dataset\Cattle Breeds\Krishna_Valley\Krishna_Valley_2.jpg,6b3e648101db5e744c663b37ff2832c009ae3293e774859e13effd2e6a95bf7a
Cattle_Krishna_Valley,train,train\Cattle_Krishna_Valley\430487168187f77c.jpg,Dataset\Cattle Breeds\Krishna_Valley\Krishna_Valley_35.jpg,430487168187f77ce05b6d38621da397d3198596e8783c2aeff5d00d032251ed
Cattle_Krishna_Valley,train,train\Cattle_Krishna_Valley\782f3027c77ecd28.jpg,Dataset\Cattle Breeds\Krishna_Valley\Krishna_Valley_22.jpg,782f3027c77ecd286ba2383d0b4a6d9953fd58595ab3399c79e12e5531c0d1bd
Cattle_Krishna_Valley,train,train\Cattle_Krishna_Valley\80cab64c17ec7768.jpg,Dataset\Cattle Breeds\Krishna_Valley\Krishna_Valley_111.jpg,80cab64c17ec77687da3817b4cef82be00ae2bc74e0ec8c66dba95d99d89035d
Cattle_Krishna_Valley,train,train\Cattle_Krishna_Valley\ae19db90612e3de1.jpg,Dataset\Cattle Breeds\Krishna_Valley\Krishna_Valley_73.jpg,ae19db90612e3de18ae43aab8867add93fb222585aaec1a9f2b9a738996e38f8
Cattle_Krishna_Valley,train,train\Cattle_Krishna_Valley\c60039b8023c8a18.jpg,Dataset\Cattle Breeds\Krishna_Valley\Krishna_Valley_104.jpg,c60039b8023c8a183fac0d39d5b758fe64c88db8c9c50d89de1da45408528303
Cattle_Krishna_Valley,train,train\Cattle_Krishna_Valley\944bb8c5456b7876.jpg,Dataset\Cattle Breeds\Krishna_Valley\Krishna_Valley_58.jpg,944bb8c5456b7876907b91c9013fbee82d8d865cab362de447c204b63e665653
Cattle_Krishna_Valley,train,train\Cattle_Krishna_Valley\e8004a0973b32508.jpg,Dataset\Cattle Breeds\Krishna_Valley\Krishna_Valley_81.jpg,e8004a0973b325089b69054cabb2933328713a99cad0973a9f5d920a284ee031
Cattle_Krishna_Valley,train,train\Cattle_Krishna_Valley\20e25ee7b43b9407.jpg,Dataset\Cattle Breeds\Krishna_Valley\Krishna_Valley_28.jpg,20e25ee7b43b940768ec07396d23831288c29c76fadcdc7f219a7ee88184a1b4
Cattle_Krishna_Valley,train,train\Cattle_Krishna_Valley\80f6711ce927c8e3.jpg,Dataset\Cattle Breeds\Krishna_Valley\Krishna_Valley_120.jpg,80f6711ce927c8e3764e1f69b1e5d64d2a5520faf650e51e0e7418418d1b7eb8
Cattle_Krishna_Valley,train,train\Cattle_Krishna_Valley\060dd943ca9549c2.jpg,Dataset\Cattle Breeds\Krishna_Valley\Krishna_Valley_78.jpg,060dd943ca9549c2eff836a851d73a4d8f1edf1ce1945f7f50b62f9418b17f3c
Cattle_Malnad_Gidda,test,test\Cattle_Malnad_Gidda\c594eff48ecd285e.jpg,Dataset\Cattle Breeds\Malnad_gidda\Malnad_gidda_75.png,c594eff48ecd285e5a06dad51dc0ef8f13bbc1058f616de6abcb0ff08bbd38a6
Cattle_Malnad_Gidda,test,test\Cattle_Malnad_Gidda\920cdb13952c213d.jpg,Dataset\Cattle Breeds\Malnad_gidda\Malnad_gidda_55.png,920cdb13952c213d4142493599562b9af0275a1d577b1787637d0d7868064781
Cattle_Malnad_Gidda,test,test\Cattle_Malnad_Gidda\879dae223b0ea245.jpg,Dataset\Cattle Breeds\Malnad_gidda\Malnad_gidda_61.png,879dae223b0ea245b20c0046e033abf20f423b563105dd9a53ad689c305fa04a
Cattle_Malnad_Gidda,test,test\Cattle_Malnad_Gidda\7cf0ebfb2a8d32eb.jpg,Dataset\Cattle Breeds\Malnad_gidda\Malnad_gidda_33.JPG,7cf0ebfb2a8d32ebb0478e8594cf6f132b1a0595e5d5c4895e76499e4d6cc1e1
Cattle_Malnad_Gidda,test,test\Cattle_Malnad_Gidda\47daed9db82718a0.jpg,Dataset\Cattle Breeds\Malnad_gidda\Malnad_gidda_35.jpg,47daed9db82718a09233aac6844b82069ae45a129743564ca9274cdb3ae73971
Cattle_Malnad_Gidda,test,test\Cattle_Malnad_Gidda\5c6ea9df79f4dfba.jpg,Dataset\Cattle Breeds\Malnad_gidda\Malnad_gidda_37.jpg,5c6ea9df79f4dfbab2b1beffcd2f8ae4cc78b28064347071598da39c9d9a6c3f
Cattle_Malnad_Gidda,test,test\Cattle_Malnad_Gidda\0a141971f8b013ef.jpg,Dataset\Cattle Breeds\Malnad_gidda\Malnad_gidda_84.png,0a141971f8b013ef6dd333a31209dd75b8a3251f4e54f7afc6db80a2092afd75
Cattle_Malnad_Gidda,test,test\Cattle_Malnad_Gidda\01fc50a9202ffd5c.jpg,Dataset\Cattle Breeds\Malnad_gidda\Malnad_gidda_62.png,01fc50a9202ffd5c507173da1ae4129f44041a03d6f7b58bb705a3314cc4f29a
Cattle_Malnad_Gidda,test,test\Cattle_Malnad_Gidda\da86376b47f3a4fe.jpg,Dataset\Cattle Breeds\Malnad_gidda\Malnad_gidda_22.JPG,da86376b47f3a4fea024d7981953c53736fb454c9879b80ca34342e932825022
Cattle_Malnad_Gidda,test,test\Cattle_Malnad_Gidda\4986a57c06f22a2e.jpg,Dataset\Cattle Breeds\Malnad_gidda\Malnad_gidda_25.png,4986a57c06f22a2e7ad3396d15c82679d97f1bafb0a6070fa6f2a404caf75377
Cattle_Malnad_Gidda,test,test\Cattle_Malnad_Gidda\6e92705d6307fd94.jpg,Dataset\Cattle Breeds\Malnad_gidda\Malnad_gidda_30.jpg,6e92705d6307fd941fdcebe9d8661941b5ee94648cfc362e3215a2d057b67820
Cattle_Malnad_Gidda,test,test\Cattle_Malnad_Gidda\2376e6c5d9ec7d6d.jpg,Dataset\Cattle Breeds\Malnad_gidda\Malnad_gidda_6.jpg,2376e6c5d9ec7d6d6b2fc71bb5e6abeb11a39d2597c4f464f8d0781bbee26f65
Cattle_Malnad_Gidda,test,test\Cattle_Malnad_Gidda\55e9ca85de0cf075.jpg,Dataset\Cattle Breeds\Malnad_gidda\Malnad_gidda_34.jpeg,55e9ca85de0cf075c6657eb4511f5db25f07d48cfc1824c0c35973110c5e32f6
Cattle_Malnad_Gidda,test,test\Cattle_Malnad_Gidda\6997969bf54d9f4d.jpg,Dataset\Cattle Breeds\Malnad_gidda\Malnad_gidda_104.png,6997969bf54d9f4d744e9813c6df54686b4f127010fd0800b6d9b43319de9d9c
Cattle_Malnad_Gidda,test,test\Cattle_Malnad_Gidda\3d277b909ad7f248.jpg,Dataset\Cattle Breeds\Malnad_gidda\Malnad_gidda_69.png,3d277b909ad7f248e896849292cfec4eff99cbe5d176c6b2656545c4a96cb77e
Cattle_Malnad_Gidda,val,val\Cattle_Malnad_Gidda\d21b3918b206cf61.jpg,Dataset\Cattle Breeds\Malnad_gidda\Malnad_gidda_63.png,d21b3918b206cf614609d5eac6b2c66f7acf63b728a5aa9a7ab3aeda4cac78a0
Cattle_Malnad_Gidda,val,val\Cattle_Malnad_Gidda\ae42f8528d6559e4.jpg,Dataset\Cattle Breeds\Malnad_gidda\Malnad_gidda_65.png,ae42f8528d6559e4742a5dc29f6d84bd1284f9360b1637df581f084bbfd6d19c
Cattle_Malnad_Gidda,val,val\Cattle_Malnad_Gidda\8e6dbf054247761c.jpg,Dataset\Cattle Breeds\Malnad_gidda\Malnad_gidda_1.png,8e6dbf054247761c15c22c023d335743f5c5227895b1a5f6de6cdf41628334bd
Cattle_Malnad_Gidda,val,val\Cattle_Malnad_Gidda\657539c5c2a057d7.jpg,Dataset\Cattle Breeds\Malnad_gidda\Malnad_gidda_66.png,657539c5c2a057d7b2c28144f486ef031ad222caf989513fe0cf67176d8012f9
Cattle_Malnad_Gidda,val,val\Cattle_Malnad_Gidda\df3213b239e4fa0d.jpg,Dataset\Cattle Breeds\Malnad_gidda\Malnad_gidda_105.png,df3213b239e4fa0d41fcc033d698f21b263230c2950a7bd6444b2362e602a1c4
Cattle_Malnad_Gidda,val,val\Cattle_Malnad_Gidda\8b73ef8e54a2e1b6.jpg,Dataset\Cattle Breeds\Malnad_gidda\Malnad_gidda_73.png,8b73ef8e54a2e1b6402ee6c56a25e59db757951f8c44e5a844d7522c464ee1ed
Cattle_Malnad_Gidda,val,val\Cattle_Malnad_Gidda\26b18ab9fe091a3e.jpg,Dataset\Cattle Breeds\Malnad_gidda\Malnad_gidda_23.jpg,26b18ab9fe091a3e4c6bb04d2018cfd4f59fc5d66a4b5477e1e63080dcbb34f6
Cattle_Malnad_Gidda,val,val\Cattle_Malnad_Gidda\bb0397ffcc8fe90e.jpg,Dataset\Cattle Breeds\Malnad_gidda\Malnad_gidda_50.png,bb0397ffcc8fe90e27a2432fde8d379110ce0f5841b05668b5b19a728b0b6a25
Cattle_Malnad_Gidda,val,val\Cattle_Malnad_Gidda\116c621782e5c0c7.jpg,Dataset\Cattle Breeds\Malnad_gidda\Malnad_gidda_14.jpg,116c621782e5c0c7ad0510be00fd52c2ad63f71c67c971fe2726f591f4bfc548
Cattle_Malnad_Gidda,val,val\Cattle_Malnad_Gidda\ba724cea26b15aeb.jpg,Dataset\Cattle Breeds\Malnad_gidda\Malnad_gidda_13.jpg,ba724cea26b15aeb47d8f8648cddc57a5f86c11ad57ba109553e7057493e6cdb
Cattle_Malnad_Gidda,val,val\Cattle_Malnad_Gidda\5d203035389c2ad0.jpg,Dataset\Cattle Breeds\Malnad_gidda\Malnad_gidda_2.jpg,5d203035389c2ad0e7d004a9e23e3381e06b4b70381aa77fe4ca12d1c334b23f
Cattle_Malnad_Gidda,val,val\Cattle_Malnad_Gidda\516c628826f0180a.jpg,Dataset\Cattle Breeds\Malnad_gidda\Malnad_gidda_78.png,516c628826f0180afc029c14c2c8c40f9f0354e35a35dd9aa3eee04ed43e5b87
Cattle_Malnad_Gidda,val,val\Cattle_Malnad_Gidda\cd0ba1af8727b51b.jpg,Dataset\Cattle Breeds\Malnad_gidda\Malnad_gidda_21.jpg,cd0ba1af8727b51bd8bfed1e4eeda01437b673e134497c9c693852b0304bd4ea
Cattle_Malnad_Gidda,val,val\Cattle_Malnad_Gidda\d2f273bd1b13524c.jpg,Dataset\Cattle Breeds\Malnad_gidda\Malnad_gidda_39.jpg,d2f273bd1b13524c9d1d9565049af80cc32c9381b95857ac3d12cfab52326b99
Cattle_Malnad_Gidda,val,val\Cattle_Malnad_Gidda\e817ceeb7c44cbc6.jpg,Dataset\Cattle Breeds\Malnad_gidda\Malnad_gidda_4.jpg,e817ceeb7c44cbc62debe259b19d05e10f15e9146fafcb760ca67fedb43fb278
Cattle_Malnad_Gidda,train,train\Cattle_Malnad_Gidda\910f0f46811c52ed.jpg,Dataset\Cattle Breeds\Malnad_gidda\Malnad_gidda_16.jpg,910f0f46811c52eda51727b9bfa132cb0f8d62a01f5ced0b17d58acf9ff6b885
Cattle_Malnad_Gidda,train,train\Cattle_Malnad_Gidda\29ef8735d91d99b0.jpg,Dataset\Cattle Breeds\Malnad_gidda\Malnad_gidda_93.png,29ef8735d91d99b039c7683d215be1bb56d2e44cb3c92a8d6745b347a12e2bff
Cattle_Malnad_Gidda,train,train\Cattle_Malnad_Gidda\8372c61d26fbe51b.jpg,Dataset\Cattle Breeds\Malnad_gidda\Malnad_gidda_72.png,8372c61d26fbe51bcc94877efaa086b98c35b38652dcc7f1a5b857acb9e41064
Cattle_Malnad_Gidda,train,train\Cattle_Malnad_Gidda\e812012cb62383e1.jpg,Dataset\Cattle Breeds\Malnad_gidda\Malnad_gidda_85.png,e812012cb62383e1598738221092e38f2f0abf186e65c05a2a7eafa5e7718fa7
Cattle_Malnad_Gidda,train,train\Cattle_Malnad_Gidda\a7b0799954e615a3.jpg,Dataset\Cattle Breeds\Malnad_gidda\Malnad_gidda_49.JPG,a7b0799954e615a371693dab35ff10367b07770baa1fbb45e7be823121954d60
Cattle_Malnad_Gidda,train,train\Cattle_Malnad_Gidda\2825258d72aae9bf.jpg,Dataset\Cattle Breeds\Malnad_gidda\Malnad_gidda_80.png,2825258d72aae9bf3c3b0098e0c0e829370008327dc6e37788571620938d5d28
Cattle_Malnad_Gidda,train,train\Cattle_Malnad_Gidda\47af7c2cb37a074f.jpg,Dataset\Cattle Breeds\Malnad_gidda\Malnad_gidda_29.jpg,47af7c2cb37a074fa9d066c4c16066226797956e5d52d2957627830cd23a91a5
Cattle_Malnad_Gidda,train,train\Cattle_Malnad_Gidda\579fbbf945d01cde.jpg,Dataset\Cattle Breeds\Malnad_gidda\Malnad_gidda_88.png,579fbbf945d01cdeae09f1f63a33b545801e6ea74941da97cf99e643e6250849
Cattle_Malnad_Gidda,train,train\Cattle_Malnad_Gidda\713a4e5ab993f2ce.jpg,Dataset\Cattle Breeds\Malnad_gidda\Malnad_gidda_54.png,713a4e5ab993f2ce715e3f9a49ed65c39e486164d0e750d6283d6eaeba3db64f
Cattle_Malnad_Gidda,train,train\Cattle_Malnad_Gidda\0f25a281b6259d52.jpg,Dataset\Cattle Breeds\Malnad_gidda\Malnad_gidda_96.png,0f25a281b6259d5244f89eab84e846824d2846d03878d811e2a02fdba4492681
Cattle_Malnad_Gidda,train,train\Cattle_Malnad_Gidda\26cb79b62a25eab2.jpg,Dataset\Cattle Breeds\Malnad_gidda\Malnad_gidda_68.png,26cb79b62a25eab2dfc2ac72e63bfe56f20cace5070ddc1bfec72bfc7d76eeb1
Cattle_Malnad_Gidda,train,train\Cattle_Malnad_Gidda\affc71919bca5677.jpg,Dataset\Cattle Breeds\Malnad_gidda\Malnad_gidda_106.png,affc71919bca567735285f9c2515b7662b3c7db23d7b327979f62ba51b786b47
Cattle_Malnad_Gidda,train,train\Cattle_Malnad_Gidda\98308237240622c4.jpg,Dataset\Cattle Breeds\Malnad_gidda\Malnad_gidda_100.png,98308237240622c4b08372c3eeeee1393623251583c2261bcc7e228115eb7aea
Cattle_Malnad_Gidda,train,train\Cattle_Malnad_Gidda\849ccb84429ddea9.jpg,Dataset\Cattle Breeds\Malnad_gidda\Malnad_gidda_32.jpg,849ccb84429ddea96ca5696ae914cb97cede9bc61233adaca0e9507482ffad29
Cattle_Malnad_Gidda,train,train\Cattle_Malnad_Gidda\ed39e18b3551b66f.jpg,Dataset\Cattle Breeds\Malnad_gidda\Malnad_gidda_91.png,ed39e18b3551b66fee2569ce8340152e895d612da7a6570fd24859dd89569d5e
Cattle_Malnad_Gidda,train,train\Cattle_Malnad_Gidda\dfef34308508c3ab.jpg,Dataset\Cattle Breeds\Malnad_gidda\Malnad_gidda_41.jpg,dfef34308508c3abebdad6caeeee5a8bc05488c178fdd83c522c4f0e78017c2f
Cattle_Malnad_Gidda,train,train\Cattle_Malnad_Gidda\7c54d4c0a399cd04.jpg,Dataset\Cattle Breeds\Malnad_gidda\Malnad_gidda_107.png,7c54d4c0a399cd044f32cebe3e082929ec90cfcd5b0aea4c3178fe0b807a9c44
Cattle_Malnad_Gidda,train,train\Cattle_Malnad_Gidda\76726a9251c86dda.jpg,Dataset\Cattle Breeds\Malnad_gidda\Malnad_gidda_10.jpg,76726a9251c86dda89469d9bf630bc9f5cda90259563436100afb88ca54327f7
Cattle_Malnad_Gidda,train,train\Cattle_Malnad_Gidda\3f4e77b02655e02d.jpg,Dataset\Cattle Breeds\Malnad_gidda\Malnad_gidda_74.png,3f4e77b02655e02d47d4200292691fff8518aa17424b2e6b5771a07cf20ee203
Cattle_Malnad_Gidda,train,train\Cattle_Malnad_Gidda\43e07cc98eb6ae4a.jpg,Dataset\Cattle Breeds\Malnad_gidda\Malnad_gidda_90.png,43e07cc98eb6ae4ae26f591b001731632dd6c3dc48444a45b28803665f0d8ed2
Cattle_Malnad_Gidda,train,train\Cattle_Malnad_Gidda\249209bec06ea585.jpg,Dataset\Cattle Breeds\Malnad_gidda\Malnad_gidda_86.png,249209bec06ea5854e602352d8f7290bc02dbe06866c01ddd48e7aa08d52fe30
Cattle_Malnad_Gidda,train,train\Cattle_Malnad_Gidda\9ef366af274a4588.jpg,Dataset\Cattle Breeds\Malnad_gidda\Malnad_gidda_36.jpg,9ef366af274a4588023ca387989bdc2b8c0706dd453f564a9a8e91848fbfb4a6
Cattle_Malnad_Gidda,train,train\Cattle_Malnad_Gidda\46d1f0a16a61366d.jpg,Dataset\Cattle Breeds\Malnad_gidda\Malnad_gidda_79.png,46d1f0a16a61366d55940a7618bb80b86e8d29d2cb3f349fc409adb75e3e681b
Cattle_Malnad_Gidda,train,train\Cattle_Malnad_Gidda\7d7e396072921350.jpg,Dataset\Cattle Breeds\Malnad_gidda\Malnad_gidda_3.jpg,7d7e3960729213502b7c47df0eeb11eec501d6574b4bbc1b4d30a1d46af1758e
Cattle_Malnad_Gidda,train,train\Cattle_Malnad_Gidda\eed3830612332f13.jpg,Dataset\Cattle Breeds\Malnad_gidda\Malnad_gidda_60.png,eed3830612332f13ba7b6c417dec821ec61804cb82c281c3dd4704837925fdc6
Cattle_Malnad_Gidda,train,train\Cattle_Malnad_Gidda\946642d35d47666e.jpg,Dataset\Cattle Breeds\Malnad_gidda\Malnad_gidda_98.png,946642d35d47666e02f2480679294643a15d89173652db7fc2c4626029254fa4
Cattle_Malnad_Gidda,train,train\Cattle_Malnad_Gidda\b981aece8ecbf467.jpg,Dataset\Cattle Breeds\Malnad_gidda\Malnad_gidda_102.png,b981aece8ecbf4671edf90aa6d0bf5880b4a79b80b38364166701bc3b6cf48bc
Cattle_Malnad_Gidda,train,train\Cattle_Malnad_Gidda\93b553a23161f391.jpg,Dataset\Cattle Breeds\Malnad_gidda\Malnad_gidda_101.png,93b553a23161f391a717f0653412f0a976bc11f2232e9f32a8afb2f140cc9446
Cattle_Malnad_Gidda,train,train\Cattle_Malnad_Gidda\20db125b22a1f67a.jpg,Dataset\Cattle Breeds\Malnad_gidda\Malnad_gidda_52.png,20db125b22a1f67a9f5193020d478e725ed252c2c43a8a224c3b6002f69e9c5d
Cattle_Malnad_Gidda,train,train\Cattle_Malnad_Gidda\08f7357d64d7da9c.jpg,Dataset\Cattle Breeds\Malnad_gidda\Malnad_gidda_43.jpg,08f7357d64d7da9c4fcf1ad3ab7699566b2c3cf7a1727d589cc773e56f322016
Cattle_Malnad_Gidda,train,train\Cattle_Malnad_Gidda\929c1d0616c72c82.jpg,Dataset\Cattle Breeds\Malnad_gidda\Malnad_gidda_20.jpg,929c1d0616c72c824c619a0eafdd89e34f6d814deafda2023fa1587f775920d4
Cattle_Malnad_Gidda,train,train\Cattle_Malnad_Gidda\a8ea601d9c94680f.jpg,Dataset\Cattle Breeds\Malnad_gidda\Malnad_gidda_31.jpg,a8ea601d9c94680f483e1f327ef0a6cf43b9b1510e13db5573c096361d34d0a7
Cattle_Malnad_Gidda,train,train\Cattle_Malnad_Gidda\d3ab69775ceda6e7.jpg,Dataset\Cattle Breeds\Malnad_gidda\Malnad_gidda_71.png,d3ab69775ceda6e7290661c94554def07309344412d1696b60ebb8ee0ecf0042
Cattle_Malnad_Gidda,train,train\Cattle_Malnad_Gidda\f43628a6ffb6b36b.jpg,Dataset\Cattle Breeds\Malnad_gidda\Malnad_gidda_48.jpg,f43628a6ffb6b36b3a5d6c8c4052411225a8224307df7855f9010f2a14248948
Cattle_Malnad_Gidda,train,train\Cattle_Malnad_Gidda\db998fa2a2175920.jpg,Dataset\Cattle Breeds\Malnad_gidda\Malnad_gidda_103.png,db998fa2a2175920a4cac1d436cc50bb434e503e5454811962cbd01e5bb007a7
Cattle_Malnad_Gidda,train,train\Cattle_Malnad_Gidda\771ec0b0bc8013d0.jpg,Dataset\Cattle Breeds\Malnad_gidda\Malnad_gidda_70.png,771ec0b0bc8013d0bbf121d9f52cb03358990e47af3fbfd1dca7229d91cb5864
Cattle_Malnad_Gidda,train,train\Cattle_Malnad_Gidda\35fa2c9b40ac0012.jpg,Dataset\Cattle Breeds\Malnad_gidda\Malnad_gidda_47.jpg,35fa2c9b40ac00129f408407b3a5fefe46c0ef2d52de839248e4bed7d3b0863f
Cattle_Malnad_Gidda,train,train\Cattle_Malnad_Gidda\be22bf4323549dee.jpg,Dataset\Cattle Breeds\Malnad_gidda\Malnad_gidda_92.png,be22bf4323549deed12b811d5facc1c05e6967918eca2aeca899c9ec4a089470
Cattle_Malnad_Gidda,train,train\Cattle_Malnad_Gidda\4e002c6842c00823.jpg,Dataset\Cattle Breeds\Malnad_gidda\Malnad_gidda_24.jpg,4e002c6842c008232dda64591be89ef2e4614a73892c578df45b7440206185b2
Cattle_Malnad_Gidda,train,train\Cattle_Malnad_Gidda\7c26e8f722c0aa44.jpg,Dataset\Cattle Breeds\Malnad_gidda\Malnad_gidda_99.png,7c26e8f722c0aa4483282a7fc9fdcfbfb2968729389ebca026127ac1f6aa9100
Cattle_Malnad_Gidda,train,train\Cattle_Malnad_Gidda\cf1e499c1923948c.jpg,Dataset\Cattle Breeds\Malnad_gidda\Malnad_gidda_59.png,cf1e499c1923948cbfab5e6df69c47cd70fb9cb4636879cd8c8b70bed3d0a515
Cattle_Malnad_Gidda,train,train\Cattle_Malnad_Gidda\9e4e5db88bdcc37f.jpg,Dataset\Cattle Breeds\Malnad_gidda\Malnad_gidda_42.jpg,9e4e5db88bdcc37f808bd791593fad3d4b25cd2b1b1f5fdb79f3dab0805172f9
Cattle_Malnad_Gidda,train,train\Cattle_Malnad_Gidda\d1fe172a2a35b3c2.jpg,Dataset\Cattle Breeds\Malnad_gidda\Malnad_gidda_8.JPG,d1fe172a2a35b3c20bb1d72b1b98a5c04ee1763bf08a7a2482fc3adf50d0b37f
Cattle_Malnad_Gidda,train,train\Cattle_Malnad_Gidda\9d8bc51291ad976d.jpg,Dataset\Cattle Breeds\Malnad_gidda\Malnad_gidda_76.png,9d8bc51291ad976de71bd4d72cb5c0df869395da2beec60723ecf3f28cc56425
Cattle_Malnad_Gidda,train,train\Cattle_Malnad_Gidda\ff11836bf9e580d7.jpg,Dataset\Cattle Breeds\Malnad_gidda\Malnad_gidda_81.png,ff11836bf9e580d734def7b1fc65a765c3d75b708417d4f3d2580d2b29291b46
Cattle_Malnad_Gidda,train,train\Cattle_Malnad_Gidda\e1bb642ea830249e.jpg,Dataset\Cattle Breeds\Malnad_gidda\Malnad_gidda_15.jpg,e1bb642ea830249ebda6d5757016068826ccb944e1876f83ab12c1dd28755cfd
Cattle_Malnad_Gidda,train,train\Cattle_Malnad_Gidda\d225a26398a10be2.jpg,Dataset\Cattle Breeds\Malnad_gidda\Malnad_gidda_44.jpg,d225a26398a10be2608e99f132a0f18316f1537346257450a99ad1d8ebc0ea5d
Cattle_Malnad_Gidda,train,train\Cattle_Malnad_Gidda\321f72643cf93343.jpg,Dataset\Cattle Breeds\Malnad_gidda\Malnad_gidda_40.jpg,321f72643cf93343f2c096f590bd6e45c95157eaa51935ab1281fec0398eee69
Cattle_Malnad_Gidda,train,train\Cattle_Malnad_Gidda\fb16c401071ddd1a.jpg,Dataset\Cattle Breeds\Malnad_gidda\Malnad_gidda_7.jpg,fb16c401071ddd1a2608c57c10c8f5958297d29fc63a1e45726d4751c1900a23
Cattle_Malnad_Gidda,train,train\Cattle_Malnad_Gidda\509e3afb3ec10dbd.jpg,Dataset\Cattle Breeds\Malnad_gidda\Malnad_gidda_9.jpg,509e3afb3ec10dbd7c7891a3ca6fc48c4221b84c9e835d4d1dff219c1de7acfa
Cattle_Malnad_Gidda,train,train\Cattle_Malnad_Gidda\bbfe5c56a164c43f.jpg,Dataset\Cattle Breeds\Malnad_gidda\Malnad_gidda_77.png,bbfe5c56a164c43fb4b6bb6588bd76ac62ed98fa2a2a61e8716cd40a34296da3
Cattle_Malnad_Gidda,train,train\Cattle_Malnad_Gidda\d05dd97281da89d4.jpg,Dataset\Cattle Breeds\Malnad_gidda\Malnad_gidda_94.png,d05dd97281da89d43af071cead1f2cf3979fc6fcd847ee4a6f6494e22c537c81
Cattle_Malnad_Gidda,train,train\Cattle_Malnad_Gidda\065e7581ff3761fa.jpg,Dataset\Cattle Breeds\Malnad_gidda\Malnad_gidda_83.png,065e7581ff3761fab909e25aa6f5da6e74439d62183c526bc8aead7f408d08ef
Cattle_Malnad_Gidda,train,train\Cattle_Malnad_Gidda\94ff2ee33ec1c3e3.jpg,Dataset\Cattle Breeds\Malnad_gidda\Malnad_gidda_56.png,94ff2ee33ec1c3e3c356af331d56435e727c4f0de13137b51602027b057ba5d6
Cattle_Malnad_Gidda,train,train\Cattle_Malnad_Gidda\5d86706ca6639717.jpg,Dataset\Cattle Breeds\Malnad_gidda\Malnad_gidda_12.jpg,5d86706ca6639717e921103f2b60e4f43d5c2d1d88a9bbfbe599818413af17f0
Cattle_Malnad_Gidda,train,train\Cattle_Malnad_Gidda\05da8c6e309ea87a.jpg,Dataset\Cattle Breeds\Malnad_gidda\Malnad_gidda_97.png,05da8c6e309ea87a2066387f426b6a3565f59ce55e6ad0fe7c96d581726f758b
Cattle_Malnad_Gidda,train,train\Cattle_Malnad_Gidda\53f4e219eb9704ca.jpg,Dataset\Cattle Breeds\Malnad_gidda\Malnad_gidda_67.png,53f4e219eb9704ca6e8652673bc6f60a404c1be99544fac78cc8ea55a190e0b0
Cattle_Malnad_Gidda,train,train\Cattle_Malnad_Gidda\c966f639ab21cd35.jpg,Dataset\Cattle Breeds\Malnad_gidda\Malnad_gidda_95.png,c966f639ab21cd35f9401b46923f42be075bedb3c8897166fba8cdbd9fb2734e
Cattle_Malnad_Gidda,train,train\Cattle_Malnad_Gidda\c59a805b651488fe.jpg,Dataset\Cattle Breeds\Malnad_gidda\Malnad_gidda_89.png,c59a805b651488fe58033946e52a3beb0f5f53f92c2459787f6bcab0cf4ee3b2
Cattle_Malnad_Gidda,train,train\Cattle_Malnad_Gidda\49ef32f6d39bbbb6.jpg,Dataset\Cattle Breeds\Malnad_gidda\Malnad_gidda_87.png,49ef32f6d39bbbb6b9cccc3ce0f8bafc68f0b43497ae5c692a1c3b5383b8bd74
Cattle_Malnad_Gidda,train,train\Cattle_Malnad_Gidda\23200c4045d983dc.jpg,Dataset\Cattle Breeds\Malnad_gidda\Malnad_gidda_64.png,23200c4045d983dce871ca9708a3a15adac1a6f2afa57f443e11e7e390092658
Cattle_Malnad_Gidda,train,train\Cattle_Malnad_Gidda\3697bd2228ed2692.jpg,Dataset\Cattle Breeds\Malnad_gidda\Malnad_gidda_26.jpg,3697bd2228ed2692806686846625ef471a8f1263ec636bf816a80a06ce27df18
Cattle_Malnad_Gidda,train,train\Cattle_Malnad_Gidda\44b97ddfa6a77dd6.jpg,Dataset\Cattle Breeds\Malnad_gidda\Malnad_gidda_46.jpg,44b97ddfa6a77dd6aea9429da3a8f4b36defc6fbe3ec7030ee941977770c4bdc
Cattle_Malnad_Gidda,train,train\Cattle_Malnad_Gidda\ca30d5a06d949895.jpg,Dataset\Cattle Breeds\Malnad_gidda\Malnad_gidda_51.png,ca30d5a06d949895433e3d8942e5453c38ed9b5e48152589c0cdb1fe5c5003b1
Cattle_Malnad_Gidda,train,train\Cattle_Malnad_Gidda\9c813a9ce36347c9.jpg,Dataset\Cattle Breeds\Malnad_gidda\Malnad_gidda_58.png,9c813a9ce36347c90b8325c4b9658a5b79bb0ab5357b7cb475eaddc517f2ca5a
Cattle_Malnad_Gidda,train,train\Cattle_Malnad_Gidda\7bac7d91f79ae91e.jpg,Dataset\Cattle Breeds\Malnad_gidda\Malnad_gidda_53.png,7bac7d91f79ae91efdf5a6531694847d4c8e4674d1d8a99d1e3bffb878d66dfb
Cattle_Malnad_Gidda,train,train\Cattle_Malnad_Gidda\1ecf6cd2efde20ea.jpg,Dataset\Cattle Breeds\Malnad_gidda\Malnad_gidda_57.png,1ecf6cd2efde20ea4c7105caefe12cf9190661d091ec907856d5c2cc6cfa987a
Cattle_Malnad_Gidda,train,train\Cattle_Malnad_Gidda\2c566eb0eb9b6e7b.jpg,Dataset\Cattle Breeds\Malnad_gidda\Malnad_gidda_5.jpg,2c566eb0eb9b6e7b13bdae1d65d3cec3351197a3d63634345b769020575a6769
Cattle_Malnad_Gidda,train,train\Cattle_Malnad_Gidda\bf3afaa59ed93577.jpg,Dataset\Cattle Breeds\Malnad_gidda\Malnad_gidda_19.jpg,bf3afaa59ed93577f3c2f3a819c74c4bc89b67aabc64e90a070a664b556fd87f
Cattle_Malnad_Gidda,train,train\Cattle_Malnad_Gidda\06e1df9fa392984d.jpg,Dataset\Cattle Breeds\Malnad_gidda\Malnad_gidda_38.jpg,06e1df9fa392984dfd196536c725f380f3c389050468c7dc303f2994c843cd8b
Cattle_Malnad_Gidda,train,train\Cattle_Malnad_Gidda\39539913216da878.jpg,Dataset\Cattle Breeds\Malnad_gidda\Malnad_gidda_45.jpg,39539913216da878b4fde06937cd7b06c1da6c3c4c2ff8ce31200fa306906289
Cattle_Malnad_Gidda,train,train\Cattle_Malnad_Gidda\a63c70ca9a828dce.jpg,Dataset\Cattle Breeds\Malnad_gidda\Malnad_gidda_82.png,a63c70ca9a828dce6caf84f69d792cb5509e416ae818f736ec51f0ad2313cd76
Cattle_Nagori,test,test\Cattle_Nagori\10f749cc1b1775e6.jpg,Dataset\Cattle Breeds\Nagori\Nagori_22.jpg,10f749cc1b1775e61844cf192d7eab7b7e01193fb5dba5320d3ec6bd891356a0
Cattle_Nagori,test,test\Cattle_Nagori\73d0e107f234bc04.jpg,Dataset\Cattle Breeds\Nagori\Nagori_20.jpg,73d0e107f234bc041ed9ba9f899424ee5ca6213d42839855d97d63cc7374155e
Cattle_Nagori,test,test\Cattle_Nagori\6c2b602d09221e9a.jpg,Dataset\Cattle Breeds\Nagori\Nagori_1.png,6c2b602d09221e9a2e7fd6c78de63b26a7fe73475982d11402ebbd5b1219b212
Cattle_Nagori,test,test\Cattle_Nagori\70e0796742c490f9.jpg,Dataset\Cattle Breeds\Nagori\Nagori_16.jpg,70e0796742c490f92bf9f54517659b69564d98124f3b8e69a6841bacaeabe07b
Cattle_Nagori,test,test\Cattle_Nagori\87744ee6d14e5c7f.jpg,Dataset\Cattle Breeds\Nagori\Nagori_84.png,87744ee6d14e5c7f12bb74fdf92d8a95e684db43abd0858aff7fa617381bc40f
Cattle_Nagori,test,test\Cattle_Nagori\c19d5ce56a8fd1e1.jpg,Dataset\Cattle Breeds\Nagori\Nagori_17.jpg,c19d5ce56a8fd1e12639c718cfd33c4227560fc9c8d3609c3e6121cd1b016d4b
Cattle_Nagori,test,test\Cattle_Nagori\8ec6244040fba2bf.jpg,Dataset\Cattle Breeds\Nagori\Nagori_24.png,8ec6244040fba2bf5823fb9edf54ede8934cbf9a59368a56fa30fcb07a6633de
Cattle_Nagori,test,test\Cattle_Nagori\834a381518fb40bb.jpg,Dataset\Cattle Breeds\Nagori\Nagori_52.png,834a381518fb40bb0f5d5b66ef9a111e12900becc747a23643a5801769fc0991
Cattle_Nagori,test,test\Cattle_Nagori\95dce531d0384526.jpg,Dataset\Cattle Breeds\Nagori\Nagori_39.jpg,95dce531d03845265763b5084cdd9b202a3f58cc8218c25c7db206ddf7e75310
Cattle_Nagori,test,test\Cattle_Nagori\94a8c1c684a3e31a.jpg,Dataset\Cattle Breeds\Nagori\Nagori_68.png,94a8c1c684a3e31ab08a7f422e9ad5231fcc8b4adbe50971ee844e3244c8c162
Cattle_Nagori,test,test\Cattle_Nagori\d9b134cf13924a65.jpg,Dataset\Cattle Breeds\Nagori\Nagori_43.png,d9b134cf13924a6535268cbb306a688c0eef115ef070fc6ce7f04c9051310f88
Cattle_Nagori,test,test\Cattle_Nagori\165cdb24ec21623c.jpg,Dataset\Cattle Breeds\Nagori\Nagori_55.png,165cdb24ec21623ceb14e07860e3bbe680f969c6ffde2636fa8c1c8dcc717469
Cattle_Nagori,val,val\Cattle_Nagori\69c7115a9dcb420c.jpg,Dataset\Cattle Breeds\Nagori\Nagori_86.png,69c7115a9dcb420c6705deeef43911ab1666455953979852a16ab1c4550ffa1e
Cattle_Nagori,val,val\Cattle_Nagori\5a6e1c62ea570dbd.jpg,Dataset\Cattle Breeds\Nagori\Nagori_7.jpg,5a6e1c62ea570dbd5c1672cb42e11d3b443455eec390df0808af5005f9b7f44c
Cattle_Nagori,val,val\Cattle_Nagori\fdbfd674f8a72fd7.jpg,Dataset\Cattle Breeds\Nagori\Nagori_11.jpg,fdbfd674f8a72fd78d3cfde171a44d98e56e3886805c77113208dfff6954f778
Cattle_Nagori,val,val\Cattle_Nagori\b7f9a474701a2a22.jpg,Dataset\Cattle Breeds\Nagori\Nagori_53.png,b7f9a474701a2a228fc81cdb80a85f7cc2173526481f0c22315095e3d4192a76
Cattle_Nagori,val,val\Cattle_Nagori\737db70d399ad614.jpg,Dataset\Cattle Breeds\Nagori\Nagori_9.jpg,737db70d399ad6149f1a8da65e289bd2d56b2fe603a89cddbc3725cf91980037
Cattle_Nagori,val,val\Cattle_Nagori\8d2ee8abcda57451.jpg,Dataset\Cattle Breeds\Nagori\Nagori_63.png,8d2ee8abcda574510871f30b9305d7d90690c9c32cbbfa18dad2b46efa26d95a
Cattle_Nagori,val,val\Cattle_Nagori\5bcc02b073ebf5df.jpg,Dataset\Cattle Breeds\Nagori\Nagori_32.png,5bcc02b073ebf5df66f32137c4ca6a1aa450f0c93c90cade6bdd05b3281af34a
Cattle_Nagori,val,val\Cattle_Nagori\aa50675f780f2dc6.jpg,Dataset\Cattle Breeds\Nagori\Nagori_12.jpg,aa50675f780f2dc6d9188f039b28c92b9db15679b616823c7b7ff88310cfe7e3
Cattle_Nagori,val,val\Cattle_Nagori\354d86300a729e21.jpg,Dataset\Cattle Breeds\Nagori\Nagori_89.png,354d86300a729e21254620f6e53c1b41a8517eca4342698de908f87cf5ded171
Cattle_Nagori,val,val\Cattle_Nagori\768c8d2a4c172776.jpg,Dataset\Cattle Breeds\Nagori\Nagori_27.webp,768c8d2a4c1727766e4c8be27237983ece12285a74d29ffefb54902b3253f4fe
Cattle_Nagori,val,val\Cattle_Nagori\98a111247bcc1f84.jpg,Dataset\Cattle Breeds\Nagori\Nagori_23.jpg,98a111247bcc1f846b9e00955548e3121b31695aaf94496fb766604b8f97b9a3
Cattle_Nagori,val,val\Cattle_Nagori\ef2924343542f14f.jpg,Dataset\Cattle Breeds\Nagori\Nagori_69.png,ef2924343542f14f7c7fc0e7a94165da63c5bf3713e4c3a9e289c3de5fb71dc8
Cattle_Nagori,train,train\Cattle_Nagori\6b4f4b0162645d3f.jpg,Dataset\Cattle Breeds\Nagori\Nagori_57.png,6b4f4b0162645d3f17af4b4f3767a19b708e0755b08bc790a74cc80aa9f228a1
Cattle_Nagori,train,train\Cattle_Nagori\8f145642fcf51154.jpg,Dataset\Cattle Breeds\Nagori\Nagori_29.jpg,8f145642fcf51154c514bd3cdc9f8737cbdf0917428a9950bc0d5c35c29d75cb
Cattle_Nagori,train,train\Cattle_Nagori\75282f509e13157a.jpg,Dataset\Cattle Breeds\Nagori\Nagori_58.png,75282f509e13157abc8025a160b0cabcd78e5ff303ff4d680be72a26ac7d9206
Cattle_Nagori,train,train\Cattle_Nagori\8908bb4806ba6a53.jpg,Dataset\Cattle Breeds\Nagori\Nagori_28.png,8908bb4806ba6a539dc76d13380e8ddbd78ec1ffe41b1ec59bdbfa8449a0dce8
Cattle_Nagori,train,train\Cattle_Nagori\b44394c3570159af.jpg,Dataset\Cattle Breeds\Nagori\Nagori_36.jpg,b44394c3570159af2f16756ac9ec46027c0c72eaa86eb8038e0874f4537a6110
Cattle_Nagori,train,train\Cattle_Nagori\090a0d7e4e584ca8.jpg,Dataset\Cattle Breeds\Nagori\Nagori_85.png,090a0d7e4e584ca8cd3744b49212ebb31a326cecd19622ac5e735bb118f182ed
Cattle_Nagori,train,train\Cattle_Nagori\b9dd5b0f5776041b.jpg,Dataset\Cattle Breeds\Nagori\Nagori_45.png,b9dd5b0f5776041b965cfabf88ea857e066f6d463d1d12e9c98af97240f05d1e
Cattle_Nagori,train,train\Cattle_Nagori\841d8ad3a64ec314.jpg,Dataset\Cattle Breeds\Nagori\Nagori_80.png,841d8ad3a64ec31425190867e99ce2a89d65903575ae84d72ac3a9c1890961d3
Cattle_Nagori,train,train\Cattle_Nagori\e32120afbda5711d.jpg,Dataset\Cattle Breeds\Nagori\Nagori_77.png,e32120afbda5711dedf00cfd31178f4cbd9532f3c9456c11cc7f1fe357f64f21
Cattle_Nagori,train,train\Cattle_Nagori\6bb7e327342a2395.jpg,Dataset\Cattle Breeds\Nagori\Nagori_62.png,6bb7e327342a2395817745dae2ad12f66a8afbcadf09844726ca2cdcfa3553cd
Cattle_Nagori,train,train\Cattle_Nagori\cad8a6e58257f200.jpg,Dataset\Cattle Breeds\Nagori\Nagori_75.png,cad8a6e58257f20021400dba743ad415a5bce3250bcb051a6d2ffff0005f2d10
Cattle_Nagori,train,train\Cattle_Nagori\cff3801d1e3be127.jpg,Dataset\Cattle Breeds\Nagori\Nagori_82.png,cff3801d1e3be1279a9fbea4656ca706eb114ffabb02f59b3aee3fcce3b54954
Cattle_Nagori,train,train\Cattle_Nagori\dadf1912a90dafb5.jpg,Dataset\Cattle Breeds\Nagori\Nagori_81.png,dadf1912a90dafb5d259aadab1cd06de56ffc94d02c28af400ab0545f0cad434
Cattle_Nagori,train,train\Cattle_Nagori\6cc192e962456978.jpg,Dataset\Cattle Breeds\Nagori\Nagori_59.png,6cc192e9624569784c325f4f87d66442a40fbba621e83bdf60220f70a459ebc6
Cattle_Nagori,train,train\Cattle_Nagori\58b58afe5f4e24e8.jpg,Dataset\Cattle Breeds\Nagori\Nagori_76.png,58b58afe5f4e24e8fdafc50738ad2eb643d5ebc8467d2fa745f20b4267234cc2
Cattle_Nagori,train,train\Cattle_Nagori\88dbbe3831a378af.jpg,Dataset\Cattle Breeds\Nagori\Nagori_64.png,88dbbe3831a378af518ba3baa84635d3c5349c39059db1879ea50105abcb33ba
Cattle_Nagori,train,train\Cattle_Nagori\24f0ea965884eb0f.jpg,Dataset\Cattle Breeds\Nagori\Nagori_51.png,24f0ea965884eb0f68db538f474c90d27bec2b1e27c46a20936145b2852e58b7
Cattle_Nagori,train,train\Cattle_Nagori\6f20716f96ce0772.jpg,Dataset\Cattle Breeds\Nagori\Nagori_38.jpg,6f20716f96ce0772c113c484b123e34bbb9c4f7f1ebfed8cea61ce2d2b51d9d1
Cattle_Nagori,train,train\Cattle_Nagori\cfba5b795b7133dc.jpg,Dataset\Cattle Breeds\Nagori\Nagori_44.png,cfba5b795b7133dcd55481533fc7c339f0019a19df9581e36b61ab802a5aa44e
Cattle_Nagori,train,train\Cattle_Nagori\cc144b2f3b37ba81.jpg,Dataset\Cattle Breeds\Nagori\Nagori_41.jpg,cc144b2f3b37ba81bacb122122538267a1fdc6536ef8f35273d136c75a5065a0
Cattle_Nagori,train,train\Cattle_Nagori\da71ee23fc96c9fd.jpg,Dataset\Cattle Breeds\Nagori\Nagori_72.png,da71ee23fc96c9fd809521cd82b96ddd1fecfe10083438fe42b9c5ff99f6ceb9
Cattle_Nagori,train,train\Cattle_Nagori\8979440f093376cc.jpg,Dataset\Cattle Breeds\Nagori\Nagori_3.jpg,8979440f093376ccef187747ec892502074db44e6a5d4cded81557be164f674e
Cattle_Nagori,train,train\Cattle_Nagori\53d18a5da23a7e42.jpg,Dataset\Cattle Breeds\Nagori\Nagori_13.jpg,53d18a5da23a7e42be305eb8538fc84d5b8b48163bef1c2493ca9102a3f6d824
Cattle_Nagori,train,train\Cattle_Nagori\6eeaf53732d066f4.jpg,Dataset\Cattle Breeds\Nagori\Nagori_14.jpg,6eeaf53732d066f406bf25143321453dbaf6b8dfd8f321f233b468d84ce11ad4
Cattle_Nagori,train,train\Cattle_Nagori\ac08213e2fef8446.jpg,Dataset\Cattle Breeds\Nagori\Nagori_5.jpg,ac08213e2fef84465fb703f210afc74a13ea0024d6c42a64deae36129a7d8977
Cattle_Nagori,train,train\Cattle_Nagori\fb5194c25dfa720f.jpg,Dataset\Cattle Breeds\Nagori\Nagori_70.png,fb5194c25dfa720fd12e47d0dcbbe91c46ddcf1c3e58a6795a2d1419c1df84ed
Cattle_Nagori,train,train\Cattle_Nagori\3b3832635b5e8aaf.jpg,Dataset\Cattle Breeds\Nagori\Nagori_65.png,3b3832635b5e8aaf3ce9f1fc00a5ca6ce4a3f777238f7d5ed6e6852725cd8ae9
Cattle_Nagori,train,train\Cattle_Nagori\c6328a75b847890b.jpg,Dataset\Cattle Breeds\Nagori\Nagori_61.png,c6328a75b847890b86b701774ed8e813d53939831cc64d8f2c0e391f950a2a44
Cattle_Nagori,train,train\Cattle_Nagori\f867f9aff8f1fcaf.jpg,Dataset\Cattle Breeds\Nagori\Nagori_40.jpg,f867f9aff8f1fcaf013b3c4c83b3a6caa440ce7937e38c2ebb240b81854a700f
Cattle_Nagori,train,train\Cattle_Nagori\b0ab610f7724bba9.jpg,Dataset\Cattle Breeds\Nagori\Nagori_87.png,b0ab610f7724bba955104c8dff346898ed8ada279345177e72d78dcb4168546d
Cattle_Nagori,train,train\Cattle_Nagori\2d0a5cac67aea88e.jpg,Dataset\Cattle Breeds\Nagori\Nagori_47.png,2d0a5cac67aea88ec6d33351bcb4b8be520946ee4e87286102fe157c7abcfb27
Cattle_Nagori,train,train\Cattle_Nagori\b7ea9af22113de39.jpg,Dataset\Cattle Breeds\Nagori\Nagori_46.png,b7ea9af22113de39c61f4b19b2c1b161ee0e159d654d0b1cf7ef8e89b26b041a
Cattle_Nagori,train,train\Cattle_Nagori\ff623075dde15404.jpg,Dataset\Cattle Breeds\Nagori\Nagori_34.jpg,ff623075dde154041d0e338d088f08786148276d88fbf4a278c98bcf382c2058
Cattle_Nagori,train,train\Cattle_Nagori\182063c55a613904.jpg,Dataset\Cattle Breeds\Nagori\Nagori_10.jpg,182063c55a61390496deec53337ac41238101f5c8d784ee2a81793a6642f753f
Cattle_Nagori,train,train\Cattle_Nagori\80c211baf6a3922e.jpg,Dataset\Cattle Breeds\Nagori\Nagori_42.jpg,80c211baf6a3922e783eb60b6d9b71f10f9b00462a40352cca2dbce829df1d45
Cattle_Nagori,train,train\Cattle_Nagori\b3de72c28a6b6857.jpg,Dataset\Cattle Breeds\Nagori\Nagori_71.png,b3de72c28a6b685768121c8c19e276e0028d5498fdeaccdd236f9684cc750198
Cattle_Nagori,train,train\Cattle_Nagori\f357be7da9d1e1b4.jpg,Dataset\Cattle Breeds\Nagori\Nagori_73.png,f357be7da9d1e1b4a125a3bb076c3907fab16374fc0631492736febec85b7f87
Cattle_Nagori,train,train\Cattle_Nagori\17f1cbd3c9a07bd7.jpg,Dataset\Cattle Breeds\Nagori\Nagori_83.png,17f1cbd3c9a07bd73edb4821e21f073dfcfb6c28e270a9217024ab840d723356
Cattle_Nagori,train,train\Cattle_Nagori\ad274c0e8c9f9545.jpg,Dataset\Cattle Breeds\Nagori\Nagori_60.png,ad274c0e8c9f95454748668b3e3da82ce43534507eabfa89103bfc2206b4187e
Cattle_Nagori,train,train\Cattle_Nagori\bf3f9972bc8d8bb8.jpg,Dataset\Cattle Breeds\Nagori\Nagori_37.jpg,bf3f9972bc8d8bb8262a0877aa8a3eb14f72da7fc5351bf95e2e01da9b826abb
Cattle_Nagori,train,train\Cattle_Nagori\88807bf05aa775d9.jpg,Dataset\Cattle Breeds\Nagori\Nagori_26.jpg,88807bf05aa775d954d30baaff72265177f656db9b2d26c2e287a881f580edb6
Cattle_Nagori,train,train\Cattle_Nagori\4ab274f73b56b681.jpg,Dataset\Cattle Breeds\Nagori\Nagori_4.jpg,4ab274f73b56b681e7a1bc9360a31d15d96fd5ffc78ebaeb792a55ab97b87efc
Cattle_Nagori,train,train\Cattle_Nagori\125e43b0a960414e.jpg,Dataset\Cattle Breeds\Nagori\Nagori_74.png,125e43b0a960414ebd68228ed45c680817b3ba49f6b4b5463cf769f105e2193f
Cattle_Nagori,train,train\Cattle_Nagori\fb79cef3cf0527a5.jpg,Dataset\Cattle Breeds\Nagori\Nagori_56.png,fb79cef3cf0527a5d18dc31c5d73086655d0d44d169273eda0eb625725b96bfe
Cattle_Nagori,train,train\Cattle_Nagori\f20e5d345114d47c.jpg,Dataset\Cattle Breeds\Nagori\Nagori_88.png,f20e5d345114d47cc66069e91a5312f968d627137c7018adc3e5f7849c0a54ad
Cattle_Nagori,train,train\Cattle_Nagori\3b8b279f3ce86ddc.jpg,Dataset\Cattle Breeds\Nagori\Nagori_30.jpg,3b8b279f3ce86ddc2efa6df2f5fe3f174ac3dadb653cde67e5d230c0a1d4767f
Cattle_Nagori,train,train\Cattle_Nagori\5d82eb1a9451fa9c.jpg,Dataset\Cattle Breeds\Nagori\Nagori_49.png,5d82eb1a9451fa9cafa967292eb347b357b0bdf1995637fbaf40314cf0040d91
Cattle_Nagori,train,train\Cattle_Nagori\123f3baaecd91653.jpg,Dataset\Cattle Breeds\Nagori\Nagori_48.png,123f3baaecd9165312da006c292f0e6a3b7ecf51f3902f227096b1cf1bd57745
Cattle_Nagori,train,train\Cattle_Nagori\d86f829eb3d2007d.jpg,Dataset\Cattle Breeds\Nagori\Nagori_78.png,d86f829eb3d2007dd45e1ca23210ca3a1212e94487c7ee9d2a8bd14011e865f3
Cattle_Nagori,train,train\Cattle_Nagori\a4e914f5d293af5d.jpg,Dataset\Cattle Breeds\Nagori\Nagori_79.png,a4e914f5d293af5d8b327ed5ae4eae0862bf989a4e75e8ff3387eba9ff4f5f46
Cattle_Nagori,train,train\Cattle_Nagori\759ff63b61a8604a.jpg,Dataset\Cattle Breeds\Nagori\Nagori_18.jpg,759ff63b61a8604a6a1405a25e44b671b8ee724226038ae1e5fd39d9a5556f80
Cattle_Nagori,train,train\Cattle_Nagori\38c3508dddf6d0ca.jpg,Dataset\Cattle Breeds\Nagori\Nagori_54.png,38c3508dddf6d0ca287138b31bbd6c91ceb2223a11104013d84e8912fbdbb17a
Cattle_Nagori,train,train\Cattle_Nagori\b79e1f5603b5eadb.jpg,Dataset\Cattle Breeds\Nagori\Nagori_50.png,b79e1f5603b5eadbe32bc9053d5a4f0e90cd07042eec68d1c24119f89530da00
Cattle_Nagori,train,train\Cattle_Nagori\8fff00d1670681ec.jpg,Dataset\Cattle Breeds\Nagori\Nagori_21.jpg,8fff00d1670681ecbac733894bae5f32e1c36c70fd8193bc14ed333f0e3d752c
Cattle_Nagori,train,train\Cattle_Nagori\25c82a2a0cbb5e8f.jpg,Dataset\Cattle Breeds\Nagori\Nagori_66.png,25c82a2a0cbb5e8f56388e08b60d710933c68c3474cc10be9491f0346a23c888
Cattle_Nagori,train,train\Cattle_Nagori\c8d97be2918888b1.jpg,Dataset\Cattle Breeds\Nagori\Nagori_33.jpg,c8d97be2918888b158febb59b5b9c297779c63db522eb0c775e0ff6303432f44
Cattle_Nagori,train,train\Cattle_Nagori\9e687db13b8ff4b1.jpg,Dataset\Cattle Breeds\Nagori\Nagori_67.png,9e687db13b8ff4b1c3b1ee6db61d5ee406dea8ea84dafb22f59ff4e385445e83
Cattle_Nagori,train,train\Cattle_Nagori\a2d141529410fad6.jpg,Dataset\Cattle Breeds\Nagori\Nagori_19.jpg,a2d141529410fad65eee20e20ac349680c979b56c45585183adc39502c4bd879
Cattle_Nimari,test,test\Cattle_Nimari\36af923ba9e845ec.jpg,Dataset\Cattle Breeds\Nimari\Nimari_38.jpg,36af923ba9e845ec95b68541efd4ff3a46e7ec925d886b0b255d38005fd52f57
Cattle_Nimari,test,test\Cattle_Nimari\5da69d1582a51ef6.jpg,Dataset\Cattle Breeds\Nimari\Nimari_82.png,5da69d1582a51ef65c8beafea898973fa74ce2794dd72e933f566b0174f1f79d
Cattle_Nimari,test,test\Cattle_Nimari\b7e776dc350f5c34.jpg,Dataset\Cattle Breeds\Nimari\Nimari_31.jpg,b7e776dc350f5c346f64f94b54fbe76954a2f05d5ca4403e565de0e40c199b55
Cattle_Nimari,test,test\Cattle_Nimari\a11d074b3a29b46f.jpg,Dataset\Cattle Breeds\Nimari\Nimari_1.jpg,a11d074b3a29b46f82cf38ba99547f699bc58477a50e2a0c6022acc30da50478
Cattle_Nimari,test,test\Cattle_Nimari\ba26c83ea54e3930.jpg,Dataset\Cattle Breeds\Nimari\Nimari_84.png,ba26c83ea54e393047313fefa4a058436218e44f91108a4130140e0b1acf054f
Cattle_Nimari,test,test\Cattle_Nimari\ce25e18f7a222a9a.jpg,Dataset\Cattle Breeds\Nimari\Nimari_26.jpg,ce25e18f7a222a9ae0d1c163cc355dd4ee398f6bbe2cc7435046e5e8395ef141
Cattle_Nimari,test,test\Cattle_Nimari\5c072ce9518fe013.jpg,Dataset\Cattle Breeds\Nimari\Nimari_62.png,5c072ce9518fe013e30a9f42666914ee696d3293dccfd9a9627139a457782b29
Cattle_Nimari,test,test\Cattle_Nimari\b473172d2a311c2d.jpg,Dataset\Cattle Breeds\Nimari\Nimari_34.JPG,b473172d2a311c2d02dd8cbabdb6619631640fc5289d7b0193772fe048ce121c
Cattle_Nimari,test,test\Cattle_Nimari\c88ebf2ffc7122f3.jpg,Dataset\Cattle Breeds\Nimari\Nimari_25.jpg,c88ebf2ffc7122f3ea7bf537ae035796a6f064fff1d20a81982c5bf74e3a5fa7
Cattle_Nimari,test,test\Cattle_Nimari\5388fee9c26c7836.jpg,Dataset\Cattle Breeds\Nimari\Nimari_11.jpg,5388fee9c26c78362be8879b40ec17eea2070699f6f4727621c4710bd47fe129
Cattle_Nimari,test,test\Cattle_Nimari\4fb582451d7958a4.jpg,Dataset\Cattle Breeds\Nimari\Nimari_40.jpg,4fb582451d7958a4b49517cbdeee9de28aa08b07c91e0232681d349b75948f9e
Cattle_Nimari,test,test\Cattle_Nimari\4471f7cc8ca60701.jpg,Dataset\Cattle Breeds\Nimari\Nimari_24.jpg,4471f7cc8ca6070129bfae4d8a90262de0ee1a3da8f9952d4563f755a467e629
Cattle_Nimari,test,test\Cattle_Nimari\535e3917175e45a4.jpg,Dataset\Cattle Breeds\Nimari\Nimari_83.png,535e3917175e45a4590d5085572d1e4a1163415b9025ee2a86b3510aadabeb8b
Cattle_Nimari,val,val\Cattle_Nimari\0919cf714d9cf5fd.jpg,Dataset\Cattle Breeds\Nimari\Nimari_48.jpg,0919cf714d9cf5fdba9eaea6a0d090d8cfe4294bea1541c72253423f254b24ee
Cattle_Nimari,val,val\Cattle_Nimari\953dcfca9b52eedb.jpg,Dataset\Cattle Breeds\Nimari\Nimari_51.png,953dcfca9b52eedbc7eb440fcbb3dcf713edb2d73533f343dbb99ef7fe8bdd8c
Cattle_Nimari,val,val\Cattle_Nimari\a156efbd3d2195e8.jpg,Dataset\Cattle Breeds\Nimari\Nimari_53.png,a156efbd3d2195e873790092c4c8b879a94cb9a7fffaf782991f698e742d8743
Cattle_Nimari,val,val\Cattle_Nimari\3a9592ea12973ad8.jpg,Dataset\Cattle Breeds\Nimari\Nimari_72.png,3a9592ea12973ad89239efb5f81c4aa2c324b095457ec566e628b7fa185f3506
Cattle_Nimari,val,val\Cattle_Nimari\83d7d2c47a73a048.jpg,Dataset\Cattle Breeds\Nimari\Nimari_42.jpg,83d7d2c47a73a048b008f57efb021dc42ad9a91702a7300149912005d60240bf
Cattle_Nimari,val,val\Cattle_Nimari\1e93cddded7f91b5.jpg,Dataset\Cattle Breeds\Nimari\Nimari_6.jpg,1e93cddded7f91b5d84589876c2b3643d1670c9f256a6699571b118ac4799121
Cattle_Nimari,val,val\Cattle_Nimari\def3cef92c14e66f.jpg,Dataset\Cattle Breeds\Nimari\Nimari_7.jpg,def3cef92c14e66fc6eb9688b0a274a39fe1ce02d6cd166f1066969399efb197
Cattle_Nimari,val,val\Cattle_Nimari\8a133824c3be2350.jpg,Dataset\Cattle Breeds\Nimari\Nimari_20.jpg,8a133824c3be235061079d1e870535a0d7b04103906790ef11ceda8762a09fe3
Cattle_Nimari,val,val\Cattle_Nimari\3dec79abebcd19e6.jpg,Dataset\Cattle Breeds\Nimari\Nimari_46.jpg,3dec79abebcd19e6c5eecac878e1c3cad73245d979d4d1f4a24217b93701ac32
Cattle_Nimari,val,val\Cattle_Nimari\8f00d02bfab8ac80.jpg,Dataset\Cattle Breeds\Nimari\Nimari_10.jpg,8f00d02bfab8ac8056ddf7d7c08612751d4c8324beab164f93537c9717b6dbd8
Cattle_Nimari,val,val\Cattle_Nimari\38e01c3026f1ba26.jpg,Dataset\Cattle Breeds\Nimari\Nimari_52.png,38e01c3026f1ba261f576c49565195b4adfff3fa26f4714056b66b9883779a09
Cattle_Nimari,val,val\Cattle_Nimari\c0a068c2c68e174d.jpg,Dataset\Cattle Breeds\Nimari\Nimari_60.png,c0a068c2c68e174dc6f58fba29364727e727a90ba851869b56c6ba1a697dad6a
Cattle_Nimari,val,val\Cattle_Nimari\880e9c699e0ae2c3.jpg,Dataset\Cattle Breeds\Nimari\Nimari_50.JPG,880e9c699e0ae2c3b2a77096fcb774ab26003bdc609474019f86785440f2adb2
Cattle_Nimari,train,train\Cattle_Nimari\89eb0beeb4d51b69.jpg,Dataset\Cattle Breeds\Nimari\Nimari_55.png,89eb0beeb4d51b69f613410e4d9469e44b712bc5cefccf6314f793e3090af8b3
Cattle_Nimari,train,train\Cattle_Nimari\a95eccb0726711c0.jpg,Dataset\Cattle Breeds\Nimari\Nimari_41.JPG,a95eccb0726711c0ad08357c4f4da9513a3ace6492c5e54e3c135b1952562eab
Cattle_Nimari,train,train\Cattle_Nimari\1915e97031943045.jpg,Dataset\Cattle Breeds\Nimari\Nimari_54.png,1915e970319430452411ca0342c2b65afe0be2d3ad1f7f80a9e844a13582fefe
Cattle_Nimari,train,train\Cattle_Nimari\373956f6d0bfeef4.jpg,Dataset\Cattle Breeds\Nimari\Nimari_22.jpg,373956f6d0bfeef4b86297a008e1c4841fbfc1f36d2d7efc2a1016afedf53ec7
Cattle_Nimari,train,train\Cattle_Nimari\9c3d13622632419c.jpg,Dataset\Cattle Breeds\Nimari\Nimari_16.jpg,9c3d13622632419c6421093b2704b590252e7d50eb7f54e7de015cd82c4221b4
Cattle_Nimari,train,train\Cattle_Nimari\5427a7b9a969caa7.jpg,Dataset\Cattle Breeds\Nimari\Nimari_66.png,5427a7b9a969caa76ec136f4ced340e6063e012f3bce134448df5657baf9463d
Cattle_Nimari,train,train\Cattle_Nimari\270af501f17c867a.jpg,Dataset\Cattle Breeds\Nimari\Nimari_15.jpg,270af501f17c867aa171670286c484e02c1f5600b362c0b0131ff89500945aab
Cattle_Nimari,train,train\Cattle_Nimari\09237588990e2883.jpg,Dataset\Cattle Breeds\Nimari\Nimari_39.jpg,09237588990e28830f8b19601b0083b34269f498ad450edfccecef00a10c2da4
Cattle_Nimari,train,train\Cattle_Nimari\146ee0d76d466497.jpg,Dataset\Cattle Breeds\Nimari\Nimari_30.jpg,146ee0d76d466497bb353c5039de45b6738c0b0354499772d78bb39e60929b18
Cattle_Nimari,train,train\Cattle_Nimari\2c55400cf0eb4a64.jpg,Dataset\Cattle Breeds\Nimari\Nimari_17.jpg,2c55400cf0eb4a64d31624f5eebfaef164cfa494796bdbf8fc8e390e6983f748
Cattle_Nimari,train,train\Cattle_Nimari\f933bdcbafa9da5a.jpg,Dataset\Cattle Breeds\Nimari\Nimari_59.png,f933bdcbafa9da5a377ec5f160718d8678d82b5b4ef858083373dc5b7357d4dd
Cattle_Nimari,train,train\Cattle_Nimari\3e07b67fa2dc8bf8.jpg,Dataset\Cattle Breeds\Nimari\Nimari_3.jpg,3e07b67fa2dc8bf8a8ca7da5cd995036f7694fda1d9bff9c6359ed162bf69d7f
Cattle_Nimari,train,train\Cattle_Nimari\75c32c1ce4b47a33.jpg,Dataset\Cattle Breeds\Nimari\Nimari_45.JPG,75c32c1ce4b47a33ae9dfd13414a84dfc2edd3d361a91bed50565a0717692566
Cattle_Nimari,train,train\Cattle_Nimari\2efe6359521a1302.jpg,Dataset\Cattle Breeds\Nimari\Nimari_28.JPG,2efe6359521a13021b065cae9176a1d93740eb8ddc7d301663399f409000509f
Cattle_Nimari,train,train\Cattle_Nimari\7aa4f0b0b0134dd1.jpg,Dataset\Cattle Breeds\Nimari\Nimari_18.jpeg,7aa4f0b0b0134dd1f81ee7e2d4bcfe4765555d8d1e4600fd376fbe5d15b19fe6
Cattle_Nimari,train,train\Cattle_Nimari\d0581cf7ab65ad84.jpg,Dataset\Cattle Breeds\Nimari\Nimari_44.jpg,d0581cf7ab65ad84c6fdb60185b479c46f723147b78feb93be027030694bf6be
Cattle_Nimari,train,train\Cattle_Nimari\2313594b94b77853.jpg,Dataset\Cattle Breeds\Nimari\Nimari_9.jpg,2313594b94b77853e540c869db5530a060e3282d169d71948d9e55bdca92e9fd
Cattle_Nimari,train,train\Cattle_Nimari\71dea6f537d29f46.jpg,Dataset\Cattle Breeds\Nimari\Nimari_21.jpg,71dea6f537d29f46225afc84e822b93f530e9c97288d508e4a0eb78639dd30ad
Cattle_Nimari,train,train\Cattle_Nimari\0dbdb6ab89916f29.jpg,Dataset\Cattle Breeds\Nimari\Nimari_57.png,0dbdb6ab89916f292a8bc10be2fd236650f415515cc1788d308c189ac16928a8
Cattle_Nimari,train,train\Cattle_Nimari\f586c44e314766a1.jpg,Dataset\Cattle Breeds\Nimari\Nimari_63.png,f586c44e314766a1516b179ab827b87bf695f7bfaeee37bc7b98d1ba86f495d6
Cattle_Nimari,train,train\Cattle_Nimari\47b52491417bd83e.jpg,Dataset\Cattle Breeds\Nimari\Nimari_70.png,47b52491417bd83eb1bd9462debd9bd2aa0953d38b25c749ee0543ee55fd2077
Cattle_Nimari,train,train\Cattle_Nimari\4d3442de9619ac5c.jpg,Dataset\Cattle Breeds\Nimari\Nimari_35.jpg,4d3442de9619ac5cd0c457c086f6f1faf82d64bb2abda8eabad283689eb4d077
Cattle_Nimari,train,train\Cattle_Nimari\fac21c13da4180cf.jpg,Dataset\Cattle Breeds\Nimari\Nimari_73.png,fac21c13da4180cf91744a44e6a4a5f1d5181951423b96ec93ed57ad6c6dcf02
Cattle_Nimari,train,train\Cattle_Nimari\9d74bb600776336b.jpg,Dataset\Cattle Breeds\Nimari\Nimari_69.png,9d74bb600776336bccb3216fc85038315668dae4097e969edcf8ff7cf22fc304
Cattle_Nimari,train,train\Cattle_Nimari\8fd319570d3ca117.jpg,Dataset\Cattle Breeds\Nimari\Nimari_5.jpg,8fd319570d3ca117f59ba92cab8a48fd47a26016d5703c2b7df06b8ab96c710f
Cattle_Nimari,train,train\Cattle_Nimari\11c88e053e911931.jpg,Dataset\Cattle Breeds\Nimari\Nimari_13.jpg,11c88e053e911931fefa86a70a4579717c8337724845f3267c117d1e31a6fd9e
Cattle_Nimari,train,train\Cattle_Nimari\ea436fda4360c782.jpg,Dataset\Cattle Breeds\Nimari\Nimari_36.jpg,ea436fda4360c7828954033704516ffafa7ae4f2a1d9560843e86e9e8d92190f
Cattle_Nimari,train,train\Cattle_Nimari\1e03a4cf5d892984.jpg,Dataset\Cattle Breeds\Nimari\Nimari_64.png,1e03a4cf5d8929841990e30e59076448401f139aa420c18321a25a9d2717a849
Cattle_Nimari,train,train\Cattle_Nimari\57fb10601ab1c8d8.jpg,Dataset\Cattle Breeds\Nimari\Nimari_32.jpg,57fb10601ab1c8d83801eaa2d1dbfdcb7468199db2311a9579fe858ccb410944
Cattle_Nimari,train,train\Cattle_Nimari\7f7aa06a34542e71.jpg,Dataset\Cattle Breeds\Nimari\Nimari_8.jpg,7f7aa06a34542e7183a490c055dc2091dc09ae8262b4a553b5b6b0e008ed7845
Cattle_Nimari,train,train\Cattle_Nimari\f8dbd12ea6e67d0e.jpg,Dataset\Cattle Breeds\Nimari\Nimari_61.png,f8dbd12ea6e67d0e9a4817f9fef76d2160e2a89c34150ed311bd762cf54928e0
Cattle_Nimari,train,train\Cattle_Nimari\8da5701679ac80c5.jpg,Dataset\Cattle Breeds\Nimari\Nimari_56.png,8da5701679ac80c5682124079ade90c479174c83d49d94fea14161d584ce9b7f
Cattle_Nimari,train,train\Cattle_Nimari\28c8595168217a9c.jpg,Dataset\Cattle Breeds\Nimari\Nimari_23.jpg,28c8595168217a9c13200a0850cda4b5fe95c63bbc4f275fd86e48fa9c43ca2e
Cattle_Nimari,train,train\Cattle_Nimari\935406f7be76095a.jpg,Dataset\Cattle Breeds\Nimari\Nimari_37.jpg,935406f7be76095a8903b34074c04f5411be3b9d87dd87bc4ac860493c1ea457
Cattle_Nimari,train,train\Cattle_Nimari\3f9e749c72137c47.jpg,Dataset\Cattle Breeds\Nimari\Nimari_79.png,3f9e749c72137c472410a30725f2bdddd8d59d5bee9a3c28a03a8384f51a297c
Cattle_Nimari,train,train\Cattle_Nimari\4f61fab333db2d43.jpg,Dataset\Cattle Breeds\Nimari\Nimari_65.png,4f61fab333db2d4363d0cc8bb7e4d5529f042f2f05a534b4b8607143d7a00694
Cattle_Nimari,train,train\Cattle_Nimari\78ea0587ffe45a78.jpg,Dataset\Cattle Breeds\Nimari\Nimari_47.jpg,78ea0587ffe45a7870894d79323eb14cad13735519ffeab672089db3671370aa
Cattle_Nimari,train,train\Cattle_Nimari\e37577fd793a7572.jpg,Dataset\Cattle Breeds\Nimari\Nimari_43.jpg,e37577fd793a757223c3c5b704fad965a385004525dcf1c5bdbadea407e2584e
Cattle_Nimari,train,train\Cattle_Nimari\75bb1ff25ba63f4e.jpg,Dataset\Cattle Breeds\Nimari\Nimari_67.png,75bb1ff25ba63f4e1a6d3c3b8573e39588cf552d998a8da4f10b73c874ce15a8
Cattle_Nimari,train,train\Cattle_Nimari\113fb392e8f18831.jpg,Dataset\Cattle Breeds\Nimari\Nimari_74.png,113fb392e8f1883106d130e67a13008431f5c666c4708660cf17a5b872cb8456
Cattle_Nimari,train,train\Cattle_Nimari\9e0d717f4928a263.jpg,Dataset\Cattle Breeds\Nimari\Nimari_58.png,9e0d717f4928a263319abc42cdccdfe73e35d645ccf8cb4da25023f23ecd9d81
Cattle_Nimari,train,train\Cattle_Nimari\2cdc3170081c7223.jpg,Dataset\Cattle Breeds\Nimari\Nimari_33.jpg,2cdc3170081c722335b36a3c214800be5d7a39815f8e3880ed77839f0e24a66f
Cattle_Nimari,train,train\Cattle_Nimari\8bfa86d281a339c3.jpg,Dataset\Cattle Breeds\Nimari\Nimari_4.jpg,8bfa86d281a339c32d37aaedd5256f1dfaab60f6e192015137f8d989a400576e
Cattle_Nimari,train,train\Cattle_Nimari\6ab24ff2ecd60331.jpg,Dataset\Cattle Breeds\Nimari\Nimari_76.png,6ab24ff2ecd60331a19ae380cd32ed95c63926a8615dde63c4dfa978f8694113
Cattle_Nimari,train,train\Cattle_Nimari\00eb229256d0a19e.jpg,Dataset\Cattle Breeds\Nimari\Nimari_19.jpg,00eb229256d0a19e5614a439d3d8f71b2b5d78a6ea4169c641f03142fdca0816
Cattle_Nimari,train,train\Cattle_Nimari\82ffbffdee3fcfc3.jpg,Dataset\Cattle Breeds\Nimari\Nimari_12.jpg,82ffbffdee3fcfc34c5c985b9583fd7409976640f2988b62a3a247ff7eb2dfcc
Cattle_Nimari,train,train\Cattle_Nimari\9bffa8e8bba0c7ab.jpg,Dataset\Cattle Breeds\Nimari\Nimari_14.jpg,9bffa8e8bba0c7ab3959a1e3fe09b89e33569f4c70ee1b52bf3909f60f2ee9b0
Cattle_Nimari,train,train\Cattle_Nimari\a75b823697c47746.jpg,Dataset\Cattle Breeds\Nimari\Nimari_75.png,a75b823697c47746d205cecd25a2b9fd1588db3f5e7a5c9ae639578f18db023a
Cattle_Nimari,train,train\Cattle_Nimari\7b38079debe3eba1.jpg,Dataset\Cattle Breeds\Nimari\Nimari_49.jpg,7b38079debe3eba1f3db7bcffa4d1cb8a9ede5537abfb64c9bf863c601a9d272
Cattle_Nimari,train,train\Cattle_Nimari\6c094a8aa54de515.jpg,Dataset\Cattle Breeds\Nimari\Nimari_81.png,6c094a8aa54de515a9fcc0e1f53ca4b45a6a7dfe86f42e949604df6dc885e0a8
Cattle_Nimari,train,train\Cattle_Nimari\6242236d1fbe134f.jpg,Dataset\Cattle Breeds\Nimari\Nimari_27.jpg,6242236d1fbe134f4d8cc97a4503ae6bbdef448dbe611072be62f8f30c931c1d
Cattle_Nimari,train,train\Cattle_Nimari\2e3fa9e4d362e5e7.jpg,Dataset\Cattle Breeds\Nimari\Nimari_77.png,2e3fa9e4d362e5e72f42dbb7fcb2e2766e79ff1605920c52e11c760931334738
Cattle_Nimari,train,train\Cattle_Nimari\0db88b3eb1050c3e.jpg,Dataset\Cattle Breeds\Nimari\Nimari_78.png,0db88b3eb1050c3e9d6f34626cfecb495e2cfa69d22865b08ba9903f212bd899
Cattle_Nimari,train,train\Cattle_Nimari\1c333cf515d1790c.jpg,Dataset\Cattle Breeds\Nimari\Nimari_29.jpg,1c333cf515d1790c0eabcd27a5478b7e642f7dd03a4431695cf2b00f4cbbc290
Cattle_Nimari,train,train\Cattle_Nimari\810438a668c20434.jpg,Dataset\Cattle Breeds\Nimari\Nimari_68.png,810438a668c20434646387324e267ababd6d9f42f9f5ba6ff4b39d0b5754db50
Cattle_Nimari,train,train\Cattle_Nimari\7b65c347e70344c9.jpg,Dataset\Cattle Breeds\Nimari\Nimari_2.JPG,7b65c347e70344c98dbdb9d5a5a1f68dfc2463ee3a27553ae6cf56a1c9539a30
Cattle_Nimari,train,train\Cattle_Nimari\bc9c6455772f29fd.jpg,Dataset\Cattle Breeds\Nimari\Nimari_71.png,bc9c6455772f29fdd05ba0e8843ae8d08938b87f271a33395ad6dc40a926ac33
Cattle_Nimari,train,train\Cattle_Nimari\e1ed8bbffe63c1be.jpg,Dataset\Cattle Breeds\Nimari\Nimari_80.png,e1ed8bbffe63c1be110d0f9da9c6a96fe3fcb43a7e1f070367e58911b7b25e53
